date,games_played,avg_mov,blowouts,season
2001-10-31,12,9.583333333333334,1,2002
2001-11-01,5,8.8,1,2002
2001-11-02,8,6.25,0,2002
2001-11-03,10,12.9,1,2002
2001-11-04,15,9.933333333333334,2,2002
2001-11-05,1,22,1,2002
2001-11-06,2,13.5,1,2002
2001-11-07,9,11.88888888888889,0,2002
2001-11-08,7,14.714285714285714,1,2002
2001-11-09,8,18,2,2002
2001-11-10,8,12.5,2,2002
2001-11-11,11,13,2,2002
2001-11-12,1,11,0,2002
2001-11-13,3,7.666666666666667,0,2002
2001-11-14,8,5,0,2002
2001-11-15,7,12.428571428571429,1,2002
2001-11-16,5,14.2,1,2002
2001-11-17,10,14.9,3,2002
2001-11-18,13,10.76923076923077,1,2002
2001-11-20,3,14.333333333333334,1,2002
2001-11-21,7,8.857142857142858,1,2002
2001-11-22,11,10.909090909090908,2,2002
2001-11-23,3,5,0,2002
2001-11-24,12,10.416666666666666,0,2002
2001-11-25,13,8.076923076923077,0,2002
2001-11-27,4,5.25,0,2002
2001-11-28,8,12.75,1,2002
2001-11-29,9,12.333333333333334,2,2002
2001-11-30,4,9.25,0,2002
2001-12-01,11,9,1,2002
2001-12-02,13,14.384615384615385,3,2002
2001-12-04,4,18,1,2002
2001-12-05,8,13.75,2,2002
2001-12-06,7,12,1,2002
2001-12-07,4,10,1,2002
2001-12-08,10,12.4,1,2002
2001-12-09,14,9.785714285714286,2,2002
2001-12-11,2,8.5,0,2002
2001-12-12,11,8.272727272727273,1,2002
2001-12-13,6,12.833333333333334,2,2002
2001-12-14,5,8.2,1,2002
2001-12-15,8,14.625,2,2002
2001-12-16,15,10.533333333333333,3,2002
2001-12-17,1,18,0,2002
2001-12-18,2,10,0,2002
2001-12-19,9,11.11111111111111,1,2002
2001-12-20,9,12.222222222222221,1,2002
2001-12-21,4,6.25,0,2002
2001-12-22,10,9.7,1,2002
2001-12-23,15,13,4,2002
2001-12-25,2,7,0,2002
2001-12-27,13,9.538461538461538,1,2002
2001-12-28,6,12,1,2002
2001-12-29,9,7.666666666666667,0,2002
2001-12-30,12,13.666666666666666,3,2002
2001-12-31,3,4.333333333333333,0,2002
2002-01-01,3,13,1,2002
2002-01-03,10,13.6,1,2002
2002-01-04,3,7,0,2002
2002-01-05,10,11.7,2,2002
2002-01-06,14,8.714285714285714,1,2002
2002-01-07,1,8,0,2002
2002-01-08,7,16.285714285714285,2,2002
2002-01-09,9,10.11111111111111,1,2002
2002-01-10,6,12.333333333333334,1,2002
2002-01-11,6,10.5,1,2002
2002-01-12,9,9.88888888888889,0,2002
2002-01-13,12,11.75,3,2002
2002-01-14,1,32,1,2002
2002-01-15,5,16.4,2,2002
2002-01-16,9,6.666666666666667,0,2002
2002-01-17,8,14.375,2,2002
2002-01-18,5,5,0,2002
2002-01-19,10,8.7,1,2002
2002-01-20,11,10.181818181818182,2,2002
2002-01-21,8,12.75,1,2002
2002-01-22,4,9.5,0,2002
2002-01-23,8,9.875,0,2002
2002-01-24,8,11.875,2,2002
2002-01-25,7,11.428571428571429,1,2002
2002-01-26,8,11.375,1,2002
2002-01-27,10,9.8,2,2002
2002-01-29,2,8,0,2002
2002-01-30,11,12.272727272727273,2,2002
2002-01-31,5,10.6,0,2002
2002-02-01,7,7.285714285714286,1,2002
2002-02-02,13,7.615384615384615,1,2002
2002-02-03,9,10.666666666666666,1,2002
2002-02-04,2,3,0,2002
2002-02-05,4,19.5,2,2002
2002-02-06,10,6,1,2002
2002-02-07,6,10,0,2002
2002-02-08,6,6.666666666666667,0,2002
2002-02-10,1,15,0,2002
2002-02-13,11,11.636363636363637,1,2002
2002-02-14,8,14.125,1,2002
2002-02-15,5,9,0,2002
2002-02-16,10,7.4,1,2002
2002-02-17,13,11.461538461538462,2,2002
2002-02-18,2,8,0,2002
2002-02-19,6,13.833333333333334,2,2002
2002-02-20,6,10.666666666666666,1,2002
2002-02-21,8,10.625,1,2002
2002-02-22,8,11.375,1,2002
2002-02-23,9,9.88888888888889,1,2002
2002-02-24,11,11.090909090909092,1,2002
2002-02-25,3,10.666666666666666,0,2002
2002-02-26,4,7,0,2002
2002-02-27,7,14.571428571428571,2,2002
2002-02-28,9,10.88888888888889,0,2002
2002-03-01,4,18,1,2002
2002-03-02,10,9.1,0,2002
2002-03-03,14,10.357142857142858,1,2002
2002-03-04,2,8,0,2002
2002-03-05,4,13.75,0,2002
2002-03-06,11,10.818181818181818,2,2002
2002-03-07,6,8.166666666666666,1,2002
2002-03-08,6,8.166666666666666,0,2002
2002-03-09,11,9.181818181818182,1,2002
2002-03-10,13,11.384615384615385,3,2002
2002-03-11,1,6,0,2002
2002-03-12,7,10,1,2002
2002-03-13,8,15.375,2,2002
2002-03-14,7,6.142857142857143,1,2002
2002-03-15,5,14.8,1,2002
2002-03-16,8,11.125,1,2002
2002-03-17,15,9.666666666666666,1,2002
2002-03-18,1,5,0,2002
2002-03-19,5,5.8,0,2002
2002-03-20,10,13.5,2,2002
2002-03-21,6,17,2,2002
2002-03-22,7,16.857142857142858,3,2002
2002-03-23,8,15.625,2,2002
2002-03-24,15,9.666666666666666,1,2002
2002-03-26,6,5.833333333333333,0,2002
2002-03-27,9,12.88888888888889,1,2002
2002-03-28,8,7.125,0,2002
2002-03-29,6,13.166666666666666,3,2002
2002-03-30,11,10.454545454545455,2,2002
2002-03-31,14,8.428571428571429,1,2002
2002-04-01,1,4,0,2002
2002-04-03,10,10.3,2,2002
2002-04-04,9,9.88888888888889,1,2002
2002-04-05,6,10.5,2,2002
2002-04-06,12,8.75,1,2002
2002-04-07,10,13.6,3,2002
2002-04-08,9,8.222222222222221,0,2002
2002-04-09,10,11.2,1,2002
2002-04-10,7,10.142857142857142,1,2002
2002-04-11,6,4.666666666666667,0,2002
2002-04-12,10,11.5,1,2002
2002-04-13,8,10.75,1,2002
2002-04-14,7,8.857142857142858,0,2002
2002-04-15,4,9.75,1,2002
2002-04-16,10,12.4,2,2002
2002-04-17,15,12.4,2,2002
2002-10-30,4,13,1,2003
2002-10-31,13,9.153846153846153,1,2003
2002-11-01,3,26.666666666666668,2,2003
2002-11-02,10,11.7,1,2003
2002-11-03,15,9.6,0,2003
2002-11-05,6,8,1,2003
2002-11-06,7,10.571428571428571,1,2003
2002-11-07,10,7.3,1,2003
2002-11-08,3,11,1,2003
2002-11-09,10,12.4,2,2003
2002-11-10,13,11.615384615384615,2,2003
2002-11-12,4,12.25,0,2003
2002-11-13,9,11.555555555555555,2,2003
2002-11-14,6,6.166666666666667,0,2003
2002-11-15,3,9.666666666666666,1,2003
2002-11-16,12,9,1,2003
2002-11-17,13,13.692307692307692,3,2003
2002-11-18,1,16,0,2003
2002-11-19,5,16.8,3,2003
2002-11-20,8,13.125,2,2003
2002-11-21,11,9.818181818181818,0,2003
2002-11-22,1,4,0,2003
2002-11-23,12,13.083333333333334,2,2003
2002-11-24,14,8.642857142857142,1,2003
2002-11-25,1,18,0,2003
2002-11-26,2,13,1,2003
2002-11-27,7,5.714285714285714,0,2003
2002-11-28,12,14.833333333333334,3,2003
2002-11-29,2,10,0,2003
2002-11-30,12,9,0,2003
2002-12-01,14,10.642857142857142,3,2003
2002-12-03,5,13.8,1,2003
2002-12-04,7,17.428571428571427,3,2003
2002-12-05,11,8,0,2003
2002-12-06,2,17,0,2003
2002-12-07,12,12.416666666666666,2,2003
2002-12-08,12,14.5,4,2003
2002-12-10,5,7.4,0,2003
2002-12-11,7,15,2,2003
2002-12-12,9,7.222222222222222,0,2003
2002-12-13,2,11.5,0,2003
2002-12-14,11,14.363636363636363,3,2003
2002-12-15,15,11.666666666666666,2,2003
2002-12-17,7,11.285714285714286,1,2003
2002-12-18,7,10.285714285714286,1,2003
2002-12-19,11,7.909090909090909,0,2003
2002-12-20,2,14.5,1,2003
2002-12-21,12,9.583333333333334,1,2003
2002-12-22,13,8.461538461538462,1,2003
2002-12-23,1,8,0,2003
2002-12-24,8,6.875,0,2003
2002-12-25,3,15.666666666666666,1,2003
2002-12-27,3,5.333333333333333,0,2003
2002-12-28,10,13.1,3,2003
2002-12-29,12,14.083333333333334,3,2003
2002-12-30,2,15.5,0,2003
2002-12-31,13,9.307692307692308,1,2003
2003-01-01,4,16,2,2003
2003-01-02,2,22.5,2,2003
2003-01-03,2,14,0,2003
2003-01-04,10,8.1,1,2003
2003-01-05,12,9.5,1,2003
2003-01-06,1,3,0,2003
2003-01-07,10,8.4,0,2003
2003-01-08,4,15.25,2,2003
2003-01-09,11,8.545454545454545,0,2003
2003-01-10,2,19.5,1,2003
2003-01-11,14,8.357142857142858,1,2003
2003-01-12,12,8.166666666666666,1,2003
2003-01-13,1,2,0,2003
2003-01-14,6,11.833333333333334,1,2003
2003-01-15,6,11.666666666666666,1,2003
2003-01-16,10,14.8,4,2003
2003-01-17,2,11,0,2003
2003-01-18,11,8.909090909090908,0,2003
2003-01-19,10,5.6,0,2003
2003-01-20,9,11.555555555555555,1,2003
2003-01-21,3,2.6666666666666665,0,2003
2003-01-22,3,12.333333333333334,1,2003
2003-01-23,12,6,0,2003
2003-01-24,3,9,0,2003
2003-01-25,12,8.75,1,2003
2003-01-26,12,9.583333333333334,1,2003
2003-01-28,7,10.428571428571429,1,2003
2003-01-29,6,9,1,2003
2003-01-30,11,10.909090909090908,3,2003
2003-01-31,2,12.5,0,2003
2003-02-01,12,13,2,2003
2003-02-02,14,11.857142857142858,2,2003
2003-02-03,1,15,0,2003
2003-02-04,6,7.333333333333333,1,2003
2003-02-05,8,6.5,0,2003
2003-02-06,8,17.625,4,2003
2003-02-07,3,6.666666666666667,0,2003
2003-02-10,1,10,0,2003
2003-02-12,12,8.75,1,2003
2003-02-13,10,9.5,1,2003
2003-02-14,2,9,0,2003
2003-02-15,12,12,3,2003
2003-02-16,13,7.769230769230769,0,2003
2003-02-17,1,15,0,2003
2003-02-18,3,17,1,2003
2003-02-19,9,10.666666666666666,2,2003
2003-02-20,9,13.222222222222221,2,2003
2003-02-21,3,12.333333333333334,1,2003
2003-02-22,10,10.6,2,2003
2003-02-23,14,7.785714285714286,1,2003
2003-02-25,6,5.833333333333333,0,2003
2003-02-26,8,6.875,0,2003
2003-02-27,10,10.6,1,2003
2003-02-28,3,4.666666666666667,0,2003
2003-03-01,11,12.272727272727273,3,2003
2003-03-02,13,12.384615384615385,3,2003
2003-03-03,1,6,0,2003
2003-03-04,4,6.75,0,2003
2003-03-05,10,7.3,0,2003
2003-03-06,10,8.4,0,2003
2003-03-07,2,21,1,2003
2003-03-08,8,9.125,1,2003
2003-03-09,17,11.588235294117647,2,2003
2003-03-11,3,9.333333333333334,0,2003
2003-03-12,9,8.11111111111111,0,2003
2003-03-13,9,16,4,2003
2003-03-14,3,15.666666666666666,1,2003
2003-03-15,10,13.3,3,2003
2003-03-16,12,11.25,2,2003
2003-03-17,3,9,0,2003
2003-03-18,3,9.333333333333334,0,2003
2003-03-19,10,15.7,4,2003
2003-03-20,10,14.1,2,2003
2003-03-21,3,12.666666666666666,1,2003
2003-03-22,11,11.181818181818182,2,2003
2003-03-23,14,10,2,2003
2003-03-24,1,5,0,2003
2003-03-25,6,10,0,2003
2003-03-26,5,14.4,1,2003
2003-03-27,13,5.769230769230769,0,2003
2003-03-28,3,8.666666666666666,0,2003
2003-03-29,11,17.454545454545453,4,2003
2003-03-30,14,13.357142857142858,5,2003
2003-03-31,1,16,0,2003
2003-04-01,4,12.5,1,2003
2003-04-02,8,11.25,1,2003
2003-04-03,10,12,2,2003
2003-04-04,3,6,0,2003
2003-04-05,11,10,2,2003
2003-04-06,15,9.6,2,2003
2003-04-08,11,13,3,2003
2003-04-09,10,12,3,2003
2003-04-10,2,17,1,2003
2003-04-11,11,8.636363636363637,1,2003
2003-04-12,9,8,1,2003
2003-04-13,7,8.285714285714286,1,2003
2003-04-14,7,9.142857142857142,0,2003
2003-04-15,6,13.333333333333334,1,2003
2003-04-16,13,11.076923076923077,2,2003
2003-10-29,3,10.666666666666666,0,2004
2003-10-30,11,9.363636363636363,2,2004
2003-10-31,5,11.2,0,2004
2003-11-01,7,10.142857142857142,1,2004
2003-11-02,14,14.285714285714286,3,2004
2003-11-04,7,11.857142857142858,1,2004
2003-11-05,4,8.75,0,2004
2003-11-06,10,9.9,1,2004
2003-11-07,3,5,0,2004
2003-11-08,12,12.166666666666666,3,2004
2003-11-09,13,8.615384615384615,0,2004
2003-11-11,5,8.8,0,2004
2003-11-12,9,9.11111111111111,2,2004
2003-11-13,9,8.777777777777779,0,2004
2003-11-14,2,2.5,0,2004
2003-11-15,11,9.454545454545455,2,2004
2003-11-16,13,9.615384615384615,3,2004
2003-11-18,5,5.8,0,2004
2003-11-19,8,9.375,0,2004
2003-11-20,11,8,1,2004
2003-11-21,1,7,0,2004
2003-11-22,13,11.615384615384615,3,2004
2003-11-23,11,11,2,2004
2003-11-25,4,9.25,0,2004
2003-11-26,8,16.375,5,2004
2003-11-27,9,10.333333333333334,2,2004
2003-11-28,2,14.5,1,2004
2003-11-29,13,10.307692307692308,1,2004
2003-11-30,11,9.818181818181818,1,2004
2003-12-02,6,6.666666666666667,0,2004
2003-12-03,5,13,1,2004
2003-12-04,11,8.454545454545455,0,2004
2003-12-05,2,6,0,2004
2003-12-06,12,8.083333333333334,0,2004
2003-12-07,13,8.461538461538462,0,2004
2003-12-08,1,5,0,2004
2003-12-09,4,12.25,1,2004
2003-12-10,10,9.3,1,2004
2003-12-11,7,12,2,2004
2003-12-12,3,7.666666666666667,0,2004
2003-12-13,11,10.818181818181818,1,2004
2003-12-14,12,10.583333333333334,1,2004
2003-12-15,1,2,0,2004
2003-12-16,5,17.6,2,2004
2003-12-17,9,11.777777777777779,1,2004
2003-12-18,11,6.363636363636363,0,2004
2003-12-19,2,9,0,2004
2003-12-20,11,10.272727272727273,1,2004
2003-12-21,15,11.066666666666666,2,2004
2003-12-23,3,13.666666666666666,1,2004
2003-12-24,12,11.75,2,2004
2003-12-25,3,10.666666666666666,0,2004
2003-12-27,13,7.461538461538462,1,2004
2003-12-28,11,11.727272727272727,2,2004
2003-12-29,2,18,1,2004
2003-12-30,9,9.222222222222221,1,2004
2003-12-31,10,9.4,1,2004
2004-01-01,2,13,0,2004
2004-01-03,14,10.642857142857142,0,2004
2004-01-04,11,10.818181818181818,2,2004
2004-01-05,1,10,0,2004
2004-01-06,8,14.5,2,2004
2004-01-07,6,14.833333333333334,1,2004
2004-01-08,10,11.7,2,2004
2004-01-09,2,26.5,2,2004
2004-01-10,12,15.333333333333334,3,2004
2004-01-11,11,7.7272727272727275,1,2004
2004-01-12,1,4,0,2004
2004-01-13,4,5.75,0,2004
2004-01-14,10,10,0,2004
2004-01-15,8,10.5,1,2004
2004-01-16,6,10,0,2004
2004-01-17,10,11.6,3,2004
2004-01-18,11,6.363636363636363,0,2004
2004-01-19,10,9.3,1,2004
2004-01-20,2,9.5,0,2004
2004-01-21,6,9.666666666666666,1,2004
2004-01-22,9,10.11111111111111,1,2004
2004-01-23,3,13.666666666666666,0,2004
2004-01-24,13,9.23076923076923,1,2004
2004-01-25,13,9.153846153846153,0,2004
2004-01-27,6,5.666666666666667,0,2004
2004-01-28,5,8.8,0,2004
2004-01-29,12,8.166666666666666,1,2004
2004-01-30,3,7.666666666666667,0,2004
2004-01-31,11,8.818181818181818,1,2004
2004-02-01,12,6.583333333333333,1,2004
2004-02-03,9,12.88888888888889,2,2004
2004-02-04,6,11,0,2004
2004-02-05,10,9.8,1,2004
2004-02-06,2,14.5,1,2004
2004-02-07,13,10.153846153846153,2,2004
2004-02-08,12,9.916666666666666,2,2004
2004-02-09,2,9,0,2004
2004-02-10,4,5,0,2004
2004-02-11,9,11.11111111111111,0,2004
2004-02-12,9,12.555555555555555,2,2004
2004-02-13,3,16.333333333333332,2,2004
2004-02-16,1,4,0,2004
2004-02-18,11,13.909090909090908,3,2004
2004-02-19,9,10.88888888888889,1,2004
2004-02-20,2,6.5,0,2004
2004-02-21,11,11.272727272727273,2,2004
2004-02-22,15,11.266666666666667,3,2004
2004-02-23,1,2,0,2004
2004-02-24,4,6.25,0,2004
2004-02-25,9,10.88888888888889,1,2004
2004-02-26,10,7.5,0,2004
2004-02-27,4,9.75,1,2004
2004-02-28,11,8.454545454545455,1,2004
2004-02-29,12,11.75,2,2004
2004-03-01,2,9,0,2004
2004-03-02,5,9.2,1,2004
2004-03-03,6,5.666666666666667,0,2004
2004-03-04,11,11.636363636363637,2,2004
2004-03-05,3,10,0,2004
2004-03-06,11,6,0,2004
2004-03-07,14,13.714285714285714,5,2004
2004-03-08,1,9,0,2004
2004-03-09,4,7.25,0,2004
2004-03-10,9,10,1,2004
2004-03-11,11,13.272727272727273,1,2004
2004-03-12,1,18,0,2004
2004-03-13,11,10.727272727272727,1,2004
2004-03-14,13,11.538461538461538,1,2004
2004-03-15,3,14,1,2004
2004-03-16,2,10,0,2004
2004-03-17,8,10.25,1,2004
2004-03-18,8,9.5,2,2004
2004-03-19,3,13.666666666666666,1,2004
2004-03-20,12,11.916666666666666,1,2004
2004-03-21,15,10.8,3,2004
2004-03-23,5,15,2,2004
2004-03-24,7,7.714285714285714,0,2004
2004-03-25,10,9.4,1,2004
2004-03-26,3,8.666666666666666,0,2004
2004-03-27,11,12.636363636363637,2,2004
2004-03-28,15,13,4,2004
2004-03-30,7,5.285714285714286,0,2004
2004-03-31,5,14.8,1,2004
2004-04-01,10,11.9,1,2004
2004-04-02,3,8,0,2004
2004-04-03,12,12.5,2,2004
2004-04-04,13,9.923076923076923,1,2004
2004-04-05,2,14,0,2004
2004-04-06,9,9.777777777777779,1,2004
2004-04-07,9,12.555555555555555,2,2004
2004-04-08,3,17,2,2004
2004-04-09,10,9.6,0,2004
2004-04-10,9,10.444444444444445,1,2004
2004-04-11,6,8.833333333333334,0,2004
2004-04-12,11,10.909090909090908,2,2004
2004-04-13,4,5.75,0,2004
2004-04-14,13,10.923076923076923,2,2004
2004-04-15,1,3,0,2004
2004-11-03,3,9.333333333333334,0,2005
2004-11-04,13,13.615384615384615,4,2005
2004-11-05,3,5,0,2005
2004-11-06,10,10.7,2,2005
2004-11-07,15,15.066666666666666,4,2005
2004-11-09,3,5.666666666666667,0,2005
2004-11-10,11,10.363636363636363,2,2005
2004-11-11,10,14.3,4,2005
2004-11-12,3,11,1,2005
2004-11-13,10,12.9,2,2005
2004-11-14,14,7.357142857142857,0,2005
2004-11-16,2,11,0,2005
2004-11-17,8,8.5,0,2005
2004-11-18,11,10.545454545454545,0,2005
2004-11-19,3,8.666666666666666,0,2005
2004-11-20,10,7.6,0,2005
2004-11-21,14,9.214285714285714,0,2005
2004-11-22,2,19,1,2005
2004-11-23,4,5.75,0,2005
2004-11-24,10,8.5,0,2005
2004-11-25,9,10.666666666666666,1,2005
2004-11-26,4,7,0,2005
2004-11-27,12,9.75,1,2005
2004-11-28,14,11.714285714285714,2,2005
2004-11-30,3,12.333333333333334,0,2005
2004-12-01,9,9.333333333333334,1,2005
2004-12-02,11,14.545454545454545,3,2005
2004-12-03,2,13,0,2005
2004-12-04,9,11.777777777777779,3,2005
2004-12-05,15,12.333333333333334,5,2005
2004-12-07,8,10.125,1,2005
2004-12-08,7,9.428571428571429,0,2005
2004-12-09,10,10.8,2,2005
2004-12-10,3,2.6666666666666665,0,2005
2004-12-11,11,7.545454545454546,0,2005
2004-12-12,15,10.466666666666667,1,2005
2004-12-14,5,11.6,2,2005
2004-12-15,9,7,0,2005
2004-12-16,10,10.2,3,2005
2004-12-17,3,12,0,2005
2004-12-18,11,10.090909090909092,1,2005
2004-12-19,14,13.357142857142858,3,2005
2004-12-21,6,5.5,0,2005
2004-12-22,6,11.666666666666666,1,2005
2004-12-23,12,8.833333333333334,0,2005
2004-12-24,3,7.666666666666667,0,2005
2004-12-25,2,3.5,0,2005
2004-12-26,5,9.8,0,2005
2004-12-27,4,18.75,1,2005
2004-12-28,9,12.11111111111111,1,2005
2004-12-29,7,15.142857142857142,2,2005
2004-12-30,10,8.6,0,2005
2004-12-31,7,13.428571428571429,1,2005
2005-01-01,2,10.5,0,2005
2005-01-02,11,10.454545454545455,1,2005
2005-01-03,2,19,0,2005
2005-01-04,8,8.875,0,2005
2005-01-05,5,14.4,1,2005
2005-01-06,12,10.666666666666666,1,2005
2005-01-07,3,15.333333333333334,1,2005
2005-01-08,12,9.333333333333334,2,2005
2005-01-09,10,12.8,3,2005
2005-01-10,2,13,0,2005
2005-01-11,5,9.2,0,2005
2005-01-12,8,8.75,1,2005
2005-01-13,11,11.818181818181818,1,2005
2005-01-14,3,9,0,2005
2005-01-15,13,9.153846153846153,1,2005
2005-01-16,12,6.5,0,2005
2005-01-17,8,8.875,1,2005
2005-01-18,3,12.333333333333334,0,2005
2005-01-19,5,8.8,0,2005
2005-01-20,10,7.5,0,2005
2005-01-21,3,19.333333333333332,2,2005
2005-01-22,11,5.909090909090909,0,2005
2005-01-23,15,11.266666666666667,2,2005
2005-01-25,7,10.571428571428571,1,2005
2005-01-26,6,11.166666666666666,1,2005
2005-01-27,12,11.083333333333334,0,2005
2005-01-28,3,10,0,2005
2005-01-29,12,5.583333333333333,0,2005
2005-01-30,14,11.071428571428571,1,2005
2005-02-01,6,6.333333333333333,0,2005
2005-02-02,10,8.5,1,2005
2005-02-03,8,13,3,2005
2005-02-04,3,9,0,2005
2005-02-05,10,8.5,1,2005
2005-02-06,13,9.076923076923077,0,2005
2005-02-08,5,6.4,0,2005
2005-02-09,9,12,1,2005
2005-02-10,10,6.3,0,2005
2005-02-11,3,11.666666666666666,1,2005
2005-02-12,12,8.75,0,2005
2005-02-13,14,8.857142857142858,2,2005
2005-02-14,1,1,0,2005
2005-02-15,5,7.6,1,2005
2005-02-16,8,9.5,1,2005
2005-02-17,10,13.2,2,2005
2005-02-18,2,6,0,2005
2005-02-21,1,10,0,2005
2005-02-23,8,10.75,1,2005
2005-02-24,11,12.727272727272727,1,2005
2005-02-25,3,9,0,2005
2005-02-26,10,8.7,2,2005
2005-02-27,15,6.4,1,2005
2005-02-28,1,9,0,2005
2005-03-01,5,2.2,0,2005
2005-03-02,6,14.166666666666666,2,2005
2005-03-03,11,8.454545454545455,1,2005
2005-03-04,2,9.5,0,2005
2005-03-05,12,11.166666666666666,3,2005
2005-03-06,13,10.76923076923077,2,2005
2005-03-07,2,18,1,2005
2005-03-08,5,7.4,0,2005
2005-03-09,10,9.3,0,2005
2005-03-10,6,6.333333333333333,0,2005
2005-03-11,2,11,0,2005
2005-03-12,11,11.272727272727273,3,2005
2005-03-13,13,8.76923076923077,0,2005
2005-03-14,2,8.5,0,2005
2005-03-15,7,16.428571428571427,3,2005
2005-03-16,6,10.666666666666666,0,2005
2005-03-17,11,14.545454545454545,2,2005
2005-03-18,3,6.666666666666667,0,2005
2005-03-19,13,10.76923076923077,0,2005
2005-03-20,14,7.571428571428571,0,2005
2005-03-21,1,11,0,2005
2005-03-22,5,11.2,0,2005
2005-03-23,8,12.375,1,2005
2005-03-24,8,13,2,2005
2005-03-25,7,11,1,2005
2005-03-26,11,11.545454545454545,2,2005
2005-03-27,13,6.230769230769231,0,2005
2005-03-29,11,8.090909090909092,0,2005
2005-03-30,4,8.75,0,2005
2005-03-31,11,12.454545454545455,1,2005
2005-04-01,3,9,0,2005
2005-04-02,13,11.384615384615385,0,2005
2005-04-03,15,10,3,2005
2005-04-05,12,13.5,3,2005
2005-04-06,9,10.555555555555555,2,2005
2005-04-07,4,21.75,2,2005
2005-04-08,10,11.5,1,2005
2005-04-09,11,8.363636363636363,0,2005
2005-04-10,6,7.666666666666667,0,2005
2005-04-11,9,9.444444444444445,1,2005
2005-04-12,5,9.6,0,2005
2005-04-13,9,9.11111111111111,1,2005
2005-04-14,2,11.5,0,2005
2005-04-15,12,13,3,2005
2005-04-16,9,14.222222222222221,3,2005
2005-04-17,9,8.222222222222221,1,2005
2005-04-18,8,12.625,2,2005
2005-04-19,8,12,1,2005
2005-04-20,14,13.857142857142858,5,2005
2005-11-02,4,12.25,1,2006
2005-11-03,14,11.928571428571429,3,2006
2005-11-04,2,6.5,0,2006
2005-11-05,10,13.9,2,2006
2005-11-06,15,7.866666666666666,2,2006
2005-11-08,5,8.2,0,2006
2005-11-09,5,10.8,1,2006
2005-11-10,12,9.75,1,2006
2005-11-11,3,6,0,2006
2005-11-12,10,14.3,2,2006
2005-11-13,13,8.307692307692308,1,2006
2005-11-14,1,11,0,2006
2005-11-15,3,13.666666666666666,0,2006
2005-11-16,11,14.454545454545455,3,2006
2005-11-17,9,10.555555555555555,1,2006
2005-11-18,2,7.5,0,2006
2005-11-19,12,10.25,1,2006
2005-11-20,12,9.75,1,2006
2005-11-21,2,13.5,0,2006
2005-11-22,4,9.5,1,2006
2005-11-23,7,9.714285714285714,1,2006
2005-11-24,10,12.1,3,2006
2005-11-25,2,17,1,2006
2005-11-26,14,6.642857142857143,0,2006
2005-11-27,10,9.8,2,2006
2005-11-29,5,8.8,0,2006
2005-11-30,8,13.375,2,2006
2005-12-01,11,11.727272727272727,2,2006
2005-12-02,2,3,0,2006
2005-12-03,12,7.916666666666667,2,2006
2005-12-04,14,9.5,1,2006
2005-12-06,4,14.25,1,2006
2005-12-07,9,14.666666666666666,1,2006
2005-12-08,10,9.9,0,2006
2005-12-09,2,17.5,1,2006
2005-12-10,10,7.9,0,2006
2005-12-11,15,10.2,0,2006
2005-12-13,5,8.4,1,2006
2005-12-14,7,8.285714285714286,1,2006
2005-12-15,12,10.5,0,2006
2005-12-16,3,5.666666666666667,0,2006
2005-12-17,12,10.333333333333334,1,2006
2005-12-18,13,12.461538461538462,4,2006
2005-12-19,1,7,0,2006
2005-12-20,5,5.6,0,2006
2005-12-21,8,15.875,3,2006
2005-12-22,9,13,1,2006
2005-12-23,2,9,0,2006
2005-12-24,14,8.857142857142858,1,2006
2005-12-25,2,10,0,2006
2005-12-27,10,10.2,1,2006
2005-12-28,8,8.25,0,2006
2005-12-29,9,6.222222222222222,0,2006
2005-12-30,3,13,1,2006
2005-12-31,16,8.125,1,2006
2006-01-01,4,11.75,1,2006
2006-01-03,5,10.8,0,2006
2006-01-04,7,11.285714285714286,0,2006
2006-01-05,9,15.222222222222221,4,2006
2006-01-06,2,9.5,0,2006
2006-01-07,13,12.846153846153847,4,2006
2006-01-08,13,10.538461538461538,3,2006
2006-01-09,1,2,0,2006
2006-01-10,5,6.8,0,2006
2006-01-11,9,7.555555555555555,0,2006
2006-01-12,10,12.1,2,2006
2006-01-13,3,9.666666666666666,0,2006
2006-01-14,9,8.88888888888889,0,2006
2006-01-15,14,11.357142857142858,4,2006
2006-01-16,9,11.444444444444445,1,2006
2006-01-17,3,12.333333333333334,0,2006
2006-01-18,2,21,1,2006
2006-01-19,12,9.416666666666666,2,2006
2006-01-20,2,17.5,1,2006
2006-01-21,13,11.384615384615385,3,2006
2006-01-22,15,10.333333333333334,2,2006
2006-01-24,6,10,0,2006
2006-01-25,6,18.166666666666668,3,2006
2006-01-26,12,11.583333333333334,2,2006
2006-01-27,3,6.666666666666667,0,2006
2006-01-28,12,7.75,1,2006
2006-01-29,14,11.785714285714286,1,2006
2006-01-30,1,1,0,2006
2006-01-31,8,10.5,1,2006
2006-02-01,6,13.333333333333334,2,2006
2006-02-02,13,8.615384615384615,1,2006
2006-02-03,2,15.5,1,2006
2006-02-04,9,11.11111111111111,1,2006
2006-02-05,13,11.846153846153847,1,2006
2006-02-07,9,7.777777777777778,0,2006
2006-02-08,4,6.75,0,2006
2006-02-09,12,9.416666666666666,1,2006
2006-02-10,2,27,1,2006
2006-02-11,12,12.166666666666666,1,2006
2006-02-12,13,10.76923076923077,2,2006
2006-02-13,2,6.5,0,2006
2006-02-14,7,9,1,2006
2006-02-15,5,15.6,1,2006
2006-02-16,14,9.142857142857142,1,2006
2006-02-17,1,34,1,2006
2006-02-20,1,2,0,2006
2006-02-22,12,14.333333333333334,4,2006
2006-02-23,9,7.333333333333333,1,2006
2006-02-24,3,12,1,2006
2006-02-25,12,6.416666666666667,0,2006
2006-02-26,13,10,1,2006
2006-02-28,11,13.636363636363637,3,2006
2006-03-01,3,12,0,2006
2006-03-02,14,7.928571428571429,1,2006
2006-03-03,1,9,0,2006
2006-03-04,11,6.7272727272727275,0,2006
2006-03-05,12,11.666666666666666,2,2006
2006-03-06,2,18.5,0,2006
2006-03-07,6,10.833333333333334,1,2006
2006-03-08,8,7.875,0,2006
2006-03-09,10,6.3,1,2006
2006-03-10,3,15,1,2006
2006-03-11,9,10.555555555555555,1,2006
2006-03-12,17,7.882352941176471,0,2006
2006-03-14,5,9.6,0,2006
2006-03-15,9,16.333333333333332,2,2006
2006-03-16,10,10.4,1,2006
2006-03-17,3,5,0,2006
2006-03-18,12,7,0,2006
2006-03-19,12,8.083333333333334,0,2006
2006-03-20,1,11,0,2006
2006-03-21,4,7.5,0,2006
2006-03-22,10,11.3,1,2006
2006-03-23,9,10.666666666666666,1,2006
2006-03-24,6,7.5,0,2006
2006-03-25,11,14,2,2006
2006-03-26,14,7.857142857142857,0,2006
2006-03-27,1,5,0,2006
2006-03-28,4,21.25,2,2006
2006-03-29,7,9.428571428571429,1,2006
2006-03-30,11,12.090909090909092,2,2006
2006-03-31,2,10.5,0,2006
2006-04-01,13,7.769230769230769,0,2006
2006-04-02,15,12.266666666666667,2,2006
2006-04-04,13,13.692307692307692,4,2006
2006-04-05,10,6.9,0,2006
2006-04-06,1,11,0,2006
2006-04-07,13,8,0,2006
2006-04-08,7,11.285714285714286,1,2006
2006-04-09,10,9.8,1,2006
2006-04-10,7,8.857142857142858,0,2006
2006-04-11,6,10.166666666666666,0,2006
2006-04-12,11,8.545454545454545,2,2006
2006-04-13,3,16,1,2006
2006-04-14,11,7.454545454545454,0,2006
2006-04-15,7,8.428571428571429,0,2006
2006-04-16,8,15.5,2,2006
2006-04-17,10,15,4,2006
2006-04-18,5,6.2,0,2006
2006-04-19,14,9.857142857142858,2,2006
2006-11-01,2,25,1,2007
2006-11-02,13,8,0,2007
2006-11-03,2,3.5,0,2007
2006-11-04,13,8,0,2007
2006-11-05,14,11.642857142857142,2,2007
2006-11-07,7,10,1,2007
2006-11-08,6,6.666666666666667,0,2007
2006-11-09,11,8.272727272727273,1,2007
2006-11-10,3,10.333333333333334,0,2007
2006-11-11,10,8.3,0,2007
2006-11-12,14,10,1,2007
2006-11-13,1,22,1,2007
2006-11-14,3,5,0,2007
2006-11-15,9,9.666666666666666,1,2007
2006-11-16,8,11.375,2,2007
2006-11-17,2,6.5,0,2007
2006-11-18,10,14.3,2,2007
2006-11-19,15,8.2,0,2007
2006-11-21,7,7.571428571428571,0,2007
2006-11-22,8,11,2,2007
2006-11-23,12,7.25,0,2007
2006-11-25,13,9.384615384615385,1,2007
2006-11-26,16,12.4375,2,2007
2006-11-28,4,10,0,2007
2006-11-29,9,9.222222222222221,0,2007
2006-11-30,9,8.88888888888889,0,2007
2006-12-01,2,16,1,2007
2006-12-02,10,8.1,0,2007
2006-12-03,14,9.857142857142858,2,2007
2006-12-05,7,15,1,2007
2006-12-06,6,15.333333333333334,2,2007
2006-12-07,10,11,2,2007
2006-12-08,3,5.333333333333333,0,2007
2006-12-09,12,13.25,3,2007
2006-12-10,14,12.571428571428571,4,2007
2006-12-12,9,13.666666666666666,3,2007
2006-12-13,4,8.75,0,2007
2006-12-14,13,12.846153846153847,2,2007
2006-12-15,3,12.666666666666666,1,2007
2006-12-16,12,10.083333333333334,1,2007
2006-12-17,15,7.4,1,2007
2006-12-19,6,7.666666666666667,0,2007
2006-12-20,2,11,0,2007
2006-12-21,12,7,1,2007
2006-12-22,2,11.5,0,2007
2006-12-23,13,10.153846153846153,1,2007
2006-12-24,11,16.09090909090909,4,2007
2006-12-25,1,16,0,2007
2006-12-27,11,10.363636363636363,1,2007
2006-12-28,11,13.818181818181818,3,2007
2006-12-29,3,13,1,2007
2006-12-30,13,10.76923076923077,2,2007
2006-12-31,14,12,2,2007
2007-01-01,2,5,0,2007
2007-01-02,2,7,0,2007
2007-01-03,7,9.285714285714286,1,2007
2007-01-04,9,7.777777777777778,0,2007
2007-01-05,3,12.333333333333334,1,2007
2007-01-06,12,13.75,2,2007
2007-01-07,14,8.714285714285714,1,2007
2007-01-09,3,9.666666666666666,0,2007
2007-01-10,8,11.375,0,2007
2007-01-11,12,12.333333333333334,2,2007
2007-01-12,2,11,0,2007
2007-01-13,12,8.666666666666666,1,2007
2007-01-14,11,11.909090909090908,1,2007
2007-01-15,10,9.4,0,2007
2007-01-16,1,6,0,2007
2007-01-17,3,8,0,2007
2007-01-18,11,9.454545454545455,0,2007
2007-01-19,2,11,0,2007
2007-01-20,12,11.833333333333334,4,2007
2007-01-21,13,10.23076923076923,1,2007
2007-01-23,9,11,1,2007
2007-01-24,6,12.666666666666666,1,2007
2007-01-25,11,4.363636363636363,0,2007
2007-01-26,2,6,0,2007
2007-01-27,12,9.5,2,2007
2007-01-28,14,10.214285714285714,1,2007
2007-01-29,1,22,1,2007
2007-01-30,7,9.142857142857142,1,2007
2007-01-31,6,15.666666666666666,3,2007
2007-02-01,13,12.23076923076923,3,2007
2007-02-02,2,9.5,0,2007
2007-02-03,10,11.8,2,2007
2007-02-04,13,8.384615384615385,0,2007
2007-02-06,9,10.88888888888889,2,2007
2007-02-07,5,7.8,0,2007
2007-02-08,10,12.4,2,2007
2007-02-09,3,10.666666666666666,0,2007
2007-02-10,11,9.090909090909092,2,2007
2007-02-11,16,11.875,3,2007
2007-02-13,3,18.666666666666668,1,2007
2007-02-14,7,8.714285714285714,1,2007
2007-02-15,13,11.76923076923077,2,2007
2007-02-16,2,4.5,0,2007
2007-02-19,1,21,1,2007
2007-02-21,10,11,2,2007
2007-02-22,11,8.454545454545455,2,2007
2007-02-23,3,7,0,2007
2007-02-24,13,10.846153846153847,2,2007
2007-02-25,12,12.916666666666666,2,2007
2007-02-26,1,17,0,2007
2007-02-27,10,10.7,2,2007
2007-02-28,5,15.6,2,2007
2007-03-01,10,12.1,1,2007
2007-03-02,3,14,1,2007
2007-03-03,12,12,3,2007
2007-03-04,13,9.76923076923077,3,2007
2007-03-05,1,14,0,2007
2007-03-06,6,14.666666666666666,1,2007
2007-03-07,7,9.714285714285714,1,2007
2007-03-08,10,14.6,4,2007
2007-03-09,2,15.5,1,2007
2007-03-10,8,11.375,1,2007
2007-03-11,16,10.8125,1,2007
2007-03-12,5,15,1,2007
2007-03-13,9,8.444444444444445,1,2007
2007-03-14,9,11.11111111111111,2,2007
2007-03-15,2,6.5,0,2007
2007-03-16,11,10.727272727272727,3,2007
2007-03-17,8,10,2,2007
2007-03-18,8,17.625,2,2007
2007-03-19,2,20.5,1,2007
2007-03-20,9,10.777777777777779,1,2007
2007-03-21,8,7.5,0,2007
2007-03-22,6,6.833333333333333,0,2007
2007-03-23,12,13,4,2007
2007-03-24,4,7.5,0,2007
2007-03-25,8,12.25,2,2007
2007-03-26,10,13.7,1,2007
2007-03-27,4,9.25,0,2007
2007-03-28,11,7.909090909090909,1,2007
2007-03-29,3,3.6666666666666665,0,2007
2007-03-30,10,10.4,1,2007
2007-03-31,6,7.166666666666667,0,2007
2007-04-01,12,9.083333333333334,2,2007
2007-04-03,9,11.444444444444445,1,2007
2007-04-04,10,8.8,0,2007
2007-04-05,2,4.5,0,2007
2007-04-06,12,9.333333333333334,1,2007
2007-04-07,10,7.5,1,2007
2007-04-08,7,8.285714285714286,0,2007
2007-04-09,8,12.625,2,2007
2007-04-10,7,10,1,2007
2007-04-11,8,9.25,0,2007
2007-04-12,2,6.5,0,2007
2007-04-13,12,12.333333333333334,0,2007
2007-04-14,8,17,3,2007
2007-04-15,9,9.555555555555555,1,2007
2007-04-16,8,11.125,1,2007
2007-04-17,6,12.833333333333334,1,2007
2007-04-18,13,13.538461538461538,5,2007
2007-04-19,1,3,0,2007
2007-10-30,3,10.666666666666666,1,2008
2007-10-31,6,10.5,0,2008
2007-11-01,4,13.25,0,2008
2007-11-02,13,13.076923076923077,4,2008
2007-11-03,8,13.25,3,2008
2007-11-04,7,7,0,2008
2007-11-05,1,1,0,2008
2007-11-06,1,9,0,2008
2007-11-07,10,11.7,2,2008
2007-11-08,9,12.444444444444445,2,2008
2007-11-09,3,3.6666666666666665,0,2008
2007-11-10,13,12.076923076923077,3,2008
2007-11-11,13,11.384615384615385,3,2008
2007-11-12,1,25,1,2008
2007-11-13,3,16,2,2008
2007-11-14,8,14,1,2008
2007-11-15,13,8.76923076923077,1,2008
2007-11-16,2,11.5,0,2008
2007-11-17,12,8.75,1,2008
2007-11-18,14,14,3,2008
2007-11-20,4,15,1,2008
2007-11-21,9,12.444444444444445,3,2008
2007-11-22,12,10.583333333333334,1,2008
2007-11-24,14,9.571428571428571,1,2008
2007-11-25,13,9.461538461538462,2,2008
2007-11-27,7,11.571428571428571,0,2008
2007-11-28,7,9.714285714285714,1,2008
2007-11-29,10,13,1,2008
2007-11-30,3,30.666666666666668,2,2008
2007-12-01,11,9.181818181818182,1,2008
2007-12-02,14,13.928571428571429,5,2008
2007-12-03,1,11,0,2008
2007-12-04,6,8.166666666666666,0,2008
2007-12-05,6,12.666666666666666,2,2008
2007-12-06,11,11.727272727272727,1,2008
2007-12-07,3,6.666666666666667,0,2008
2007-12-08,11,9.545454545454545,1,2008
2007-12-09,13,9.538461538461538,1,2008
2007-12-10,1,15,0,2008
2007-12-11,5,8,0,2008
2007-12-12,8,13.125,1,2008
2007-12-13,11,8.818181818181818,0,2008
2007-12-14,2,9,0,2008
2007-12-15,12,9.916666666666666,1,2008
2007-12-16,15,10.733333333333333,3,2008
2007-12-18,8,8.625,1,2008
2007-12-19,3,6.666666666666667,0,2008
2007-12-20,13,8.692307692307692,0,2008
2007-12-21,3,3,0,2008
2007-12-22,10,12.8,2,2008
2007-12-23,14,10,1,2008
2007-12-25,3,10.333333333333334,0,2008
2007-12-26,1,11,0,2008
2007-12-27,10,13.4,2,2008
2007-12-28,3,11.666666666666666,1,2008
2007-12-29,13,10.076923076923077,1,2008
2007-12-30,13,13.23076923076923,2,2008
2007-12-31,7,15.857142857142858,2,2008
2008-01-01,2,6.5,0,2008
2008-01-03,12,9.75,1,2008
2008-01-04,3,5.666666666666667,0,2008
2008-01-05,12,11.75,3,2008
2008-01-06,14,9.928571428571429,2,2008
2008-01-08,2,15.5,1,2008
2008-01-09,9,11.222222222222221,1,2008
2008-01-10,11,12.454545454545455,1,2008
2008-01-11,3,11.666666666666666,1,2008
2008-01-12,11,12.363636363636363,3,2008
2008-01-13,12,7.083333333333333,1,2008
2008-01-14,1,24,1,2008
2008-01-15,7,8,1,2008
2008-01-16,8,9.625,0,2008
2008-01-17,8,15.375,3,2008
2008-01-18,3,7,0,2008
2008-01-19,10,16.3,4,2008
2008-01-20,12,11,2,2008
2008-01-21,10,10.4,0,2008
2008-01-22,3,8.666666666666666,0,2008
2008-01-23,2,21.5,1,2008
2008-01-24,12,13.75,3,2008
2008-01-25,3,5,0,2008
2008-01-26,14,10.714285714285714,1,2008
2008-01-27,13,5.923076923076923,1,2008
2008-01-29,4,14,1,2008
2008-01-30,10,11,2,2008
2008-01-31,9,18.11111111111111,2,2008
2008-02-01,4,4,0,2008
2008-02-02,9,12.222222222222221,3,2008
2008-02-03,10,11.5,1,2008
2008-02-05,9,12.11111111111111,2,2008
2008-02-06,5,10.6,1,2008
2008-02-07,11,7.090909090909091,0,2008
2008-02-08,3,12.666666666666666,0,2008
2008-02-09,11,7.545454545454546,0,2008
2008-02-10,12,13.416666666666666,3,2008
2008-02-11,2,15.5,1,2008
2008-02-12,7,7.285714285714286,0,2008
2008-02-13,7,6.428571428571429,0,2008
2008-02-14,13,11.384615384615385,2,2008
2008-02-15,2,9.5,0,2008
2008-02-18,1,6,0,2008
2008-02-20,10,13.8,2,2008
2008-02-21,10,12.4,1,2008
2008-02-22,3,5.666666666666667,0,2008
2008-02-23,13,11.153846153846153,2,2008
2008-02-24,14,14.857142857142858,4,2008
2008-02-25,1,13,0,2008
2008-02-26,6,10.5,1,2008
2008-02-27,8,12.875,2,2008
2008-02-28,10,14.4,3,2008
2008-02-29,3,11.666666666666666,0,2008
2008-03-01,12,10.583333333333334,2,2008
2008-03-02,15,12.533333333333333,4,2008
2008-03-03,1,14,0,2008
2008-03-04,3,14.666666666666666,1,2008
2008-03-05,8,12.25,1,2008
2008-03-06,13,15.538461538461538,3,2008
2008-03-07,2,13,0,2008
2008-03-08,13,15.538461538461538,4,2008
2008-03-09,13,11.461538461538462,4,2008
2008-03-10,8,11.5,1,2008
2008-03-11,6,10.666666666666666,1,2008
2008-03-12,11,14.090909090909092,5,2008
2008-03-13,2,9.5,0,2008
2008-03-14,10,13.2,2,2008
2008-03-15,9,10.88888888888889,2,2008
2008-03-16,7,19.142857142857142,3,2008
2008-03-17,8,11.5,0,2008
2008-03-18,6,11.666666666666666,0,2008
2008-03-19,10,13.3,3,2008
2008-03-20,3,14,1,2008
2008-03-21,11,12.272727272727273,1,2008
2008-03-22,11,9.909090909090908,1,2008
2008-03-23,3,6.666666666666667,0,2008
2008-03-24,9,9,0,2008
2008-03-25,6,13.666666666666666,2,2008
2008-03-26,12,10.166666666666666,2,2008
2008-03-27,2,14.5,0,2008
2008-03-28,12,11.083333333333334,2,2008
2008-03-29,6,8.5,0,2008
2008-03-30,9,10.88888888888889,2,2008
2008-03-31,6,17.5,2,2008
2008-04-01,8,7.875,1,2008
2008-04-02,9,13.333333333333334,1,2008
2008-04-03,3,15.333333333333334,1,2008
2008-04-04,10,12.8,3,2008
2008-04-05,8,12.75,1,2008
2008-04-06,10,12.4,2,2008
2008-04-08,10,10.2,0,2008
2008-04-09,9,17,4,2008
2008-04-10,4,14.25,1,2008
2008-04-11,11,11.636363636363637,2,2008
2008-04-12,10,11.9,2,2008
2008-04-13,6,12.833333333333334,2,2008
2008-04-14,8,8,0,2008
2008-04-15,6,16.5,3,2008
2008-04-16,13,11,1,2008
2008-04-17,1,29,1,2008
2008-10-29,7,11.142857142857142,1,2009
2008-10-30,9,11,1,2009
2008-10-31,5,16.4,2,2009
2008-11-01,10,9.9,0,2009
2008-11-02,9,10.666666666666666,1,2009
2008-11-03,1,3,0,2009
2008-11-04,6,16.833333333333332,1,2009
2008-11-05,3,16.333333333333332,1,2009
2008-11-06,13,10,1,2009
2008-11-07,2,6,0,2009
2008-11-08,13,9.153846153846153,0,2009
2008-11-09,10,11.6,1,2009
2008-11-10,4,15,1,2009
2008-11-11,5,6.4,0,2009
2008-11-12,8,7.75,0,2009
2008-11-13,11,10.181818181818182,1,2009
2008-11-14,3,7.666666666666667,0,2009
2008-11-15,13,7.769230769230769,1,2009
2008-11-16,10,10.7,1,2009
2008-11-17,3,8.666666666666666,0,2009
2008-11-18,3,8.666666666666666,0,2009
2008-11-19,10,12.3,1,2009
2008-11-20,10,12.5,2,2009
2008-11-21,2,15.5,0,2009
2008-11-22,13,12.384615384615385,3,2009
2008-11-23,12,11.25,1,2009
2008-11-24,2,11.5,0,2009
2008-11-25,7,7.428571428571429,0,2009
2008-11-26,5,14.6,2,2009
2008-11-27,13,11.461538461538462,2,2009
2008-11-28,2,9.5,0,2009
2008-11-29,11,12.454545454545455,2,2009
2008-11-30,13,11.307692307692308,1,2009
2008-12-01,3,10.333333333333334,0,2009
2008-12-02,3,10,0,2009
2008-12-03,8,11.75,2,2009
2008-12-04,11,11.818181818181818,1,2009
2008-12-05,2,16,0,2009
2008-12-06,11,13.636363636363637,3,2009
2008-12-07,13,13.538461538461538,4,2009
2008-12-08,1,13,0,2009
2008-12-09,4,8.25,0,2009
2008-12-10,9,9.333333333333334,1,2009
2008-12-11,9,11.11111111111111,1,2009
2008-12-12,3,16,1,2009
2008-12-13,11,10.545454545454545,1,2009
2008-12-14,12,11.916666666666666,1,2009
2008-12-15,2,8.5,0,2009
2008-12-16,9,11,1,2009
2008-12-17,6,12,1,2009
2008-12-18,9,9.555555555555555,1,2009
2008-12-19,2,8.5,0,2009
2008-12-20,12,14.083333333333334,3,2009
2008-12-21,13,9.692307692307692,1,2009
2008-12-22,1,11,0,2009
2008-12-23,6,18.333333333333332,3,2009
2008-12-24,12,9.666666666666666,0,2009
2008-12-25,3,10,1,2009
2008-12-26,3,8.333333333333334,0,2009
2008-12-27,9,7.111111111111111,0,2009
2008-12-28,10,11.7,2,2009
2008-12-29,4,17.75,1,2009
2008-12-30,8,10,0,2009
2008-12-31,11,7.818181818181818,0,2009
2009-01-01,4,6.5,0,2009
2009-01-03,16,11.875,4,2009
2009-01-04,11,7,1,2009
2009-01-05,1,14,0,2009
2009-01-06,5,10,1,2009
2009-01-07,8,7.625,0,2009
2009-01-08,12,12.583333333333334,3,2009
2009-01-09,2,13.5,1,2009
2009-01-10,12,13,4,2009
2009-01-11,9,10.333333333333334,1,2009
2009-01-12,4,5,0,2009
2009-01-13,6,7.166666666666667,0,2009
2009-01-14,7,9.142857142857142,1,2009
2009-01-15,11,10.727272727272727,3,2009
2009-01-16,3,7,0,2009
2009-01-17,11,10,2,2009
2009-01-18,9,7.888888888888889,0,2009
2009-01-19,10,6.3,1,2009
2009-01-20,3,17,0,2009
2009-01-21,4,11.25,0,2009
2009-01-22,11,11.636363636363637,1,2009
2009-01-23,2,15,1,2009
2009-01-24,10,13.3,5,2009
2009-01-25,11,9.545454545454545,1,2009
2009-01-26,4,10.25,1,2009
2009-01-27,7,13.428571428571429,1,2009
2009-01-28,5,11.8,1,2009
2009-01-29,12,12.666666666666666,3,2009
2009-01-30,2,10.5,0,2009
2009-01-31,11,13,2,2009
2009-02-01,14,11.285714285714286,1,2009
2009-02-03,8,17.375,2,2009
2009-02-04,6,8.833333333333334,0,2009
2009-02-05,11,11.181818181818182,2,2009
2009-02-06,3,11.333333333333334,1,2009
2009-02-07,9,10.444444444444445,2,2009
2009-02-08,13,11.461538461538462,2,2009
2009-02-09,4,9.25,1,2009
2009-02-10,4,13.75,1,2009
2009-02-11,9,12.11111111111111,1,2009
2009-02-12,12,8.833333333333334,0,2009
2009-02-13,3,5.333333333333333,0,2009
2009-02-16,1,27,1,2009
2009-02-18,10,13.2,2,2009
2009-02-19,11,12.818181818181818,2,2009
2009-02-20,2,4.5,0,2009
2009-02-21,12,11.916666666666666,2,2009
2009-02-22,11,17.545454545454547,6,2009
2009-02-23,2,12,1,2009
2009-02-24,6,13.833333333333334,1,2009
2009-02-25,8,12.25,0,2009
2009-02-26,11,8.636363636363637,1,2009
2009-02-27,2,22.5,1,2009
2009-02-28,13,9.923076923076923,3,2009
2009-03-01,10,7.5,0,2009
2009-03-02,6,9.166666666666666,0,2009
2009-03-03,5,12,1,2009
2009-03-04,8,11.125,1,2009
2009-03-05,10,9.6,2,2009
2009-03-06,2,16,0,2009
2009-03-07,10,11.1,2,2009
2009-03-08,15,8.133333333333333,0,2009
2009-03-09,4,6.25,0,2009
2009-03-10,4,10.5,0,2009
2009-03-11,11,9.090909090909092,1,2009
2009-03-12,5,10.4,1,2009
2009-03-13,8,7.5,0,2009
2009-03-14,6,8.166666666666666,0,2009
2009-03-15,14,10.571428571428571,1,2009
2009-03-16,3,17.333333333333332,2,2009
2009-03-17,6,12.5,2,2009
2009-03-18,10,9.4,1,2009
2009-03-19,8,9.25,1,2009
2009-03-20,6,10.5,1,2009
2009-03-21,10,11.6,1,2009
2009-03-22,10,12.6,2,2009
2009-03-23,6,9.166666666666666,0,2009
2009-03-24,2,4.5,0,2009
2009-03-25,11,7.909090909090909,0,2009
2009-03-26,5,11.2,1,2009
2009-03-27,9,13.555555555555555,2,2009
2009-03-28,7,9.857142857142858,0,2009
2009-03-29,11,12.636363636363637,2,2009
2009-03-30,4,11.75,1,2009
2009-03-31,6,7.333333333333333,0,2009
2009-04-01,8,8.625,2,2009
2009-04-02,7,5.142857142857143,0,2009
2009-04-03,5,8,0,2009
2009-04-04,12,13.25,3,2009
2009-04-05,11,16.272727272727273,4,2009
2009-04-06,2,4,0,2009
2009-04-07,3,5.666666666666667,0,2009
2009-04-08,12,11.916666666666666,2,2009
2009-04-09,5,12,1,2009
2009-04-10,6,11,0,2009
2009-04-11,12,9.166666666666666,1,2009
2009-04-12,9,14.11111111111111,1,2009
2009-04-13,6,6,0,2009
2009-04-14,9,16.77777777777778,5,2009
2009-04-15,2,7.5,0,2009
2009-04-16,14,13.785714285714286,4,2009
2009-10-27,1,6,0,2010
2009-10-28,8,14.625,2,2010
2009-10-29,7,9.428571428571429,1,2010
2009-10-30,5,7.2,0,2010
2009-10-31,13,14,2,2010
2009-11-01,7,10,0,2010
2009-11-02,4,8.75,0,2010
2009-11-03,5,9.6,0,2010
2009-11-04,9,10.666666666666666,1,2010
2009-11-05,10,10.3,2,2010
2009-11-06,2,7.5,0,2010
2009-11-07,13,13,2,2010
2009-11-08,9,12,2,2010
2009-11-09,4,20,2,2010
2009-11-10,5,16.4,2,2010
2009-11-11,6,10.333333333333334,0,2010
2009-11-12,13,13.692307692307692,4,2010
2009-11-13,2,13,0,2010
2009-11-14,9,14.777777777777779,2,2010
2009-11-15,11,6.7272727272727275,1,2010
2009-11-16,3,6.333333333333333,0,2010
2009-11-17,3,4,0,2010
2009-11-18,8,10.75,0,2010
2009-11-19,12,11.25,0,2010
2009-11-20,3,9.666666666666666,0,2010
2009-11-21,11,7.7272727272727275,0,2010
2009-11-22,12,10.416666666666666,2,2010
2009-11-23,2,21,1,2010
2009-11-24,4,13.25,1,2010
2009-11-25,6,9,0,2010
2009-11-26,12,13.5,2,2010
2009-11-27,2,18,0,2010
2009-11-28,12,12.5,2,2010
2009-11-29,10,13.7,1,2010
2009-11-30,5,11.6,0,2010
2009-12-01,4,12.5,1,2010
2009-12-02,6,15.833333333333334,2,2010
2009-12-03,10,12.2,1,2010
2009-12-04,3,9,0,2010
2009-12-05,10,9.1,0,2010
2009-12-06,12,9.416666666666666,1,2010
2009-12-07,2,16.5,1,2010
2009-12-08,4,9.5,0,2010
2009-12-09,8,5.625,0,2010
2009-12-10,9,15,3,2010
2009-12-11,3,4.333333333333333,0,2010
2009-12-12,11,11.363636363636363,1,2010
2009-12-13,11,12.909090909090908,4,2010
2009-12-14,2,19,1,2010
2009-12-15,7,6.571428571428571,0,2010
2009-12-16,7,10.857142857142858,1,2010
2009-12-17,12,10.916666666666666,1,2010
2009-12-18,3,10,0,2010
2009-12-19,11,9.727272727272727,1,2010
2009-12-20,14,9,1,2010
2009-12-21,2,5.5,0,2010
2009-12-22,5,9.2,0,2010
2009-12-23,9,9.88888888888889,1,2010
2009-12-24,10,11.8,2,2010
2009-12-25,3,10,0,2010
2009-12-26,3,15.666666666666666,1,2010
2009-12-27,13,13.076923076923077,3,2010
2009-12-28,2,5,0,2010
2009-12-29,7,9.428571428571429,0,2010
2009-12-30,7,11.571428571428571,0,2010
2009-12-31,11,9.545454545454545,1,2010
2010-01-01,4,12.5,1,2010
2010-01-02,5,7,0,2010
2010-01-03,13,12.076923076923077,2,2010
2010-01-04,2,19,1,2010
2010-01-05,4,11,0,2010
2010-01-06,9,7.111111111111111,1,2010
2010-01-07,10,13.7,4,2010
2010-01-08,1,4,0,2010
2010-01-09,12,5.333333333333333,0,2010
2010-01-10,11,10.454545454545455,1,2010
2010-01-11,3,14,0,2010
2010-01-12,9,12.444444444444445,2,2010
2010-01-13,5,12,2,2010
2010-01-14,11,10.363636363636363,1,2010
2010-01-15,2,7,0,2010
2010-01-16,14,11.785714285714286,2,2010
2010-01-17,8,13,2,2010
2010-01-18,11,6.818181818181818,0,2010
2010-01-19,2,7.5,0,2010
2010-01-20,2,19,1,2010
2010-01-21,13,9.923076923076923,2,2010
2010-01-22,2,13,1,2010
2010-01-23,13,11.461538461538462,2,2010
2010-01-24,13,16.153846153846153,4,2010
2010-01-26,9,6.222222222222222,0,2010
2010-01-27,5,9.6,1,2010
2010-01-28,11,11.181818181818182,1,2010
2010-01-29,3,3.3333333333333335,0,2010
2010-01-30,12,10.75,2,2010
2010-01-31,12,9.916666666666666,1,2010
2010-02-01,3,11,1,2010
2010-02-02,7,10.285714285714286,0,2010
2010-02-03,7,12.714285714285714,1,2010
2010-02-04,11,7.909090909090909,1,2010
2010-02-05,2,9.5,0,2010
2010-02-06,10,11,1,2010
2010-02-07,13,9.23076923076923,0,2010
2010-02-09,3,9.333333333333334,0,2010
2010-02-10,11,14.545454545454545,3,2010
2010-02-11,10,13.6,3,2010
2010-02-12,2,14,0,2010
2010-02-15,1,2,0,2010
2010-02-17,10,16.3,4,2010
2010-02-18,11,13.545454545454545,3,2010
2010-02-19,2,1.5,0,2010
2010-02-20,12,11.333333333333334,1,2010
2010-02-21,11,9.454545454545455,1,2010
2010-02-22,5,6.8,0,2010
2010-02-23,5,8,0,2010
2010-02-24,8,6.125,0,2010
2010-02-25,11,10.181818181818182,1,2010
2010-02-26,3,12.333333333333334,1,2010
2010-02-27,14,8.357142857142858,1,2010
2010-02-28,9,9.666666666666666,1,2010
2010-03-01,4,12.25,1,2010
2010-03-02,9,16.555555555555557,4,2010
2010-03-03,4,9.5,1,2010
2010-03-04,12,17.833333333333332,6,2010
2010-03-05,3,6.666666666666667,0,2010
2010-03-06,11,11.363636363636363,1,2010
2010-03-07,12,10.166666666666666,2,2010
2010-03-08,3,7,0,2010
2010-03-09,5,5.2,0,2010
2010-03-10,8,10.625,2,2010
2010-03-11,9,13.555555555555555,2,2010
2010-03-12,3,13.333333333333334,1,2010
2010-03-13,12,10.25,0,2010
2010-03-14,12,14.25,2,2010
2010-03-15,4,12.25,0,2010
2010-03-16,9,12.777777777777779,3,2010
2010-03-17,9,11,1,2010
2010-03-18,7,13.142857142857142,2,2010
2010-03-19,5,9.6,1,2010
2010-03-20,10,10.1,1,2010
2010-03-21,8,14,3,2010
2010-03-22,5,8.8,0,2010
2010-03-23,11,9,0,2010
2010-03-24,7,13.714285714285714,1,2010
2010-03-25,5,14.6,0,2010
2010-03-26,9,11,1,2010
2010-03-27,6,15.666666666666666,1,2010
2010-03-28,12,9.333333333333334,2,2010
2010-03-29,4,11.75,1,2010
2010-03-30,5,10.8,0,2010
2010-03-31,10,12.2,1,2010
2010-04-01,6,14.5,2,2010
2010-04-02,6,9.166666666666666,0,2010
2010-04-03,9,11.88888888888889,1,2010
2010-04-04,13,10.923076923076923,1,2010
2010-04-05,1,6,0,2010
2010-04-06,5,12.6,1,2010
2010-04-07,9,8.555555555555555,1,2010
2010-04-08,8,11.875,1,2010
2010-04-09,9,7.888888888888889,1,2010
2010-04-10,10,8.4,0,2010
2010-04-11,10,14,1,2010
2010-04-12,7,10,1,2010
2010-04-13,6,15.5,3,2010
2010-04-14,4,11.25,1,2010
2010-04-15,14,10.142857142857142,0,2010
2010-10-26,1,8,0,2011
2010-10-27,6,7,0,2011
2010-10-28,9,10.555555555555555,1,2011
2010-10-29,7,11.571428571428571,2,2011
2010-10-30,10,8.3,1,2011
2010-10-31,9,15,3,2011
2010-11-01,1,24,1,2011
2010-11-02,7,13.142857142857142,2,2011
2010-11-03,6,18.666666666666668,2,2011
2010-11-04,8,8,0,2011
2010-11-05,7,9,1,2011
2010-11-06,10,6.2,0,2011
2010-11-07,9,7,0,2011
2010-11-08,3,20,2,2011
2010-11-09,6,4.833333333333333,0,2011
2010-11-10,7,15.428571428571429,3,2011
2010-11-11,10,9.4,0,2011
2010-11-12,3,13.666666666666666,1,2011
2010-11-13,9,6.555555555555555,0,2011
2010-11-14,11,9.090909090909092,2,2011
2010-11-15,3,8.666666666666666,0,2011
2010-11-16,7,7.714285714285714,0,2011
2010-11-17,7,7.142857142857143,0,2011
2010-11-18,10,12.6,2,2011
2010-11-19,3,15.333333333333334,1,2011
2010-11-20,11,8.090909090909092,0,2011
2010-11-21,12,7.166666666666667,1,2011
2010-11-22,1,28,1,2011
2010-11-23,8,12.125,1,2011
2010-11-24,6,5.5,0,2011
2010-11-25,11,9.636363636363637,1,2011
2010-11-26,2,19,1,2011
2010-11-27,13,8.76923076923077,0,2011
2010-11-28,11,10.090909090909092,0,2011
2010-11-29,4,2.75,0,2011
2010-11-30,4,12,1,2011
2010-12-01,7,11.571428571428571,1,2011
2010-12-02,12,13.416666666666666,3,2011
2010-12-03,2,17,1,2011
2010-12-04,13,10.846153846153847,1,2011
2010-12-05,9,14.666666666666666,2,2011
2010-12-06,5,11.4,1,2011
2010-12-07,7,10.285714285714286,1,2011
2010-12-08,7,10,1,2011
2010-12-09,11,10.454545454545455,1,2011
2010-12-10,3,9.333333333333334,0,2011
2010-12-11,12,8.666666666666666,1,2011
2010-12-12,11,15.272727272727273,3,2011
2010-12-13,2,19,1,2011
2010-12-14,5,12.2,0,2011
2010-12-15,7,12.428571428571429,1,2011
2010-12-16,11,10.454545454545455,1,2011
2010-12-17,3,7,0,2011
2010-12-18,11,14.090909090909092,3,2011
2010-12-19,13,5.769230769230769,0,2011
2010-12-20,1,3,0,2011
2010-12-21,9,13.666666666666666,3,2011
2010-12-22,6,17.166666666666668,1,2011
2010-12-23,9,10.11111111111111,1,2011
2010-12-24,3,13,1,2011
2010-12-25,3,10.666666666666666,0,2011
2010-12-26,5,4.8,0,2011
2010-12-27,4,10.25,0,2011
2010-12-28,10,10,0,2011
2010-12-29,7,12.714285714285714,0,2011
2010-12-30,11,10.545454545454545,1,2011
2010-12-31,7,6.714285714285714,0,2011
2011-01-01,4,9.75,0,2011
2011-01-02,11,12.181818181818182,1,2011
2011-01-03,4,12,0,2011
2011-01-04,6,9.333333333333334,1,2011
2011-01-05,7,12,2,2011
2011-01-06,11,8.545454545454545,1,2011
2011-01-07,2,12,1,2011
2011-01-08,11,12.545454545454545,3,2011
2011-01-09,10,11,1,2011
2011-01-10,5,9.8,1,2011
2011-01-11,3,11,0,2011
2011-01-12,6,20.833333333333332,2,2011
2011-01-13,12,7.916666666666667,1,2011
2011-01-14,3,13.666666666666666,1,2011
2011-01-15,11,9.090909090909092,1,2011
2011-01-16,10,9.3,1,2011
2011-01-17,11,8.090909090909092,0,2011
2011-01-18,3,7,0,2011
2011-01-19,2,2.5,0,2011
2011-01-20,13,7.230769230769231,0,2011
2011-01-21,3,7.666666666666667,0,2011
2011-01-22,10,18.3,3,2011
2011-01-23,13,9.538461538461538,1,2011
2011-01-24,1,14,0,2011
2011-01-25,10,7.1,0,2011
2011-01-26,5,13.8,1,2011
2011-01-27,10,8.7,0,2011
2011-01-28,3,6.666666666666667,0,2011
2011-01-29,12,10.083333333333334,1,2011
2011-01-30,12,12.583333333333334,1,2011
2011-01-31,3,11.666666666666666,0,2011
2011-02-01,7,11.285714285714286,1,2011
2011-02-02,4,8.5,0,2011
2011-02-03,11,12.727272727272727,0,2011
2011-02-04,3,3.6666666666666665,0,2011
2011-02-05,12,8.5,0,2011
2011-02-06,13,11,0,2011
2011-02-08,8,6.875,0,2011
2011-02-09,7,13.142857142857142,1,2011
2011-02-10,10,5.9,0,2011
2011-02-11,3,10.333333333333334,1,2011
2011-02-12,10,8.7,0,2011
2011-02-13,14,9.071428571428571,2,2011
2011-02-14,2,5.5,0,2011
2011-02-15,6,18.166666666666668,2,2011
2011-02-16,6,12.333333333333334,1,2011
2011-02-17,12,10.333333333333334,1,2011
2011-02-18,2,8,0,2011
2011-02-21,1,5,0,2011
2011-02-23,9,16.22222222222222,4,2011
2011-02-24,12,8.5,1,2011
2011-02-25,2,9,0,2011
2011-02-26,12,12.333333333333334,1,2011
2011-02-27,12,9.333333333333334,1,2011
2011-02-28,4,5.25,0,2011
2011-03-01,5,10,1,2011
2011-03-02,8,9.25,0,2011
2011-03-03,10,13.1,2,2011
2011-03-04,3,6,0,2011
2011-03-05,11,9.272727272727273,1,2011
2011-03-06,11,11.363636363636363,1,2011
2011-03-07,3,3.6666666666666665,0,2011
2011-03-08,7,10,2,2011
2011-03-09,6,10.833333333333334,0,2011
2011-03-10,11,8.454545454545455,2,2011
2011-03-11,3,14.333333333333334,0,2011
2011-03-12,10,11.2,2,2011
2011-03-13,13,17.153846153846153,6,2011
2011-03-14,3,19.666666666666668,2,2011
2011-03-15,9,13.444444444444445,3,2011
2011-03-16,5,12.6,0,2011
2011-03-17,10,10.3,1,2011
2011-03-18,6,14.166666666666666,2,2011
2011-03-19,9,12,1,2011
2011-03-20,12,11.416666666666666,3,2011
2011-03-21,4,7.25,0,2011
2011-03-22,4,26.5,2,2011
2011-03-23,8,13.875,3,2011
2011-03-24,7,9.857142857142858,0,2011
2011-03-25,8,8.125,0,2011
2011-03-26,10,11.6,2,2011
2011-03-27,8,8,0,2011
2011-03-28,7,8.571428571428571,0,2011
2011-03-29,5,12.4,1,2011
2011-03-30,9,6.111111111111111,0,2011
2011-03-31,6,13,0,2011
2011-04-01,7,12.714285714285714,2,2011
2011-04-02,8,10.125,0,2011
2011-04-03,15,9.466666666666667,0,2011
2011-04-04,1,8,0,2011
2011-04-05,7,8.142857142857142,0,2011
2011-04-06,11,8.090909090909092,2,2011
2011-04-07,7,10.714285714285714,1,2011
2011-04-08,9,12.555555555555555,1,2011
2011-04-09,6,13.666666666666666,1,2011
2011-04-10,11,13.909090909090908,5,2011
2011-04-11,7,6.428571428571429,0,2011
2011-04-12,6,10.833333333333334,1,2011
2011-04-13,3,11.666666666666666,0,2011
2011-04-14,15,11.6,2,2011
2011-12-25,3,4.666666666666667,0,2012
2011-12-26,2,13.5,0,2012
2011-12-27,12,8.083333333333334,1,2012
2011-12-28,6,16.5,3,2012
2011-12-29,9,14.777777777777779,2,2012
2011-12-30,6,12.333333333333334,1,2012
2011-12-31,13,11.076923076923077,3,2012
2012-01-01,9,17.22222222222222,3,2012
2012-01-02,6,16.333333333333332,1,2012
2012-01-03,9,8.666666666666666,0,2012
2012-01-04,6,10.666666666666666,0,2012
2012-01-05,12,16.083333333333332,3,2012
2012-01-06,4,10.75,1,2012
2012-01-07,12,12.166666666666666,2,2012
2012-01-08,12,13.583333333333334,4,2012
2012-01-09,4,14,1,2012
2012-01-10,6,11,1,2012
2012-01-11,11,11.272727272727273,1,2012
2012-01-12,11,7.2727272727272725,0,2012
2012-01-13,5,13.8,1,2012
2012-01-14,11,13.636363636363637,2,2012
2012-01-15,12,12.083333333333334,1,2012
2012-01-16,10,10,0,2012
2012-01-17,3,8.333333333333334,0,2012
2012-01-18,7,16.571428571428573,3,2012
2012-01-19,11,5.909090909090909,1,2012
2012-01-20,3,5.333333333333333,0,2012
2012-01-21,11,11.454545454545455,1,2012
2012-01-22,14,11.214285714285714,3,2012
2012-01-23,1,2,0,2012
2012-01-24,10,12.7,3,2012
2012-01-25,5,15,1,2012
2012-01-26,13,10.923076923076923,2,2012
2012-01-27,2,7.5,0,2012
2012-01-28,13,14.615384615384615,3,2012
2012-01-29,11,9.181818181818182,3,2012
2012-01-30,3,10.333333333333334,1,2012
2012-01-31,9,12.333333333333334,2,2012
2012-02-01,7,14.142857142857142,3,2012
2012-02-02,11,14.454545454545455,2,2012
2012-02-03,6,12.666666666666666,1,2012
2012-02-04,10,9.8,1,2012
2012-02-05,15,10.866666666666667,3,2012
2012-02-07,10,8,1,2012
2012-02-08,6,6.333333333333333,0,2012
2012-02-09,11,10.181818181818182,1,2012
2012-02-10,4,5.25,0,2012
2012-02-11,12,10.25,1,2012
2012-02-12,11,9.909090909090908,2,2012
2012-02-13,3,13,1,2012
2012-02-14,6,9.333333333333334,0,2012
2012-02-15,9,11.555555555555555,1,2012
2012-02-16,13,9.23076923076923,0,2012
2012-02-17,3,5.666666666666667,0,2012
2012-02-18,13,10.384615384615385,2,2012
2012-02-19,7,13,2,2012
2012-02-20,6,8.833333333333334,0,2012
2012-02-21,10,7.9,0,2012
2012-02-22,5,15,1,2012
2012-02-23,13,9.846153846153847,0,2012
2012-02-24,4,12.25,0,2012
2012-02-27,1,3,0,2012
2012-02-29,9,9.333333333333334,2,2012
2012-03-01,12,10.833333333333334,1,2012
2012-03-02,4,8.5,0,2012
2012-03-03,11,11.181818181818182,3,2012
2012-03-04,11,9.454545454545455,0,2012
2012-03-05,4,5,0,2012
2012-03-06,9,8.555555555555555,2,2012
2012-03-07,6,11.5,1,2012
2012-03-08,13,9.461538461538462,1,2012
2012-03-09,2,3.5,0,2012
2012-03-10,10,9.3,0,2012
2012-03-11,14,11.5,2,2012
2012-03-12,4,5,0,2012
2012-03-13,9,8.88888888888889,0,2012
2012-03-14,8,14.375,2,2012
2012-03-15,9,9.777777777777779,1,2012
2012-03-16,9,9.88888888888889,0,2012
2012-03-17,10,10.6,2,2012
2012-03-18,10,8.9,0,2012
2012-03-19,6,11,1,2012
2012-03-20,6,13.833333333333334,1,2012
2012-03-21,9,10.333333333333334,1,2012
2012-03-22,6,11.166666666666666,1,2012
2012-03-23,11,11.181818181818182,2,2012
2012-03-24,9,13.222222222222221,1,2012
2012-03-25,10,10.7,2,2012
2012-03-26,9,10.555555555555555,1,2012
2012-03-27,4,13.5,0,2012
2012-03-28,13,11.076923076923077,2,2012
2012-03-29,4,10.25,0,2012
2012-03-30,8,15.875,3,2012
2012-03-31,11,6.818181818181818,1,2012
2012-04-01,9,8.777777777777779,0,2012
2012-04-02,4,13,0,2012
2012-04-03,10,10.5,1,2012
2012-04-04,7,11.285714285714286,2,2012
2012-04-05,10,7,0,2012
2012-04-06,7,8,0,2012
2012-04-07,7,9,1,2012
2012-04-08,14,13.642857142857142,5,2012
2012-04-09,4,20,2,2012
2012-04-10,11,14,3,2012
2012-04-11,4,11.5,0,2012
2012-04-12,10,9.2,1,2012
2012-04-13,10,16.1,3,2012
2012-04-14,9,10.88888888888889,1,2012
2012-04-15,12,8.833333333333334,0,2012
2012-04-16,6,14,2,2012
2012-04-17,8,13.25,2,2012
2012-04-18,9,17.555555555555557,4,2012
2012-04-19,10,11.9,2,2012
2012-04-20,6,6.333333333333333,0,2012
2012-04-21,6,10.166666666666666,1,2012
2012-04-22,12,8.833333333333334,1,2012
2012-04-23,5,17.6,2,2012
2012-04-24,4,14,1,2012
2012-04-25,7,8.142857142857142,0,2012
2012-04-26,4,5,0,2012
2012-04-27,13,18.615384615384617,6,2012
2012-10-30,1,10,0,2013
2012-10-31,5,8.2,0,2013
2012-11-01,6,8.333333333333334,0,2013
2012-11-02,6,10.5,1,2013
2012-11-03,11,8.363636363636363,1,2013
2012-11-04,9,13,2,2013
2012-11-05,2,19,1,2013
2012-11-06,8,15.125,4,2013
2012-11-07,3,12.666666666666666,1,2013
2012-11-08,13,11.384615384615385,2,2013
2012-11-09,2,9.5,0,2013
2012-11-10,13,12.076923076923077,3,2013
2012-11-11,12,8.666666666666666,0,2013
2012-11-12,2,14,0,2013
2012-11-13,8,6.625,0,2013
2012-11-14,6,10,0,2013
2012-11-15,10,7.6,0,2013
2012-11-16,3,4.666666666666667,0,2013
2012-11-17,10,11.1,1,2013
2012-11-18,11,11,2,2013
2012-11-19,4,12.25,1,2013
2012-11-20,7,6.428571428571429,0,2013
2012-11-21,3,11.666666666666666,1,2013
2012-11-22,14,9,1,2013
2012-11-24,12,8.333333333333334,1,2013
2012-11-25,13,9.615384615384615,2,2013
2012-11-26,1,18,0,2013
2012-11-27,8,12.625,2,2013
2012-11-28,5,8.2,0,2013
2012-11-29,11,16,5,2013
2012-11-30,2,3,0,2013
2012-12-01,11,11,1,2013
2012-12-02,11,11.181818181818182,2,2013
2012-12-03,1,10,0,2013
2012-12-04,6,8.166666666666666,1,2013
2012-12-05,6,7.166666666666667,0,2013
2012-12-06,11,9.272727272727273,1,2013
2012-12-07,2,11.5,1,2013
2012-12-08,13,11.615384615384615,2,2013
2012-12-09,11,12.909090909090908,1,2013
2012-12-10,4,8,0,2013
2012-12-11,6,12.166666666666666,1,2013
2012-12-12,5,5.6,0,2013
2012-12-13,13,5.769230769230769,0,2013
2012-12-14,3,13.333333333333334,1,2013
2012-12-15,11,10,1,2013
2012-12-16,13,13.923076923076923,4,2013
2012-12-17,1,1,0,2013
2012-12-18,6,11.333333333333334,0,2013
2012-12-19,10,6.9,0,2013
2012-12-20,11,12.363636363636363,2,2013
2012-12-21,3,9.666666666666666,0,2013
2012-12-22,10,11.5,1,2013
2012-12-23,12,10.25,2,2013
2012-12-24,3,25.333333333333332,2,2013
2012-12-25,3,9.666666666666666,0,2013
2012-12-26,2,17.5,1,2013
2012-12-27,12,9.75,1,2013
2012-12-28,2,17.5,1,2013
2012-12-29,12,9.083333333333334,1,2013
2012-12-30,11,13.090909090909092,2,2013
2012-12-31,7,11,2,2013
2013-01-01,4,19.25,1,2013
2013-01-02,5,7.6,0,2013
2013-01-03,12,11.75,3,2013
2013-01-04,2,10.5,0,2013
2013-01-05,11,8.363636363636363,1,2013
2013-01-06,12,14.583333333333334,4,2013
2013-01-07,3,8.333333333333334,0,2013
2013-01-08,7,12.142857142857142,2,2013
2013-01-09,5,11.4,1,2013
2013-01-10,11,10,1,2013
2013-01-11,3,4,0,2013
2013-01-12,12,10.833333333333334,2,2013
2013-01-13,10,12.9,2,2013
2013-01-14,4,13.25,1,2013
2013-01-15,8,18.125,3,2013
2013-01-16,6,12.333333333333334,1,2013
2013-01-17,11,11.181818181818182,2,2013
2013-01-18,3,8.666666666666666,0,2013
2013-01-19,9,6.555555555555555,0,2013
2013-01-20,10,6.4,0,2013
2013-01-21,8,6.5,0,2013
2013-01-22,3,6.666666666666667,0,2013
2013-01-23,4,10,0,2013
2013-01-24,11,8.727272727272727,1,2013
2013-01-25,3,3.3333333333333335,0,2013
2013-01-26,10,14.4,2,2013
2013-01-27,15,7.8,1,2013
2013-01-28,2,14,0,2013
2013-01-29,7,13,2,2013
2013-01-30,4,11.75,1,2013
2013-01-31,12,12.25,2,2013
2013-02-01,2,10,0,2013
2013-02-02,12,12.166666666666666,1,2013
2013-02-03,12,13.916666666666666,3,2013
2013-02-05,8,10.5,1,2013
2013-02-06,5,13,1,2013
2013-02-07,13,11.538461538461538,2,2013
2013-02-08,2,26.5,2,2013
2013-02-09,12,11.666666666666666,2,2013
2013-02-10,11,11.272727272727273,1,2013
2013-02-11,3,19.666666666666668,2,2013
2013-02-12,8,10.25,0,2013
2013-02-13,6,8.5,0,2013
2013-02-14,12,13.333333333333334,4,2013
2013-02-15,2,17,1,2013
2013-02-18,1,5,0,2013
2013-02-20,9,8.555555555555555,0,2013
2013-02-21,11,10.545454545454545,1,2013
2013-02-22,2,22.5,1,2013
2013-02-23,12,12.916666666666666,3,2013
2013-02-24,11,10.909090909090908,2,2013
2013-02-25,5,11.2,1,2013
2013-02-26,4,7.75,0,2013
2013-02-27,8,9,1,2013
2013-02-28,10,11.1,2,2013
2013-03-01,3,13.666666666666666,1,2013
2013-03-02,12,11.416666666666666,2,2013
2013-03-03,9,12.88888888888889,2,2013
2013-03-04,4,19.5,2,2013
2013-03-05,7,9.285714285714286,0,2013
2013-03-06,3,10.666666666666666,0,2013
2013-03-07,14,9.571428571428571,2,2013
2013-03-08,2,8,0,2013
2013-03-09,12,12,3,2013
2013-03-10,14,12.642857142857142,3,2013
2013-03-11,3,14.333333333333334,1,2013
2013-03-12,9,15.11111111111111,2,2013
2013-03-13,8,12.125,2,2013
2013-03-14,6,22.833333333333332,4,2013
2013-03-15,6,9.666666666666666,0,2013
2013-03-16,9,12.777777777777779,1,2013
2013-03-17,9,10.777777777777779,1,2013
2013-03-18,7,14.428571428571429,2,2013
2013-03-19,7,13,3,2013
2013-03-20,7,8.714285714285714,0,2013
2013-03-21,7,10.714285714285714,1,2013
2013-03-22,8,9.5,1,2013
2013-03-23,8,15.375,3,2013
2013-03-24,11,8.909090909090908,2,2013
2013-03-25,5,9.8,0,2013
2013-03-26,5,16.8,2,2013
2013-03-27,6,8,0,2013
2013-03-28,9,10.444444444444445,1,2013
2013-03-29,8,12.625,1,2013
2013-03-30,8,10.125,1,2013
2013-03-31,13,12,2,2013
2013-04-01,2,9,0,2013
2013-04-02,7,9.428571428571429,1,2013
2013-04-03,7,11.857142857142858,1,2013
2013-04-04,8,13.125,1,2013
2013-04-05,5,9.6,0,2013
2013-04-06,12,10.583333333333334,1,2013
2013-04-07,10,9.5,0,2013
2013-04-08,3,5,0,2013
2013-04-09,4,14.5,2,2013
2013-04-10,10,10.4,1,2013
2013-04-11,6,10.5,0,2013
2013-04-12,9,10.777777777777779,1,2013
2013-04-13,9,9.333333333333334,1,2013
2013-04-14,9,11.777777777777779,1,2013
2013-04-15,6,8,0,2013
2013-04-16,6,8.166666666666666,0,2013
2013-04-17,2,16.5,0,2013
2013-04-18,15,10.133333333333333,2,2013
2013-10-29,1,10,0,2014
2013-10-30,7,8.142857142857142,0,2014
2013-10-31,9,9.777777777777779,1,2014
2013-11-01,7,8.428571428571429,1,2014
2013-11-02,10,8.2,0,2014
2013-11-03,9,12.555555555555555,2,2014
2013-11-04,3,6,0,2014
2013-11-05,4,11.75,1,2014
2013-11-06,9,10.11111111111111,0,2014
2013-11-07,10,10.1,0,2014
2013-11-08,3,2.6666666666666665,0,2014
2013-11-09,12,9.666666666666666,1,2014
2013-11-10,10,12.3,2,2014
2013-11-11,3,10.333333333333334,1,2014
2013-11-12,9,12.444444444444445,1,2014
2013-11-13,4,18,2,2014
2013-11-14,12,10.416666666666666,2,2014
2013-11-15,2,2,0,2014
2013-11-16,11,9.363636363636363,1,2014
2013-11-17,13,14.307692307692308,2,2014
2013-11-18,1,15,0,2014
2013-11-19,6,5.833333333333333,0,2014
2013-11-20,5,10.6,1,2014
2013-11-21,13,8.615384615384615,1,2014
2013-11-22,2,12,0,2014
2013-11-23,12,9.666666666666666,1,2014
2013-11-24,12,13.666666666666666,3,2014
2013-11-25,2,18,1,2014
2013-11-26,9,12.777777777777779,0,2014
2013-11-27,4,6.25,0,2014
2013-11-28,13,12.307692307692308,3,2014
2013-11-30,13,10.615384615384615,1,2014
2013-12-01,12,7,0,2014
2013-12-02,3,6.666666666666667,0,2014
2013-12-03,5,6.6,0,2014
2013-12-04,8,10,1,2014
2013-12-05,7,7.857142857142857,0,2014
2013-12-06,3,23.333333333333332,3,2014
2013-12-07,10,16.9,3,2014
2013-12-08,11,15.272727272727273,3,2014
2013-12-09,3,15.333333333333334,1,2014
2013-12-10,6,8.5,0,2014
2013-12-11,8,11,1,2014
2013-12-12,9,11.666666666666666,2,2014
2013-12-13,2,8,0,2014
2013-12-14,13,7.230769230769231,1,2014
2013-12-15,11,12.818181818181818,2,2014
2013-12-16,3,5.333333333333333,0,2014
2013-12-17,8,13.375,3,2014
2013-12-18,5,7.6,0,2014
2013-12-19,12,8.25,0,2014
2013-12-20,2,7,0,2014
2013-12-21,11,12,2,2014
2013-12-22,11,13.545454545454545,2,2014
2013-12-23,2,5,0,2014
2013-12-24,11,11.454545454545455,2,2014
2013-12-25,3,17.333333333333332,1,2014
2013-12-26,2,7.5,0,2014
2013-12-27,4,5.75,0,2014
2013-12-28,10,12.1,2,2014
2013-12-29,13,12.538461538461538,4,2014
2013-12-30,3,15.333333333333334,1,2014
2013-12-31,10,6.9,0,2014
2014-01-01,6,9.833333333333334,1,2014
2014-01-02,4,16,1,2014
2014-01-03,9,9.88888888888889,1,2014
2014-01-04,7,5.714285714285714,0,2014
2014-01-05,13,12,2,2014
2014-01-06,3,19,2,2014
2014-01-07,3,18.666666666666668,2,2014
2014-01-08,12,12.416666666666666,2,2014
2014-01-09,9,11.11111111111111,2,2014
2014-01-10,2,11.5,0,2014
2014-01-11,12,14.666666666666666,4,2014
2014-01-12,11,13.181818181818182,2,2014
2014-01-13,1,18,0,2014
2014-01-14,7,12.857142857142858,1,2014
2014-01-15,4,9.75,1,2014
2014-01-16,13,6.769230769230769,0,2014
2014-01-17,2,20,1,2014
2014-01-18,12,8.166666666666666,1,2014
2014-01-19,10,12.3,2,2014
2014-01-20,10,11.7,2,2014
2014-01-21,3,7.666666666666667,0,2014
2014-01-22,5,11.6,0,2014
2014-01-23,10,8.6,2,2014
2014-01-24,2,6,0,2014
2014-01-25,13,10.692307692307692,2,2014
2014-01-26,13,10.307692307692308,1,2014
2014-01-27,3,11,0,2014
2014-01-28,6,9.666666666666666,1,2014
2014-01-29,7,13.142857142857142,1,2014
2014-01-30,10,8.5,0,2014
2014-01-31,3,19.333333333333332,1,2014
2014-02-01,8,11.875,2,2014
2014-02-02,13,9.538461538461538,0,2014
2014-02-04,11,11.090909090909092,1,2014
2014-02-05,4,9.75,0,2014
2014-02-06,12,8.833333333333334,0,2014
2014-02-07,2,14.5,0,2014
2014-02-08,10,11.7,2,2014
2014-02-09,14,8.142857142857142,0,2014
2014-02-10,1,45,1,2014
2014-02-11,6,22,2,2014
2014-02-12,7,11.285714285714286,1,2014
2014-02-13,13,8.76923076923077,2,2014
2014-02-14,2,10,0,2014
2014-02-17,1,8,0,2014
2014-02-19,9,10.666666666666666,1,2014
2014-02-20,11,10.363636363636363,1,2014
2014-02-21,3,12,1,2014
2014-02-22,10,11,2,2014
2014-02-23,12,9.583333333333334,0,2014
2014-02-24,4,8.5,0,2014
2014-02-25,5,11,1,2014
2014-02-26,7,11.285714285714286,2,2014
2014-02-27,10,16.1,3,2014
2014-02-28,4,14.75,2,2014
2014-03-01,7,12,2,2014
2014-03-02,13,12.076923076923077,1,2014
2014-03-03,3,10.666666666666666,0,2014
2014-03-04,8,11,1,2014
2014-03-05,6,12.333333333333334,2,2014
2014-03-06,10,14.2,3,2014
2014-03-07,3,26,2,2014
2014-03-08,11,12.454545454545455,2,2014
2014-03-09,14,8.642857142857142,1,2014
2014-03-10,5,7.8,0,2014
2014-03-11,5,7.4,0,2014
2014-03-12,11,12.454545454545455,2,2014
2014-03-13,7,10.428571428571429,1,2014
2014-03-14,7,10.857142857142858,1,2014
2014-03-15,9,14.11111111111111,3,2014
2014-03-16,8,9.625,1,2014
2014-03-17,5,11.8,1,2014
2014-03-18,6,12.333333333333334,1,2014
2014-03-19,6,7.166666666666667,0,2014
2014-03-20,8,9,0,2014
2014-03-21,9,9.11111111111111,1,2014
2014-03-22,6,14.833333333333334,2,2014
2014-03-23,12,8,0,2014
2014-03-24,4,7.25,0,2014
2014-03-25,9,13,3,2014
2014-03-26,6,10.166666666666666,1,2014
2014-03-27,7,8.428571428571429,1,2014
2014-03-28,8,11.75,2,2014
2014-03-29,8,20,4,2014
2014-03-30,10,11.4,2,2014
2014-03-31,8,10.375,1,2014
2014-04-01,5,8,0,2014
2014-04-02,11,15.636363636363637,4,2014
2014-04-03,5,14.8,2,2014
2014-04-04,10,8.7,0,2014
2014-04-05,11,10.636363636363637,1,2014
2014-04-06,7,12,2,2014
2014-04-07,3,13.666666666666666,1,2014
2014-04-08,1,7,0,2014
2014-04-09,10,11.3,1,2014
2014-04-10,7,6,0,2014
2014-04-11,7,6.857142857142857,0,2014
2014-04-12,13,11.846153846153847,2,2014
2014-04-13,7,7.285714285714286,0,2014
2014-04-14,7,7.857142857142857,1,2014
2014-04-15,6,10.333333333333334,0,2014
2014-04-16,4,10.75,0,2014
2014-04-17,13,8.461538461538462,1,2014
2014-10-29,8,10.625,0,2015
2014-10-30,8,13.875,2,2015
2014-10-31,5,8,0,2015
2014-11-01,12,9.166666666666666,0,2015
2014-11-02,7,12.428571428571429,2,2015
2014-11-03,2,4,0,2015
2014-11-04,6,11.666666666666666,1,2015
2014-11-05,8,11.5,0,2015
2014-11-06,12,7.25,1,2015
2014-11-07,2,19,1,2015
2014-11-08,12,7.583333333333333,1,2015
2014-11-09,9,5.666666666666667,0,2015
2014-11-10,6,15.333333333333334,1,2015
2014-11-11,5,7.8,0,2015
2014-11-12,6,6.5,0,2015
2014-11-13,9,8.222222222222221,0,2015
2014-11-14,4,17.25,1,2015
2014-11-15,10,12.8,2,2015
2014-11-16,12,13.333333333333334,2,2015
2014-11-17,2,12.5,1,2015
2014-11-18,9,15.777777777777779,3,2015
2014-11-19,4,8,0,2015
2014-11-20,11,7.363636363636363,1,2015
2014-11-21,2,16,0,2015
2014-11-22,12,19.083333333333332,5,2015
2014-11-23,12,10.666666666666666,1,2015
2014-11-24,2,6,0,2015
2014-11-25,7,12.142857142857142,2,2015
2014-11-26,5,9.6,0,2015
2014-11-27,13,11.23076923076923,1,2015
2014-11-28,1,7,0,2015
2014-11-29,11,12.727272727272727,2,2015
2014-11-30,10,14.5,2,2015
2014-12-01,4,7.75,0,2015
2014-12-02,4,13.75,2,2015
2014-12-03,10,6.1,0,2015
2014-12-04,10,10.8,1,2015
2014-12-05,3,12,1,2015
2014-12-06,12,12.25,3,2015
2014-12-07,10,11.1,2,2015
2014-12-08,3,14.666666666666666,1,2015
2014-12-09,7,10,1,2015
2014-12-10,8,7.75,0,2015
2014-12-11,10,11.8,2,2015
2014-12-12,2,6.5,0,2015
2014-12-13,13,8.846153846153847,0,2015
2014-12-14,10,9.8,1,2015
2014-12-15,4,10.75,1,2015
2014-12-16,8,12.875,1,2015
2014-12-17,6,10.833333333333334,1,2015
2014-12-18,10,11,1,2015
2014-12-19,4,5.25,0,2015
2014-12-20,11,7.818181818181818,0,2015
2014-12-21,13,10.461538461538462,1,2015
2014-12-22,2,3,0,2015
2014-12-23,7,12.571428571428571,2,2015
2014-12-24,11,8.090909090909092,1,2015
2014-12-25,3,9.666666666666666,0,2015
2014-12-26,3,12,1,2015
2014-12-27,11,12.272727272727273,3,2015
2014-12-28,10,12.5,2,2015
2014-12-29,5,10.8,1,2015
2014-12-30,6,4.333333333333333,0,2015
2014-12-31,13,15.153846153846153,5,2015
2015-01-01,4,10,0,2015
2015-01-02,2,4,0,2015
2015-01-03,11,11.272727272727273,2,2015
2015-01-04,11,16.818181818181817,3,2015
2015-01-05,3,10,0,2015
2015-01-06,11,10,2,2015
2015-01-07,2,3.5,0,2015
2015-01-08,13,12.538461538461538,4,2015
2015-01-09,3,16,1,2015
2015-01-10,13,11.76923076923077,2,2015
2015-01-11,10,12.5,1,2015
2015-01-12,2,15.5,0,2015
2015-01-13,4,8,0,2015
2015-01-14,7,8.571428571428571,0,2015
2015-01-15,11,10.363636363636363,0,2015
2015-01-16,2,9,0,2015
2015-01-17,13,12.076923076923077,2,2015
2015-01-18,10,12,2,2015
2015-01-19,9,18.88888888888889,4,2015
2015-01-20,4,9,0,2015
2015-01-21,2,9,0,2015
2015-01-22,12,10,1,2015
2015-01-23,4,16.25,2,2015
2015-01-24,11,10.636363636363637,2,2015
2015-01-25,11,13.090909090909092,2,2015
2015-01-26,5,5.4,0,2015
2015-01-27,5,11,1,2015
2015-01-28,6,9.166666666666666,0,2015
2015-01-29,11,9.818181818181818,1,2015
2015-01-30,4,17.75,2,2015
2015-01-31,9,8.777777777777779,1,2015
2015-02-01,13,11.846153846153847,1,2015
2015-02-03,8,6.875,0,2015
2015-02-04,5,12.2,1,2015
2015-02-05,11,8.727272727272727,0,2015
2015-02-06,4,15.5,2,2015
2015-02-07,12,7.416666666666667,0,2015
2015-02-08,13,13.538461538461538,3,2015
2015-02-09,3,6,0,2015
2015-02-10,9,9.555555555555555,0,2015
2015-02-11,5,14.8,1,2015
2015-02-12,12,10.166666666666666,1,2015
2015-02-13,1,15,0,2015
2015-02-16,1,5,0,2015
2015-02-20,2,9.5,0,2015
2015-02-21,13,14.076923076923077,3,2015
2015-02-22,10,13.2,2,2015
2015-02-23,4,12.25,1,2015
2015-02-24,8,10.75,1,2015
2015-02-25,4,9,0,2015
2015-02-26,12,12.083333333333334,2,2015
2015-02-27,2,7.5,0,2015
2015-02-28,14,9.642857142857142,2,2015
2015-03-01,14,9.214285714285714,2,2015
2015-03-02,1,7,0,2015
2015-03-03,5,8.8,0,2015
2015-03-04,7,15,2,2015
2015-03-05,13,10.23076923076923,3,2015
2015-03-06,2,11,0,2015
2015-03-07,12,8.333333333333334,0,2015
2015-03-08,14,7.5,0,2015
2015-03-09,4,17,2,2015
2015-03-10,7,18.857142857142858,3,2015
2015-03-11,8,10.125,1,2015
2015-03-12,8,9.75,1,2015
2015-03-13,7,8.857142857142858,0,2015
2015-03-14,8,13.75,1,2015
2015-03-15,9,13.555555555555555,2,2015
2015-03-16,5,12.8,0,2015
2015-03-17,9,10.777777777777779,1,2015
2015-03-18,7,9.428571428571429,1,2015
2015-03-19,8,9.25,0,2015
2015-03-20,8,8,0,2015
2015-03-21,9,12.777777777777779,0,2015
2015-03-22,12,15.083333333333334,1,2015
2015-03-23,5,14,1,2015
2015-03-24,4,12.25,1,2015
2015-03-25,11,9.181818181818182,1,2015
2015-03-26,7,13,2,2015
2015-03-27,8,9.75,1,2015
2015-03-28,7,14.571428571428571,1,2015
2015-03-29,12,11.083333333333334,2,2015
2015-03-30,5,8.4,0,2015
2015-03-31,5,14.4,2,2015
2015-04-01,7,11.714285714285714,1,2015
2015-04-02,7,9.285714285714286,1,2015
2015-04-03,7,11.571428571428571,1,2015
2015-04-04,10,12.8,3,2015
2015-04-05,11,10.090909090909092,1,2015
2015-04-06,3,14.666666666666666,1,2015
2015-04-07,2,16,1,2015
2015-04-08,10,11.6,2,2015
2015-04-09,7,15.857142857142858,2,2015
2015-04-10,8,13.25,2,2015
2015-04-11,8,5.375,0,2015
2015-04-12,12,15.5,3,2015
2015-04-13,7,12,1,2015
2015-04-14,7,9,0,2015
2015-04-15,3,6.666666666666667,0,2015
2015-04-16,13,13,4,2015
2015-10-28,9,9.444444444444445,0,2016
2015-10-29,9,14.666666666666666,3,2016
2015-10-30,7,11.714285714285714,1,2016
2015-10-31,10,15,3,2016
2015-11-01,7,10.714285714285714,1,2016
2015-11-02,3,13,1,2016
2015-11-03,7,12.857142857142858,1,2016
2015-11-04,7,12.571428571428571,1,2016
2015-11-05,10,8.4,1,2016
2015-11-06,5,12.6,0,2016
2015-11-07,11,8.272727272727273,1,2016
2015-11-08,11,10.090909090909092,2,2016
2015-11-09,2,19,1,2016
2015-11-10,7,12,1,2016
2015-11-11,7,11.857142857142858,1,2016
2015-11-12,11,8.636363636363637,0,2016
2015-11-13,3,9.333333333333334,0,2016
2015-11-14,12,8.166666666666666,0,2016
2015-11-15,10,9.4,1,2016
2015-11-16,3,11,0,2016
2015-11-17,6,10.5,0,2016
2015-11-18,7,11.142857142857142,1,2016
2015-11-19,10,7.8,1,2016
2015-11-20,3,9.666666666666666,0,2016
2015-11-21,12,12.083333333333334,2,2016
2015-11-22,9,10.88888888888889,1,2016
2015-11-23,3,10,0,2016
2015-11-24,7,14,2,2016
2015-11-25,6,18.5,2,2016
2015-11-26,12,9.25,1,2016
2015-11-28,12,15.583333333333334,3,2016
2015-11-29,13,9.923076923076923,1,2016
2015-11-30,2,4.5,0,2016
2015-12-01,8,10,0,2016
2015-12-02,6,7,0,2016
2015-12-03,9,11.222222222222221,1,2016
2015-12-04,6,10.166666666666666,1,2016
2015-12-05,8,7,0,2016
2015-12-06,12,8.916666666666666,1,2016
2015-12-07,1,3,0,2016
2015-12-08,9,13.777777777777779,2,2016
2015-12-09,6,12.333333333333334,1,2016
2015-12-10,10,7.5,1,2016
2015-12-11,4,6.75,0,2016
2015-12-12,12,11.833333333333334,3,2016
2015-12-13,11,12.090909090909092,4,2016
2015-12-14,1,6,0,2016
2015-12-15,10,14.6,2,2016
2015-12-16,4,13,0,2016
2015-12-17,12,14.333333333333334,3,2016
2015-12-18,3,11.333333333333334,1,2016
2015-12-19,13,11.153846153846153,1,2016
2015-12-20,10,10.9,1,2016
2015-12-21,1,5,0,2016
2015-12-22,9,10.11111111111111,1,2016
2015-12-23,4,5.75,0,2016
2015-12-24,13,12.846153846153847,3,2016
2015-12-25,3,7,0,2016
2015-12-26,4,12.5,1,2016
2015-12-27,12,11.083333333333334,1,2016
2015-12-28,3,7.666666666666667,0,2016
2015-12-29,11,9.454545454545455,0,2016
2015-12-30,5,8.2,0,2016
2015-12-31,12,11.333333333333334,3,2016
2016-01-01,4,6.75,0,2016
2016-01-02,7,15.428571428571429,3,2016
2016-01-03,12,14,3,2016
2016-01-04,2,13,1,2016
2016-01-05,10,13.2,3,2016
2016-01-06,4,9.75,1,2016
2016-01-07,11,11,1,2016
2016-01-08,4,12.25,1,2016
2016-01-09,12,9.666666666666666,2,2016
2016-01-10,9,9.11111111111111,0,2016
2016-01-11,5,7.2,0,2016
2016-01-12,3,16.333333333333332,1,2016
2016-01-13,8,8.5,0,2016
2016-01-14,11,10,1,2016
2016-01-15,5,6,0,2016
2016-01-16,9,10.222222222222221,1,2016
2016-01-17,9,17.555555555555557,4,2016
2016-01-18,10,12.4,2,2016
2016-01-19,4,14.75,1,2016
2016-01-20,4,9,0,2016
2016-01-21,11,13.181818181818182,1,2016
2016-01-22,5,12.2,1,2016
2016-01-23,9,12.777777777777779,3,2016
2016-01-24,10,11.2,0,2016
2016-01-25,2,15,1,2016
2016-01-26,9,10.222222222222221,2,2016
2016-01-27,8,7.875,0,2016
2016-01-28,8,16,4,2016
2016-01-29,6,14.166666666666666,2,2016
2016-01-30,11,10.818181818181818,0,2016
2016-01-31,8,9.375,1,2016
2016-02-01,4,14,1,2016
2016-02-02,9,11.777777777777779,0,2016
2016-02-03,5,8.8,0,2016
2016-02-04,11,10.454545454545455,1,2016
2016-02-05,4,5.5,0,2016
2016-02-06,11,9.272727272727273,1,2016
2016-02-07,13,6.6923076923076925,0,2016
2016-02-09,10,10.3,1,2016
2016-02-10,5,7.4,0,2016
2016-02-11,12,10.416666666666666,2,2016
2016-02-12,2,16.5,1,2016
2016-02-15,1,23,1,2016
2016-02-19,3,14.666666666666666,0,2016
2016-02-20,14,9.928571428571429,1,2016
2016-02-21,11,10.727272727272727,3,2016
2016-02-22,3,13.666666666666666,1,2016
2016-02-23,7,14.571428571428571,2,2016
2016-02-24,5,8.8,1,2016
2016-02-25,10,9.8,1,2016
2016-02-26,6,11.166666666666666,0,2016
2016-02-27,9,9.444444444444445,0,2016
2016-02-28,12,8.5,0,2016
2016-02-29,2,22,1,2016
2016-03-01,7,8,0,2016
2016-03-02,6,15.666666666666666,1,2016
2016-03-03,11,10.818181818181818,2,2016
2016-03-04,4,10.5,0,2016
2016-03-05,10,11.4,2,2016
2016-03-06,15,10.133333333333333,1,2016
2016-03-08,7,7.714285714285714,0,2016
2016-03-09,6,11.5,1,2016
2016-03-10,9,14.222222222222221,3,2016
2016-03-11,4,11.5,0,2016
2016-03-12,11,10.454545454545455,2,2016
2016-03-13,12,15.916666666666666,3,2016
2016-03-14,5,6,0,2016
2016-03-15,9,20.444444444444443,3,2016
2016-03-16,8,12.75,3,2016
2016-03-17,7,12.571428571428571,1,2016
2016-03-18,9,14.11111111111111,1,2016
2016-03-19,10,10,1,2016
2016-03-20,9,8.777777777777779,0,2016
2016-03-21,5,12.8,1,2016
2016-03-22,5,7.6,0,2016
2016-03-23,7,11.857142857142858,1,2016
2016-03-24,11,9.727272727272727,1,2016
2016-03-25,4,8.5,1,2016
2016-03-26,12,13.25,3,2016
2016-03-27,8,12.25,2,2016
2016-03-28,4,13.75,0,2016
2016-03-29,12,14.916666666666666,3,2016
2016-03-30,3,7.333333333333333,0,2016
2016-03-31,11,9.636363636363637,3,2016
2016-04-01,6,7.833333333333333,0,2016
2016-04-02,8,6.375,0,2016
2016-04-03,13,9.538461538461538,0,2016
2016-04-04,2,16,1,2016
2016-04-05,2,10,0,2016
2016-04-06,14,13.857142857142858,3,2016
2016-04-07,3,5.666666666666667,0,2016
2016-04-08,11,9.909090909090908,0,2016
2016-04-09,6,9.5,1,2016
2016-04-10,13,9.384615384615385,3,2016
2016-04-11,4,11.75,0,2016
2016-04-12,8,14.625,3,2016
2016-04-13,2,15,1,2016
2016-04-14,14,12.642857142857142,3,2016
2016-10-25,1,29,1,2017
2016-10-26,6,13.666666666666666,1,2017
2016-10-27,7,9.428571428571429,0,2017
2016-10-28,6,10,1,2017
2016-10-29,9,9.222222222222221,1,2017
2016-10-30,10,10.1,0,2017
2016-10-31,5,10.8,1,2017
2016-11-01,6,10,0,2017
2016-11-02,9,15.333333333333334,2,2017
2016-11-03,6,7,0,2017
2016-11-04,7,9.857142857142858,1,2017
2016-11-05,12,11.75,2,2017
2016-11-06,5,13.2,2,2017
2016-11-07,3,12.666666666666666,0,2017
2016-11-08,7,20.142857142857142,4,2017
2016-11-09,6,6.166666666666667,0,2017
2016-11-10,11,13.363636363636363,3,2017
2016-11-11,4,10.75,1,2017
2016-11-12,8,9,1,2017
2016-11-13,12,12.75,2,2017
2016-11-14,4,12,1,2017
2016-11-15,8,15.125,2,2017
2016-11-16,5,9.2,1,2017
2016-11-17,11,6.7272727272727275,0,2017
2016-11-18,5,15.8,2,2017
2016-11-19,11,12.363636363636363,2,2017
2016-11-20,10,9.5,2,2017
2016-11-21,4,7.25,0,2017
2016-11-22,9,10,1,2017
2016-11-23,4,6.75,0,2017
2016-11-24,13,16.692307692307693,5,2017
2016-11-25,1,6,0,2017
2016-11-26,14,14.357142857142858,4,2017
2016-11-27,10,10.7,1,2017
2016-11-28,3,13.666666666666666,0,2017
2016-11-29,7,11.857142857142858,1,2017
2016-11-30,6,15.5,1,2017
2016-12-01,9,8.88888888888889,1,2017
2016-12-02,6,9,0,2017
2016-12-03,10,14.8,2,2017
2016-12-04,9,14.11111111111111,3,2017
2016-12-05,3,8.666666666666666,0,2017
2016-12-06,11,6.909090909090909,1,2017
2016-12-07,6,9.333333333333334,0,2017
2016-12-08,10,19.5,4,2017
2016-12-09,6,7.5,0,2017
2016-12-10,9,11.88888888888889,3,2017
2016-12-11,11,15.818181818181818,5,2017
2016-12-12,4,4.5,0,2017
2016-12-13,7,14,3,2017
2016-12-14,6,9.666666666666666,0,2017
2016-12-15,10,11.2,2,2017
2016-12-16,5,11.6,0,2017
2016-12-17,11,10.545454545454545,2,2017
2016-12-18,12,14.25,3,2017
2016-12-19,1,13,0,2017
2016-12-20,5,10.4,1,2017
2016-12-21,11,9.727272727272727,1,2017
2016-12-22,8,8.5,0,2017
2016-12-23,5,9.4,0,2017
2016-12-24,14,9.928571428571429,3,2017
2016-12-25,3,8.333333333333334,0,2017
2016-12-26,2,10.5,0,2017
2016-12-27,11,7.7272727272727275,0,2017
2016-12-28,4,10,0,2017
2016-12-29,10,10.6,2,2017
2016-12-30,7,13.714285714285714,1,2017
2016-12-31,10,12.7,2,2017
2017-01-01,8,11.75,2,2017
2017-01-02,2,7.5,0,2017
2017-01-03,8,9,0,2017
2017-01-04,8,10.5,1,2017
2017-01-05,7,9.285714285714286,0,2017
2017-01-06,8,9,1,2017
2017-01-07,8,9.375,1,2017
2017-01-08,11,10.181818181818182,0,2017
2017-01-09,5,8.2,0,2017
2017-01-10,3,12.666666666666666,0,2017
2017-01-11,9,9.555555555555555,2,2017
2017-01-12,7,12.142857142857142,1,2017
2017-01-13,5,17.8,2,2017
2017-01-14,12,10.916666666666666,1,2017
2017-01-15,6,14.5,1,2017
2017-01-16,8,7.25,0,2017
2017-01-17,4,18,2,2017
2017-01-18,5,6.2,0,2017
2017-01-19,9,14.444444444444445,4,2017
2017-01-20,5,7.8,0,2017
2017-01-21,11,13.272727272727273,2,2017
2017-01-22,12,15.25,4,2017
2017-01-23,1,3,0,2017
2017-01-24,9,8.555555555555555,1,2017
2017-01-25,6,7.833333333333333,0,2017
2017-01-26,10,6.4,0,2017
2017-01-27,4,8,0,2017
2017-01-28,10,12.3,2,2017
2017-01-29,12,13,2,2017
2017-01-30,4,5.5,0,2017
2017-01-31,5,8.8,0,2017
2017-02-01,6,12.5,1,2017
2017-02-02,12,16.5,5,2017
2017-02-03,4,10.5,0,2017
2017-02-04,9,6.333333333333333,0,2017
2017-02-05,13,13.692307692307692,5,2017
2017-02-07,11,11.181818181818182,2,2017
2017-02-08,3,9.666666666666666,1,2017
2017-02-09,12,15.083333333333334,2,2017
2017-02-10,5,7.6,0,2017
2017-02-11,10,9.6,0,2017
2017-02-12,10,16,3,2017
2017-02-13,1,6,0,2017
2017-02-14,11,11,2,2017
2017-02-15,3,6.666666666666667,0,2017
2017-02-16,14,13.857142857142858,4,2017
2017-02-17,2,7,0,2017
2017-02-20,1,10,0,2017
2017-02-24,6,14.333333333333334,1,2017
2017-02-25,11,12.636363636363637,1,2017
2017-02-26,13,11.692307692307692,1,2017
2017-02-27,2,5.5,0,2017
2017-02-28,7,9.285714285714286,0,2017
2017-03-01,6,9.166666666666666,0,2017
2017-03-02,11,13.363636363636363,3,2017
2017-03-03,3,9.666666666666666,0,2017
2017-03-04,11,10.636363636363637,2,2017
2017-03-05,12,8.666666666666666,1,2017
2017-03-06,2,11.5,0,2017
2017-03-07,11,10,0,2017
2017-03-08,3,6.666666666666667,0,2017
2017-03-09,11,10,0,2017
2017-03-10,5,9.8,0,2017
2017-03-11,11,14.454545454545455,4,2017
2017-03-12,12,10.333333333333334,2,2017
2017-03-13,5,8.8,1,2017
2017-03-14,9,15.333333333333334,3,2017
2017-03-15,7,12.285714285714286,2,2017
2017-03-16,9,12.11111111111111,2,2017
2017-03-17,6,17.833333333333332,2,2017
2017-03-18,7,11.571428571428571,0,2017
2017-03-19,12,14.333333333333334,3,2017
2017-03-20,5,7.6,0,2017
2017-03-21,6,7.5,0,2017
2017-03-22,7,12.571428571428571,2,2017
2017-03-23,8,16.75,3,2017
2017-03-24,8,12.25,2,2017
2017-03-25,7,10.428571428571429,0,2017
2017-03-26,10,10.2,0,2017
2017-03-27,5,17.2,1,2017
2017-03-28,9,6.666666666666667,1,2017
2017-03-29,8,8.25,0,2017
2017-03-30,6,11.333333333333334,1,2017
2017-03-31,8,9.25,0,2017
2017-04-01,10,8.8,1,2017
2017-04-02,12,7.833333333333333,0,2017
2017-04-03,3,10.666666666666666,1,2017
2017-04-04,4,17,2,2017
2017-04-05,9,12.11111111111111,1,2017
2017-04-06,10,9.7,1,2017
2017-04-07,4,7.5,0,2017
2017-04-08,12,9.416666666666666,1,2017
2017-04-09,9,10.666666666666666,1,2017
2017-04-10,4,5.5,0,2017
2017-04-11,7,17.714285714285715,3,2017
2017-04-12,4,14.25,1,2017
2017-04-13,14,11.642857142857142,2,2017
2017-10-18,7,6.428571428571429,0,2018
2017-10-19,7,15.142857142857142,1,2018
2017-10-20,8,13.875,1,2018
2017-10-21,5,10.4,1,2018
2017-10-22,12,12.5,2,2018
2017-10-23,3,9.666666666666666,0,2018
2017-10-24,9,10,2,2018
2017-10-25,7,13.571428571428571,2,2018
2017-10-26,6,10.166666666666666,0,2018
2017-10-27,9,10.555555555555555,2,2018
2017-10-28,4,9.25,1,2018
2017-10-29,13,12.615384615384615,2,2018
2017-10-30,4,7.75,0,2018
2017-10-31,8,14,1,2018
2017-11-01,8,13.75,2,2018
2017-11-02,6,13,2,2018
2017-11-03,8,12.625,2,2018
2017-11-04,8,7.375,0,2018
2017-11-05,7,10,0,2018
2017-11-06,6,13,1,2018
2017-11-07,3,8.666666666666666,0,2018
2017-11-08,10,7.1,0,2018
2017-11-09,5,15.2,1,2018
2017-11-10,5,6.6,0,2018
2017-11-11,8,9.25,0,2018
2017-11-12,14,15.071428571428571,4,2018
2017-11-13,1,13,0,2018
2017-11-14,9,8.666666666666666,0,2018
2017-11-15,3,9.666666666666666,0,2018
2017-11-16,11,10.909090909090908,1,2018
2017-11-17,2,15,1,2018
2017-11-18,11,11.272727272727273,3,2018
2017-11-19,10,18.1,4,2018
2017-11-20,3,9.666666666666666,0,2018
2017-11-21,11,14.181818181818182,3,2018
2017-11-22,1,9,0,2018
2017-11-23,14,12.857142857142858,3,2018
2017-11-24,1,2,0,2018
2017-11-25,9,14.333333333333334,2,2018
2017-11-26,13,13.461538461538462,2,2018
2017-11-28,8,10.75,1,2018
2017-11-29,5,14.6,2,2018
2017-11-30,10,14.1,3,2018
2017-12-01,5,10,0,2018
2017-12-02,11,10.818181818181818,2,2018
2017-12-03,6,7,0,2018
2017-12-04,4,15,2,2018
2017-12-05,11,15.909090909090908,3,2018
2017-12-06,3,11,0,2018
2017-12-07,10,7.5,0,2018
2017-12-08,4,7.25,0,2018
2017-12-09,10,6.9,0,2018
2017-12-10,11,8.181818181818182,0,2018
2017-12-11,3,5.333333333333333,0,2018
2017-12-12,6,13.333333333333334,2,2018
2017-12-13,7,8,0,2018
2017-12-14,9,7,0,2018
2017-12-15,5,13.6,1,2018
2017-12-16,11,9.454545454545455,1,2018
2017-12-17,12,7.166666666666667,0,2018
2017-12-19,10,7.6,1,2018
2017-12-20,3,6.333333333333333,0,2018
2017-12-21,12,11.583333333333334,1,2018
2017-12-22,5,6,0,2018
2017-12-23,10,12.2,1,2018
2017-12-24,12,11.166666666666666,2,2018
2017-12-25,3,7.333333333333333,0,2018
2017-12-26,2,11,0,2018
2017-12-27,8,15.125,3,2018
2017-12-28,10,11.8,1,2018
2017-12-29,5,7.2,0,2018
2017-12-30,9,12.555555555555555,1,2018
2017-12-31,10,8.2,0,2018
2018-01-01,5,9.6,0,2018
2018-01-02,4,7.25,0,2018
2018-01-03,5,11,1,2018
2018-01-04,12,13.916666666666666,3,2018
2018-01-05,2,10,0,2018
2018-01-06,12,12.166666666666666,2,2018
2018-01-07,7,12,1,2018
2018-01-08,4,9.5,0,2018
2018-01-09,8,9,1,2018
2018-01-10,4,10,0,2018
2018-01-11,12,10.833333333333334,1,2018
2018-01-12,3,17.333333333333332,1,2018
2018-01-13,12,9.75,1,2018
2018-01-14,6,10.833333333333334,1,2018
2018-01-15,9,11.222222222222221,1,2018
2018-01-16,4,10.75,0,2018
2018-01-17,4,4.75,0,2018
2018-01-18,10,9.7,2,2018
2018-01-19,4,10.5,0,2018
2018-01-20,9,11.11111111111111,1,2018
2018-01-21,10,9.4,2,2018
2018-01-22,1,8,0,2018
2018-01-23,9,8.222222222222221,1,2018
2018-01-24,5,6.2,0,2018
2018-01-25,9,11.333333333333334,1,2018
2018-01-26,4,8.75,0,2018
2018-01-27,11,11.909090909090908,2,2018
2018-01-28,12,10.333333333333334,1,2018
2018-01-29,1,15,0,2018
2018-01-30,6,7.5,0,2018
2018-01-31,9,10.666666666666666,1,2018
2018-02-01,8,13.625,2,2018
2018-02-02,5,7.6,0,2018
2018-02-03,10,12.3,2,2018
2018-02-04,14,9.857142857142858,1,2018
2018-02-06,7,11.571428571428571,2,2018
2018-02-07,8,17.5,3,2018
2018-02-08,5,14.2,1,2018
2018-02-09,6,13.666666666666666,2,2018
2018-02-10,10,12.6,1,2018
2018-02-11,10,11.9,2,2018
2018-02-12,4,12.25,0,2018
2018-02-13,6,16,1,2018
2018-02-14,6,7.833333333333333,0,2018
2018-02-15,12,9,2,2018
2018-02-16,2,9.5,0,2018
2018-02-17,1,31,1,2018
2018-02-19,1,3,0,2018
2018-02-23,6,6.666666666666667,0,2018
2018-02-24,12,13.583333333333334,3,2018
2018-02-25,10,13.3,2,2018
2018-02-26,2,10,0,2018
2018-02-27,10,14.1,1,2018
2018-02-28,6,7.333333333333333,0,2018
2018-03-01,9,11.555555555555555,2,2018
2018-03-02,4,10.75,0,2018
2018-03-03,10,9.2,1,2018
2018-03-04,10,5.6,0,2018
2018-03-05,4,7.75,0,2018
2018-03-06,7,12,2,2018
2018-03-07,8,12.125,1,2018
2018-03-08,7,8.714285714285714,1,2018
2018-03-09,5,12.4,1,2018
2018-03-10,11,12.818181818181818,1,2018
2018-03-11,12,17.416666666666668,6,2018
2018-03-12,1,14,0,2018
2018-03-13,9,11.333333333333334,0,2018
2018-03-14,7,16.714285714285715,3,2018
2018-03-15,6,7.166666666666667,0,2018
2018-03-16,9,8.222222222222221,1,2018
2018-03-17,8,7.875,1,2018
2018-03-18,9,10.777777777777779,0,2018
2018-03-19,7,10.428571428571429,0,2018
2018-03-20,3,12.333333333333334,0,2018
2018-03-21,10,10.5,2,2018
2018-03-22,6,22.166666666666668,3,2018
2018-03-23,9,8.333333333333334,1,2018
2018-03-24,8,10,1,2018
2018-03-25,10,7.9,1,2018
2018-03-26,5,14.4,0,2018
2018-03-27,4,7.5,0,2018
2018-03-28,9,12.88888888888889,1,2018
2018-03-29,7,9.142857142857142,0,2018
2018-03-30,5,6.8,0,2018
2018-03-31,10,6,0,2018
2018-04-01,11,12.272727272727273,1,2018
2018-04-02,4,7.25,0,2018
2018-04-03,4,14.75,2,2018
2018-04-04,12,7.75,1,2018
2018-04-05,4,19,2,2018
2018-04-06,12,11.833333333333334,3,2018
2018-04-07,5,13.8,0,2018
2018-04-08,10,11.4,1,2018
2018-04-09,5,14.4,1,2018
2018-04-10,7,14.428571428571429,1,2018
2018-04-11,4,21.25,2,2018
2018-04-12,12,15.75,3,2018
2018-10-17,8,11.5,1,2019
2018-10-18,5,11.8,1,2019
2018-10-19,5,12.6,1,2019
2018-10-20,11,10.454545454545455,2,2019
2018-10-21,8,11.25,2,2019
2018-10-22,4,7.25,1,2019
2018-10-23,8,7.25,1,2019
2018-10-24,6,12.333333333333334,1,2019
2018-10-25,9,12.666666666666666,2,2019
2018-10-26,5,15.8,2,2019
2018-10-27,9,13.666666666666666,4,2019
2018-10-28,7,11.142857142857142,2,2019
2018-10-29,5,18.4,2,2019
2018-10-30,10,11.6,2,2019
2018-10-31,4,12.5,0,2019
2018-11-01,10,11.4,2,2019
2018-11-02,4,12.5,1,2019
2018-11-03,10,12.1,2,2019
2018-11-04,7,16.285714285714285,2,2019
2018-11-05,4,13.25,1,2019
2018-11-06,9,7.333333333333333,0,2019
2018-11-07,4,16.75,1,2019
2018-11-08,10,7.3,0,2019
2018-11-09,4,14.75,1,2019
2018-11-10,9,8,0,2019
2018-11-11,9,10.666666666666666,1,2019
2018-11-12,5,10.4,1,2019
2018-11-13,9,9,0,2019
2018-11-14,3,13.666666666666666,1,2019
2018-11-15,11,17,5,2019
2018-11-16,3,23.666666666666668,2,2019
2018-11-17,9,9.777777777777779,0,2019
2018-11-18,13,13.153846153846153,2,2019
2018-11-19,1,12,0,2019
2018-11-20,9,10,1,2019
2018-11-21,4,6.25,0,2019
2018-11-22,13,11.23076923076923,2,2019
2018-11-23,2,7.5,0,2019
2018-11-24,12,11.666666666666666,2,2019
2018-11-25,13,6.923076923076923,0,2019
2018-11-26,2,12.5,1,2019
2018-11-27,7,10.142857142857142,1,2019
2018-11-28,5,10.8,1,2019
2018-11-29,10,16.9,4,2019
2018-11-30,3,7.666666666666667,0,2019
2018-12-01,12,14.166666666666666,3,2019
2018-12-02,10,10.4,1,2019
2018-12-03,2,8.5,0,2019
2018-12-04,7,9.571428571428571,1,2019
2018-12-05,5,16.2,1,2019
2018-12-06,10,14.1,3,2019
2018-12-07,3,25.666666666666668,3,2019
2018-12-08,11,9.363636363636363,1,2019
2018-12-09,10,16.4,3,2019
2018-12-10,2,12.5,0,2019
2018-12-11,11,11.363636363636363,1,2019
2018-12-12,3,18.666666666666668,2,2019
2018-12-13,11,10,2,2019
2018-12-14,4,17.25,1,2019
2018-12-15,10,8.6,1,2019
2018-12-16,10,13.3,2,2019
2018-12-17,3,7.333333333333333,0,2019
2018-12-18,8,15.75,3,2019
2018-12-19,4,5.5,0,2019
2018-12-20,12,12.416666666666666,2,2019
2018-12-21,2,3,0,2019
2018-12-22,11,14,3,2019
2018-12-23,13,10.692307692307692,3,2019
2018-12-24,4,3.75,0,2019
2018-12-25,3,8.333333333333334,0,2019
2018-12-26,2,23.5,2,2019
2018-12-27,10,7.8,1,2019
2018-12-28,5,9.8,0,2019
2018-12-29,11,14.636363636363637,3,2019
2018-12-30,11,8.545454545454545,1,2019
2018-12-31,5,15.2,2,2019
2019-01-01,5,14.6,2,2019
2019-01-02,5,9.4,1,2019
2019-01-03,9,16,3,2019
2019-01-04,3,7.666666666666667,0,2019
2019-01-05,11,13.272727272727273,3,2019
2019-01-06,11,14.454545454545455,4,2019
2019-01-07,3,13.333333333333334,0,2019
2019-01-08,8,14,1,2019
2019-01-09,8,10.5,1,2019
2019-01-10,10,14.1,1,2019
2019-01-11,4,13.5,1,2019
2019-01-12,11,15.272727272727273,3,2019
2019-01-13,10,7.1,0,2019
2019-01-14,3,4.666666666666667,0,2019
2019-01-15,6,9.666666666666666,0,2019
2019-01-16,6,28,4,2019
2019-01-17,9,8.444444444444445,1,2019
2019-01-18,5,17,2,2019
2019-01-19,9,9.777777777777779,1,2019
2019-01-20,9,14,3,2019
2019-01-21,10,14.4,2,2019
2019-01-22,3,17.333333333333332,1,2019
2019-01-23,4,14.75,1,2019
2019-01-24,10,8.7,2,2019
2019-01-25,4,10.75,0,2019
2019-01-26,11,8.818181818181818,1,2019
2019-01-27,7,7.857142857142857,0,2019
2019-01-28,6,9.666666666666666,0,2019
2019-01-29,5,11.4,1,2019
2019-01-30,7,7.142857142857143,0,2019
2019-01-31,8,18.375,4,2019
2019-02-01,6,6.5,0,2019
2019-02-02,6,13,0,2019
2019-02-03,14,10.785714285714286,1,2019
2019-02-05,6,13,1,2019
2019-02-06,8,12.25,1,2019
2019-02-07,7,18.285714285714285,3,2019
2019-02-08,6,14,2,2019
2019-02-09,9,12.444444444444445,1,2019
2019-02-10,11,10.909090909090908,2,2019
2019-02-11,2,9,0,2019
2019-02-12,9,9.666666666666666,0,2019
2019-02-13,5,9,1,2019
2019-02-14,11,12.181818181818182,2,2019
2019-02-15,3,20.666666666666668,1,2019
2019-02-16,1,17,0,2019
2019-02-18,1,14,0,2019
2019-02-22,6,6.5,0,2019
2019-02-23,10,7.8,0,2019
2019-02-24,13,11.307692307692308,2,2019
2019-02-25,1,12,0,2019
2019-02-26,11,8,0,2019
2019-02-27,3,12.333333333333334,1,2019
2019-02-28,11,5.818181818181818,0,2019
2019-03-01,6,5.833333333333333,0,2019
2019-03-02,8,12.375,1,2019
2019-03-03,15,12.133333333333333,3,2019
2019-03-04,1,4,0,2019
2019-03-05,7,9.714285714285714,1,2019
2019-03-06,6,13.666666666666666,1,2019
2019-03-07,10,8.6,0,2019
2019-03-08,2,13.5,0,2019
2019-03-09,10,11.2,1,2019
2019-03-10,11,11.454545454545455,2,2019
2019-03-11,6,13.5,2,2019
2019-03-12,5,11.6,1,2019
2019-03-13,9,18.22222222222222,4,2019
2019-03-14,5,11.2,1,2019
2019-03-15,6,10.5,1,2019
2019-03-16,8,10.5,1,2019
2019-03-17,11,10.363636363636363,2,2019
2019-03-18,6,15.166666666666666,2,2019
2019-03-19,7,8.857142857142858,0,2019
2019-03-20,8,10.5,2,2019
2019-03-21,8,5.5,0,2019
2019-03-22,7,12.857142857142858,2,2019
2019-03-23,6,9,1,2019
2019-03-24,11,18.636363636363637,5,2019
2019-03-25,3,11,1,2019
2019-03-26,7,11.714285714285714,1,2019
2019-03-27,6,10,0,2019
2019-03-28,9,13.555555555555555,2,2019
2019-03-29,6,11.333333333333334,2,2019
2019-03-30,10,10,1,2019
2019-03-31,7,10.857142857142858,2,2019
2019-04-01,8,14.125,1,2019
2019-04-02,4,12,1,2019
2019-04-03,10,12.3,1,2019
2019-04-04,6,19.333333333333332,4,2019
2019-04-05,6,15.333333333333334,1,2019
2019-04-06,11,11.090909090909092,3,2019
2019-04-07,11,12.545454545454545,3,2019
2019-04-08,4,10.5,1,2019
2019-04-09,4,15.75,2,2019
2019-04-10,7,9.142857142857142,1,2019
2019-04-11,11,11.090909090909092,1,2019
2019-10-23,8,8.875,0,2020
2019-10-24,6,12.666666666666666,1,2020
2019-10-25,5,11.4,1,2020
2019-10-26,10,8.5,1,2020
2019-10-27,10,11.8,3,2020
2019-10-28,5,7.8,0,2020
2019-10-29,8,9.125,0,2020
2019-10-30,8,13.125,2,2020
2019-10-31,6,7.5,0,2020
2019-11-01,6,11.5,1,2020
2019-11-02,7,7.428571428571429,0,2020
2019-11-03,8,13.875,3,2020
2019-11-04,3,12.666666666666666,1,2020
2019-11-05,6,12.5,1,2020
2019-11-06,6,8.333333333333334,1,2020
2019-11-07,9,11.11111111111111,2,2020
2019-11-08,4,13,1,2020
2019-11-09,12,11.333333333333334,2,2020
2019-11-10,7,9.571428571428571,1,2020
2019-11-11,5,13.8,2,2020
2019-11-12,6,8.333333333333334,0,2020
2019-11-13,8,9.875,1,2020
2019-11-14,8,11.625,1,2020
2019-11-15,5,8.2,0,2020
2019-11-16,9,6.333333333333333,1,2020
2019-11-17,11,14.363636363636363,2,2020
2019-11-18,2,14.5,1,2020
2019-11-19,9,17.11111111111111,3,2020
2019-11-20,4,9.75,0,2020
2019-11-21,11,14.363636363636363,3,2020
2019-11-22,2,5.5,0,2020
2019-11-23,11,11.636363636363637,2,2020
2019-11-24,12,7.916666666666667,1,2020
2019-11-25,2,18.5,1,2020
2019-11-26,11,9.454545454545455,1,2020
2019-11-27,2,14,0,2020
2019-11-28,14,10.857142857142858,1,2020
2019-11-29,1,5,0,2020
2019-11-30,13,7.923076923076923,1,2020
2019-12-01,11,16.90909090909091,4,2020
2019-12-02,1,25,1,2020
2019-12-03,6,17.166666666666668,2,2020
2019-12-04,7,14.714285714285714,3,2020
2019-12-05,10,14.1,2,2020
2019-12-06,4,15,1,2020
2019-12-07,11,14,3,2020
2019-12-08,9,12.555555555555555,1,2020
2019-12-09,3,11,0,2020
2019-12-10,9,9.333333333333334,1,2020
2019-12-11,4,13.5,1,2020
2019-12-12,11,10.454545454545455,2,2020
2019-12-13,4,10,0,2020
2019-12-14,10,8.5,1,2020
2019-12-15,11,11.181818181818182,2,2020
2019-12-16,2,13.5,1,2020
2019-12-17,7,7.285714285714286,1,2020
2019-12-18,6,11.5,2,2020
2019-12-19,9,6.333333333333333,0,2020
2019-12-20,4,7.5,0,2020
2019-12-21,12,11.916666666666666,1,2020
2019-12-22,9,14.333333333333334,3,2020
2019-12-23,3,19.333333333333332,2,2020
2019-12-24,11,9,1,2020
2019-12-25,3,13.333333333333334,0,2020
2019-12-26,2,8.5,0,2020
2019-12-27,7,11.142857142857142,1,2020
2019-12-28,6,8,1,2020
2019-12-29,14,12.785714285714286,4,2020
2019-12-30,4,11.5,0,2020
2019-12-31,9,15.11111111111111,2,2020
2020-01-01,5,15.2,3,2020
2020-01-02,3,12,1,2020
2020-01-03,9,8.333333333333334,0,2020
2020-01-04,8,14.375,2,2020
2020-01-05,11,8.090909090909092,0,2020
2020-01-06,3,9.666666666666666,0,2020
2020-01-07,9,9.777777777777779,1,2020
2020-01-08,6,10,1,2020
2020-01-09,9,13.444444444444445,2,2020
2020-01-10,4,12.25,1,2020
2020-01-11,11,13.272727272727273,2,2020
2020-01-12,11,14.818181818181818,4,2020
2020-01-13,2,9,0,2020
2020-01-14,7,10.285714285714286,1,2020
2020-01-15,6,18.833333333333332,3,2020
2020-01-16,10,8.2,0,2020
2020-01-17,5,12.8,2,2020
2020-01-18,9,9.444444444444445,2,2020
2020-01-19,10,11.5,2,2020
2020-01-20,10,10.1,2,2020
2020-01-21,5,15.2,2,2020
2020-01-22,1,3,0,2020
2020-01-23,12,14,4,2020
2020-01-24,4,12,0,2020
2020-01-25,11,10.454545454545455,1,2020
2020-01-26,11,11.454545454545455,0,2020
2020-01-27,1,10,0,2020
2020-01-28,6,10,1,2020
2020-01-29,9,12.333333333333334,2,2020
2020-01-30,6,13.333333333333334,2,2020
2020-01-31,6,12,1,2020
2020-02-01,8,12.375,1,2020
2020-02-02,13,15.923076923076923,5,2020
2020-02-04,10,11.6,2,2020
2020-02-05,4,20.5,2,2020
2020-02-06,9,12.555555555555555,1,2020
2020-02-07,5,7.4,0,2020
2020-02-08,9,10.777777777777779,1,2020
2020-02-09,12,9,2,2020
2020-02-10,3,16,1,2020
2020-02-11,9,10.222222222222221,1,2020
2020-02-12,5,11.8,1,2020
2020-02-13,11,10.818181818181818,1,2020
2020-02-14,2,6.5,0,2020
2020-02-15,1,20,1,2020
2020-02-17,1,2,0,2020
2020-02-21,6,12.833333333333334,2,2020
2020-02-22,10,11.1,0,2020
2020-02-23,9,16.77777777777778,3,2020
2020-02-24,4,13.5,1,2020
2020-02-25,8,12.75,2,2020
2020-02-26,7,15.428571428571429,1,2020
2020-02-27,9,10.222222222222221,1,2020
2020-02-28,4,12.25,1,2020
2020-02-29,11,14.363636363636363,3,2020
2020-03-01,12,9.5,1,2020
2020-03-02,2,11,0,2020
2020-03-03,7,14.285714285714286,2,2020
2020-03-04,8,9.375,0,2020
2020-03-05,9,12.666666666666666,2,2020
2020-03-06,4,10.5,0,2020
2020-03-07,11,12.090909090909092,2,2020
2020-03-08,15,8.333333333333334,1,2020
2020-03-09,2,5,0,2020
2020-03-10,4,8.25,0,2020
2020-03-11,10,10.2,1,2020
2020-03-12,3,5.333333333333333,0,2020
2020-07-30,1,2,0,2020
2020-07-31,5,7.4,0,2020
2020-08-01,6,13,2,2020
2020-08-02,5,9,0,2020
2020-08-03,6,6.5,0,2020
2020-08-04,7,5.142857142857143,0,2020
2020-08-05,5,10.2,0,2020
2020-08-06,6,17.166666666666668,1,2020
2020-08-07,6,13.833333333333334,1,2020
2020-08-08,6,8.666666666666666,1,2020
2020-08-09,6,7.666666666666667,0,2020
2020-08-10,5,13.8,1,2020
2020-08-11,7,12.285714285714286,1,2020
2020-08-12,4,6.75,0,2020
2020-08-13,7,11.285714285714286,1,2020
2020-08-14,5,7.2,0,2020
2020-08-15,1,38,1,2020
2020-12-23,2,16.5,1,2021
2020-12-24,13,8.923076923076923,2,2021
2020-12-25,3,26.666666666666668,2,2021
2020-12-26,3,15.333333333333334,1,2021
2020-12-27,10,12.6,2,2021
2020-12-28,9,12.222222222222221,3,2021
2020-12-29,5,7,0,2021
2020-12-30,10,15.5,3,2021
2020-12-31,9,15.222222222222221,3,2021
2021-01-01,4,16,1,2021
2021-01-02,11,13.181818181818182,3,2021
2021-01-03,8,6.75,0,2021
2021-01-04,5,13.2,1,2021
2021-01-05,9,15.333333333333334,3,2021
2021-01-06,5,9.8,1,2021
2021-01-07,11,7.2727272727272725,0,2021
2021-01-08,5,10.2,0,2021
2021-01-09,11,12.636363636363637,2,2021
2021-01-10,11,11.272727272727273,2,2021
2021-01-11,4,6.75,0,2021
2021-01-12,8,12.25,3,2021
2021-01-13,7,10.714285714285714,1,2021
2021-01-14,10,7.8,1,2021
2021-01-15,5,11.6,1,2021
2021-01-16,12,11.083333333333334,3,2021
2021-01-17,8,9.625,2,2021
2021-01-18,9,9.444444444444445,2,2021
2021-01-19,5,7.6,1,2021
2021-01-20,2,17,0,2021
2021-01-21,11,8.818181818181818,1,2021
2021-01-22,3,11,0,2021
2021-01-23,13,8.461538461538462,1,2021
2021-01-24,9,10.444444444444445,1,2021
2021-01-25,6,13,2,2021
2021-01-26,11,9.454545454545455,1,2021
2021-01-27,3,14,0,2021
2021-01-28,13,9.923076923076923,1,2021
2021-01-29,4,10.75,1,2021
2021-01-30,10,14.8,4,2021
2021-01-31,10,10.4,1,2021
2021-02-01,4,7.5,0,2021
2021-02-02,10,12.5,3,2021
2021-02-03,6,10.666666666666666,0,2021
2021-02-04,10,10.9,3,2021
2021-02-05,5,20.2,3,2021
2021-02-06,11,10.272727272727273,1,2021
2021-02-07,14,10.714285714285714,3,2021
2021-02-09,8,10,1,2021
2021-02-10,7,13.714285714285714,2,2021
2021-02-11,9,12.11111111111111,2,2021
2021-02-12,5,9.4,0,2021
2021-02-13,12,11.5,0,2021
2021-02-14,5,16.4,1,2021
2021-02-15,9,11.333333333333334,0,2021
2021-02-16,7,13,1,2021
2021-02-17,7,11.142857142857142,1,2021
2021-02-18,11,7.181818181818182,0,2021
2021-02-19,3,11,0,2021
2021-02-20,11,8.545454545454545,0,2021
2021-02-21,7,7.857142857142857,1,2021
2021-02-22,7,8.714285714285714,0,2021
2021-02-23,7,14.428571428571429,3,2021
2021-02-24,9,10.11111111111111,1,2021
2021-02-25,9,10.11111111111111,1,2021
2021-02-26,6,17.333333333333332,2,2021
2021-02-27,9,9.333333333333334,1,2021
2021-02-28,8,11.5,1,2021
2021-03-01,8,15.625,2,2021
2021-03-02,7,9.571428571428571,0,2021
2021-03-03,7,14.285714285714286,2,2021
2021-03-04,10,10.7,2,2021
2021-03-05,9,7.888888888888889,1,2021
2021-03-08,1,20,1,2021
2021-03-11,2,13,0,2021
2021-03-12,11,15.363636363636363,5,2021
2021-03-13,8,17.625,4,2021
2021-03-14,12,11.666666666666666,1,2021
2021-03-15,6,14.833333333333334,3,2021
2021-03-16,7,14.571428571428571,2,2021
2021-03-17,10,8.7,1,2021
2021-03-18,9,11.777777777777779,2,2021
2021-03-19,5,8,0,2021
2021-03-20,9,10.11111111111111,1,2021
2021-03-21,11,11.272727272727273,2,2021
2021-03-22,4,18,1,2021
2021-03-23,10,14.3,2,2021
2021-03-24,6,9.166666666666666,1,2021
2021-03-25,10,13.6,4,2021
2021-03-26,6,9.5,1,2021
2021-03-27,8,8.875,0,2021
2021-03-28,11,11,1,2021
2021-03-29,6,9.333333333333334,1,2021
2021-03-30,8,18.625,3,2021
2021-03-31,7,9.714285714285714,1,2021
2021-04-01,9,13.333333333333334,3,2021
2021-04-02,7,15.142857142857142,1,2021
2021-04-03,8,19.625,4,2021
2021-04-04,12,20.5,4,2021
2021-04-05,8,10.875,2,2021
2021-04-06,5,10.8,0,2021
2021-04-07,8,11.75,1,2021
2021-04-08,7,9.571428571428571,0,2021
2021-04-09,8,12.625,1,2021
2021-04-10,7,9.857142857142858,1,2021
2021-04-11,10,19,4,2021
2021-04-12,8,8.5,0,2021
2021-04-13,10,10.6,2,2021
2021-04-14,8,11,2,2021
2021-04-15,9,12,1,2021
2021-04-16,9,8.777777777777779,0,2021
2021-04-17,6,11.5,1,2021
2021-04-18,12,10.916666666666666,2,2021
2021-04-19,4,10,0,2021
2021-04-20,9,11,1,2021
2021-04-21,7,7.857142857142857,0,2021
2021-04-22,10,13.4,3,2021
2021-04-23,5,11.4,0,2021
2021-04-24,8,14.375,3,2021
2021-04-25,10,9.3,1,2021
2021-04-26,8,13.25,1,2021
2021-04-27,9,11.666666666666666,2,2021
2021-04-28,7,17.571428571428573,2,2021
2021-04-29,7,16,2,2021
2021-04-30,7,13.857142857142858,2,2021
2021-05-01,7,15.714285714285714,2,2021
2021-05-02,10,11.4,1,2021
2021-05-03,9,10.444444444444445,1,2021
2021-05-04,8,9.375,0,2021
2021-05-05,6,16.666666666666668,2,2021
2021-05-06,10,14.3,4,2021
2021-05-07,6,15,3,2021
2021-05-08,11,10.545454545454545,2,2021
2021-05-09,9,16.444444444444443,4,2021
2021-05-10,5,12.6,1,2021
2021-05-11,8,11.375,1,2021
2021-05-12,8,10.75,1,2021
2021-05-13,10,11.8,2,2021
2021-05-14,5,9,0,2021
2021-05-15,12,12.666666666666666,2,2021
2021-05-16,9,11.444444444444445,1,2021
2021-05-17,7,12.714285714285714,1,2021
2021-10-19,1,23,1,2022
2021-10-20,5,6.6,0,2022
2021-10-21,8,17.125,4,2022
2021-10-22,7,16.857142857142858,3,2022
2021-10-23,8,12.375,1,2022
2021-10-24,9,12.333333333333334,1,2022
2021-10-25,8,11,0,2022
2021-10-26,4,16,1,2022
2021-10-27,9,9.555555555555555,0,2022
2021-10-28,7,9.714285714285714,1,2022
2021-10-29,7,9,1,2022
2021-10-30,9,12.555555555555555,2,2022
2021-10-31,10,13.1,3,2022
2021-11-01,7,9.428571428571429,0,2022
2021-11-02,5,15,1,2022
2021-11-03,9,8,0,2022
2021-11-04,8,11.875,1,2022
2021-11-05,7,11.142857142857142,1,2022
2021-11-06,6,16.5,3,2022
2021-11-07,9,8.666666666666666,0,2022
2021-11-08,3,10.666666666666666,0,2022
2021-11-09,8,11.5,1,2022
2021-11-10,3,9.666666666666666,0,2022
2021-11-11,13,11.384615384615385,1,2022
2021-11-12,3,6.666666666666667,0,2022
2021-11-13,12,13.583333333333334,4,2022
2021-11-14,8,11.375,2,2022
2021-11-15,5,18.6,3,2022
2021-11-16,11,12.909090909090908,2,2022
2021-11-17,3,22.333333333333332,1,2022
2021-11-18,11,9.181818181818182,0,2022
2021-11-19,6,16.166666666666668,1,2022
2021-11-20,10,9,1,2022
2021-11-21,10,12.4,1,2022
2021-11-22,3,16.666666666666668,1,2022
2021-11-23,10,13.1,2,2022
2021-11-24,4,10.25,0,2022
2021-11-25,13,12.538461538461538,3,2022
2021-11-26,1,11,0,2022
2021-11-27,12,13.75,3,2022
2021-11-28,11,12.181818181818182,2,2022
2021-11-29,1,4,0,2022
2021-11-30,9,13.222222222222221,1,2022
2021-12-01,5,12,1,2022
2021-12-02,9,10,2,2022
2021-12-03,5,24.6,2,2022
2021-12-04,10,9.6,1,2022
2021-12-05,9,9.666666666666666,2,2022
2021-12-06,1,10,0,2022
2021-12-07,10,11.3,1,2022
2021-12-08,3,10,0,2022
2021-12-09,13,10.846153846153847,3,2022
2021-12-10,3,15.666666666666666,1,2022
2021-12-11,10,11.1,2,2022
2021-12-12,8,15.375,2,2022
2021-12-13,4,12.75,0,2022
2021-12-14,9,15.222222222222221,3,2022
2021-12-15,4,3.75,0,2022
2021-12-16,11,13.727272727272727,2,2022
2021-12-17,5,10.2,1,2022
2021-12-18,9,10.333333333333334,0,2022
2021-12-19,9,10.11111111111111,1,2022
2021-12-20,6,7,1,2022
2021-12-21,7,10.285714285714286,1,2022
2021-12-22,6,14.5,1,2022
2021-12-23,6,11,1,2022
2021-12-24,12,8.833333333333334,1,2022
2021-12-25,3,9,0,2022
2021-12-26,6,18.666666666666668,3,2022
2021-12-27,4,12.75,1,2022
2021-12-28,7,11.285714285714286,1,2022
2021-12-29,8,7.375,0,2022
2021-12-30,9,8.777777777777779,0,2022
2021-12-31,7,10.857142857142858,0,2022
2022-01-01,8,14.625,2,2022
2022-01-02,9,5.777777777777778,0,2022
2022-01-03,3,16,1,2022
2022-01-04,10,10.5,1,2022
2022-01-05,5,12,1,2022
2022-01-06,11,9.181818181818182,1,2022
2022-01-07,4,13.75,1,2022
2022-01-08,10,16.1,2,2022
2022-01-09,9,10.333333333333334,2,2022
2022-01-10,6,12.166666666666666,0,2022
2022-01-11,7,8.428571428571429,1,2022
2022-01-12,6,11.166666666666666,1,2022
2022-01-13,9,15.777777777777779,4,2022
2022-01-14,5,20.8,3,2022
2022-01-15,10,15.2,2,2022
2022-01-16,11,12.727272727272727,2,2022
2022-01-17,9,13,2,2022
2022-01-18,5,7.4,0,2022
2022-01-19,2,9,0,2022
2022-01-20,13,8.76923076923077,1,2022
2022-01-21,3,7.666666666666667,0,2022
2022-01-22,11,7.2727272727272725,1,2022
2022-01-23,8,11.75,1,2022
2022-01-24,6,10,1,2022
2022-01-25,4,3.25,0,2022
2022-01-26,9,17.88888888888889,3,2022
2022-01-27,10,13.6,2,2022
2022-01-28,2,13.5,0,2022
2022-01-29,11,10.454545454545455,0,2022
2022-01-30,10,12.4,3,2022
2022-01-31,4,15.75,2,2022
2022-02-01,8,12.375,2,2022
2022-02-02,7,9.714285714285714,0,2022
2022-02-03,9,6.555555555555555,0,2022
2022-02-04,6,9.5,0,2022
2022-02-05,10,11.6,3,2022
2022-02-06,11,16.181818181818183,3,2022
2022-02-07,2,18.5,1,2022
2022-02-08,5,12,1,2022
2022-02-09,10,20,5,2022
2022-02-10,6,14.166666666666666,1,2022
2022-02-11,7,13.285714285714286,2,2022
2022-02-12,8,12.375,1,2022
2022-02-13,12,8.333333333333334,1,2022
2022-02-15,9,16.88888888888889,3,2022
2022-02-16,7,14,1,2022
2022-02-17,11,6.545454545454546,1,2022
2022-02-18,5,11.8,1,2022
2022-02-21,1,3,0,2022
2022-02-25,7,15.714285714285714,3,2022
2022-02-26,10,12.6,2,2022
2022-02-27,9,10.222222222222221,2,2022
2022-02-28,5,13.6,2,2022
2022-03-01,7,18.285714285714285,3,2022
2022-03-02,6,7.666666666666667,0,2022
2022-03-03,8,15.25,3,2022
2022-03-04,7,8.571428571428571,1,2022
2022-03-05,10,11.4,2,2022
2022-03-06,8,12.375,1,2022
2022-03-07,5,12.6,1,2022
2022-03-08,8,14.5,1,2022
2022-03-09,6,13.333333333333334,2,2022
2022-03-10,12,15.833333333333334,4,2022
2022-03-11,2,20,1,2022
2022-03-12,10,9.6,1,2022
2022-03-13,14,8.571428571428571,1,2022
2022-03-14,4,12.75,1,2022
2022-03-15,9,16.666666666666668,2,2022
2022-03-16,6,13.333333333333334,1,2022
2022-03-17,8,12.75,2,2022
2022-03-18,6,6.833333333333333,0,2022
2022-03-19,8,21.625,5,2022
2022-03-20,8,11.875,2,2022
2022-03-21,8,7.5,1,2022
2022-03-22,6,8.833333333333334,0,2022
2022-03-23,8,16.375,3,2022
2022-03-24,6,16.5,1,2022
2022-03-25,7,12.714285714285714,1,2022
2022-03-26,7,17.285714285714285,3,2022
2022-03-27,12,11.666666666666666,2,2022
2022-03-28,6,8.333333333333334,1,2022
2022-03-29,7,10.571428571428571,1,2022
2022-03-30,7,11.428571428571429,1,2022
2022-03-31,8,8.625,1,2022
2022-04-01,5,13.6,1,2022
2022-04-02,10,13.9,2,2022
2022-04-03,12,14.416666666666666,4,2022
2022-04-04,2,19,0,2022
2022-04-05,5,13.2,1,2022
2022-04-06,9,13.666666666666666,1,2022
2022-04-07,7,16.571428571428573,3,2022
2022-04-08,8,16.625,3,2022
2022-04-09,7,19.285714285714285,2,2022
2022-04-10,10,14.9,1,2022
2022-04-11,7,18.285714285714285,3,2022
2022-10-18,1,9,0,2023
2022-10-19,8,8.875,1,2023
2022-10-20,6,11,2,2023
2022-10-21,8,8.5,1,2023
2022-10-22,7,6.285714285714286,0,2023
2022-10-23,10,13.3,3,2023
2022-10-24,6,11.166666666666666,0,2023
2022-10-25,7,13,2,2023
2022-10-26,7,11.857142857142858,1,2023
2022-10-27,6,11.833333333333334,1,2023
2022-10-28,8,15.125,3,2023
2022-10-29,9,10,0,2023
2022-10-30,10,10.4,1,2023
2022-10-31,6,12.833333333333334,1,2023
2022-11-01,5,7.2,0,2023
2022-11-02,6,7.333333333333333,0,2023
2022-11-03,8,13.25,2,2023
2022-11-04,6,14.333333333333334,2,2023
2022-11-05,11,9.272727272727273,1,2023
2022-11-06,7,14.285714285714286,2,2023
2022-11-07,1,8,0,2023
2022-11-08,15,8.733333333333333,1,2023
2022-11-09,1,7,0,2023
2022-11-10,12,9.25,1,2023
2022-11-11,4,8.25,0,2023
2022-11-12,10,12.8,0,2023
2022-11-13,9,10.555555555555555,0,2023
2022-11-14,4,12.5,1,2023
2022-11-15,7,12,1,2023
2022-11-16,5,11.8,1,2023
2022-11-17,10,11.6,1,2023
2022-11-18,3,8.333333333333334,0,2023
2022-11-19,12,7.916666666666667,1,2023
2022-11-20,7,9.142857142857142,2,2023
2022-11-21,5,15.4,2,2023
2022-11-22,8,15.125,2,2023
2022-11-23,4,6.25,0,2023
2022-11-24,12,11.416666666666666,0,2023
2022-11-25,1,2,0,2023
2022-11-26,14,9.428571428571429,1,2023
2022-11-27,11,11.727272727272727,2,2023
2022-11-28,1,9,0,2023
2022-11-29,10,10.5,1,2023
2022-11-30,3,13,1,2023
2022-12-01,13,15.23076923076923,3,2023
2022-12-02,1,6,0,2023
2022-12-03,14,10.642857142857142,3,2023
2022-12-04,11,13.545454545454545,1,2023
2022-12-05,1,16,0,2023
2022-12-06,8,8.25,0,2023
2022-12-07,3,11.666666666666666,1,2023
2022-12-08,11,11.454545454545455,3,2023
2022-12-09,3,5,0,2023
2022-12-10,11,8.727272727272727,0,2023
2022-12-11,13,10,1,2023
2022-12-12,1,5,0,2023
2022-12-13,7,13,3,2023
2022-12-14,5,15.2,2,2023
2022-12-15,10,9,0,2023
2022-12-16,4,15.75,1,2023
2022-12-17,12,11.583333333333334,2,2023
2022-12-18,9,8.222222222222221,1,2023
2022-12-19,3,10,1,2023
2022-12-20,9,11,2,2023
2022-12-21,5,16,1,2023
2022-12-22,11,11,3,2023
2022-12-23,2,8.5,0,2023
2022-12-24,14,11.428571428571429,3,2023
2022-12-25,3,12.333333333333334,1,2023
2022-12-26,2,8.5,0,2023
2022-12-27,7,10.285714285714286,1,2023
2022-12-28,10,12.4,1,2023
2022-12-29,8,9.125,2,2023
2022-12-30,6,9.666666666666666,0,2023
2022-12-31,10,8.4,0,2023
2023-01-01,8,11,1,2023
2023-01-02,4,16,1,2023
2023-01-03,10,12.9,2,2023
2023-01-04,3,15,1,2023
2023-01-05,12,6.833333333333333,1,2023
2023-01-06,4,21.25,2,2023
2023-01-07,12,12.166666666666666,1,2023
2023-01-08,9,7.666666666666667,0,2023
2023-01-09,4,9.25,0,2023
2023-01-10,6,13,2,2023
2023-01-11,7,10.428571428571429,1,2023
2023-01-12,8,12.625,2,2023
2023-01-13,6,9.333333333333334,0,2023
2023-01-14,10,11.9,2,2023
2023-01-15,10,12.9,1,2023
2023-01-16,12,9.916666666666666,1,2023
2023-01-17,1,8,0,2023
2023-01-18,4,8.75,0,2023
2023-01-19,10,12.1,3,2023
2023-01-20,4,5,0,2023
2023-01-21,10,10.6,2,2023
2023-01-22,9,8.777777777777779,1,2023
2023-01-23,4,4.25,0,2023
2023-01-24,7,17.428571428571427,3,2023
2023-01-25,7,8.857142857142858,1,2023
2023-01-26,10,7.6,0,2023
2023-01-27,6,14.333333333333334,1,2023
2023-01-28,7,9.142857142857142,0,2023
2023-01-29,11,9.363636363636363,0,2023
2023-01-30,2,24,2,2023
2023-01-31,8,10.125,1,2023
2023-02-01,5,6.4,0,2023
2023-02-02,9,13.333333333333334,2,2023
2023-02-03,7,8.142857142857142,0,2023
2023-02-04,10,6.8,0,2023
2023-02-05,11,12.272727272727273,2,2023
2023-02-06,2,31,2,2023
2023-02-07,8,18.25,4,2023
2023-02-08,6,11.5,1,2023
2023-02-09,9,11.555555555555555,2,2023
2023-02-10,4,10,0,2023
2023-02-11,12,9.583333333333334,1,2023
2023-02-12,10,8.7,0,2023
2023-02-14,11,8.818181818181818,0,2023
2023-02-15,5,12.4,1,2023
2023-02-16,10,14,2,2023
2023-02-17,3,9.666666666666666,0,2023
2023-02-20,1,9,0,2023
2023-02-24,9,8.777777777777779,1,2023
2023-02-25,9,14.777777777777779,2,2023
2023-02-26,11,11.818181818181818,3,2023
2023-02-27,4,10.25,0,2023
2023-02-28,4,9,0,2023
2023-03-01,10,9.7,1,2023
2023-03-02,9,13.333333333333334,3,2023
2023-03-03,4,13.25,1,2023
2023-03-04,11,11.818181818181818,2,2023
2023-03-05,10,8.5,1,2023
2023-03-06,5,11.2,1,2023
2023-03-07,6,6,0,2023
2023-03-08,8,10.875,2,2023
2023-03-09,7,13.571428571428571,3,2023
2023-03-10,6,9.5,1,2023
2023-03-11,7,6,0,2023
2023-03-12,14,9.642857142857142,0,2023
2023-03-13,5,13,2,2023
2023-03-14,6,12.166666666666666,1,2023
2023-03-15,7,14.714285714285714,0,2023
2023-03-16,8,8.375,0,2023
2023-03-17,5,17.8,2,2023
2023-03-18,9,8.555555555555555,1,2023
2023-03-19,9,9.222222222222221,0,2023
2023-03-20,6,7.333333333333333,0,2023
2023-03-21,6,10.5,1,2023
2023-03-22,7,12.285714285714286,2,2023
2023-03-23,8,12.125,2,2023
2023-03-24,5,19.8,3,2023
2023-03-25,8,16.875,3,2023
2023-03-26,13,16.23076923076923,5,2023
2023-03-27,4,14.25,2,2023
2023-03-28,8,13,1,2023
2023-03-29,7,8.285714285714286,0,2023
2023-03-30,7,17.142857142857142,2,2023
2023-03-31,8,13.25,1,2023
2023-04-01,7,12.142857142857142,1,2023
2023-04-02,11,12,4,2023
2023-04-03,3,8.333333333333334,0,2023
2023-04-04,5,10.8,1,2023
2023-04-05,13,12.461538461538462,2,2023
2023-04-06,5,14,2,2023
2023-04-07,9,8.777777777777779,0,2023
2023-04-08,8,13.125,3,2023
2023-04-09,15,15.6,4,2023
2023-10-24,1,12,0,2024
2023-10-25,8,9,2,2024
2023-10-26,6,10.5,1,2024
2023-10-27,6,6.333333333333333,0,2024
2023-10-28,11,6.909090909090909,0,2024
2023-10-29,6,21.166666666666668,3,2024
2023-10-30,7,15,1,2024
2023-10-31,7,13.142857142857142,1,2024
2023-11-01,9,13.222222222222221,1,2024
2023-11-02,7,12,2,2024
2023-11-03,5,6.4,0,2024
2023-11-04,9,8.222222222222221,0,2024
2023-11-05,7,15.714285714285714,2,2024
2023-11-06,2,9,0,2024
2023-11-07,12,14.833333333333334,2,2024
2023-11-09,14,10.857142857142858,3,2024
2023-11-10,2,1.5,0,2024
2023-11-11,10,8.8,0,2024
2023-11-12,7,12,2,2024
2023-11-13,7,7.857142857142857,0,2024
2023-11-14,4,10.25,0,2024
2023-11-15,10,14.4,4,2024
2023-11-16,8,11.25,0,2024
2023-11-17,2,13,0,2024
2023-11-18,12,10.666666666666666,2,2024
2023-11-19,9,11.88888888888889,2,2024
2023-11-20,5,13,1,2024
2023-11-21,8,15.125,2,2024
2023-11-22,5,14.4,1,2024
2023-11-23,14,9.5,2,2024
2023-11-24,2,19,1,2024
2023-11-25,10,10.8,1,2024
2023-11-26,9,12.444444444444445,2,2024
2023-11-27,3,8,0,2024
2023-11-28,5,15.6,1,2024
2023-11-29,8,12.875,3,2024
2023-11-30,7,14.285714285714286,1,2024
2023-12-01,9,8.222222222222221,1,2024
2023-12-02,8,8.5,0,2024
2023-12-03,10,10.3,1,2024
2023-12-05,2,10,0,2024
2023-12-06,2,13.5,1,2024
2023-12-07,12,11.583333333333334,1,2024
2023-12-08,1,44,1,2024
2023-12-09,13,13.307692307692308,3,2024
2023-12-10,1,14,0,2024
2023-12-12,13,11.23076923076923,1,2024
2023-12-13,5,8,1,2024
2023-12-14,9,10.444444444444445,1,2024
2023-12-15,7,11.285714285714286,1,2024
2023-12-16,9,17.666666666666668,3,2024
2023-12-17,11,17.545454545454547,4,2024
2023-12-18,3,5.666666666666667,0,2024
2023-12-19,11,12.454545454545455,2,2024
2023-12-20,4,6.5,0,2024
2023-12-21,10,14.7,2,2024
2023-12-22,8,11.25,0,2024
2023-12-23,8,16.5,2,2024
2023-12-24,11,10.909090909090908,2,2024
2023-12-25,3,8,0,2024
2023-12-26,2,10,0,2024
2023-12-27,9,9.666666666666666,1,2024
2023-12-28,6,16.666666666666668,3,2024
2023-12-29,8,15,2,2024
2023-12-30,12,8.583333333333334,1,2024
2023-12-31,5,8.6,0,2024
2024-01-01,6,18.5,3,2024
2024-01-02,7,18.285714285714285,3,2024
2024-01-03,6,10.833333333333334,1,2024
2024-01-04,12,13.166666666666666,2,2024
2024-01-05,2,3.5,0,2024
2024-01-06,14,18.928571428571427,6,2024
2024-01-07,8,12.125,1,2024
2024-01-08,5,9.6,0,2024
2024-01-09,6,11.166666666666666,1,2024
2024-01-10,5,17.6,3,2024
2024-01-11,11,13.272727272727273,3,2024
2024-01-12,4,29.25,2,2024
2024-01-13,10,16.3,3,2024
2024-01-14,10,14.3,2,2024
2024-01-15,9,7.222222222222222,0,2024
2024-01-16,5,12.4,1,2024
2024-01-17,3,6,0,2024
2024-01-18,10,14.6,3,2024
2024-01-19,5,7,0,2024
2024-01-20,9,7,0,2024
2024-01-21,10,13.2,3,2024
2024-01-22,3,13.333333333333334,1,2024
2024-01-23,8,10.375,1,2024
2024-01-24,5,10.4,1,2024
2024-01-25,8,14.25,3,2024
2024-01-26,7,15.714285714285714,2,2024
2024-01-27,12,12.666666666666666,3,2024
2024-01-28,10,10,1,2024
2024-01-29,1,8,0,2024
2024-01-30,12,12.75,3,2024
2024-01-31,5,11.8,0,2024
2024-02-01,10,11.8,1,2024
2024-02-02,4,5.75,0,2024
2024-02-03,11,12.545454545454545,3,2024
2024-02-04,10,15.5,2,2024
2024-02-05,4,13.25,1,2024
2024-02-06,6,17,2,2024
2024-02-07,7,10.285714285714286,1,2024
2024-02-08,7,11.571428571428571,1,2024
2024-02-09,9,15,3,2024
2024-02-10,9,17.333333333333332,4,2024
2024-02-11,10,9.6,1,2024
2024-02-13,10,12.3,3,2024
2024-02-14,6,13.166666666666666,1,2024
2024-02-15,13,13.846153846153847,3,2024
2024-02-16,3,14.333333333333334,1,2024
2024-02-19,1,25,1,2024
2024-02-23,12,15.416666666666666,4,2024
2024-02-24,10,10.9,1,2024
2024-02-25,7,13.428571428571429,2,2024
2024-02-26,7,14.571428571428571,0,2024
2024-02-27,4,11.5,1,2024
2024-02-28,11,17.454545454545453,4,2024
2024-02-29,6,10.5,1,2024
2024-03-01,8,10.75,1,2024
2024-03-02,11,16.363636363636363,4,2024
2024-03-03,8,13.75,2,2024
2024-03-04,3,9.666666666666666,0,2024
2024-03-05,6,7.333333333333333,0,2024
2024-03-06,9,13.666666666666666,1,2024
2024-03-07,8,11,1,2024
2024-03-08,7,4.571428571428571,0,2024
2024-03-09,9,10.444444444444445,1,2024
2024-03-10,14,13.071428571428571,2,2024
2024-03-11,3,11.333333333333334,0,2024
2024-03-12,5,20,3,2024
2024-03-13,10,12.5,1,2024
2024-03-14,6,12.5,1,2024
2024-03-15,8,11.625,0,2024
2024-03-16,7,12.285714285714286,1,2024
2024-03-17,11,12,2,2024
2024-03-18,4,13.5,1,2024
2024-03-19,8,14.625,3,2024
2024-03-20,6,11.333333333333334,1,2024
2024-03-21,6,13.5,1,2024
2024-03-22,7,15.142857142857142,2,2024
2024-03-23,9,13.333333333333334,2,2024
2024-03-24,10,16.3,4,2024
2024-03-25,5,12.6,2,2024
2024-03-26,9,12.333333333333334,2,2024
2024-03-27,8,15,2,2024
2024-03-28,7,10.571428571428571,1,2024
2024-03-29,7,10.857142857142858,0,2024
2024-03-30,9,17.555555555555557,3,2024
2024-03-31,9,12.333333333333334,1,2024
2024-04-01,5,12,2,2024
2024-04-02,6,10,0,2024
2024-04-03,10,10.1,1,2024
2024-04-04,7,16.714285714285715,2,2024
2024-04-05,6,9.166666666666666,1,2024
2024-04-06,10,11.9,1,2024
2024-04-07,13,12.923076923076923,3,2024
2024-04-08,2,9,0,2024
2024-04-09,5,16,1,2024
2024-04-10,13,11,0,2024
2024-04-11,6,18.666666666666668,2,2024
2024-04-12,8,10.375,1,2024
2024-04-13,10,8.1,1,2024
2024-04-14,15,20.533333333333335,6,2024
2024-10-22,1,23,1,2025
2024-10-23,6,13.5,1,2025
2024-10-24,7,12.714285714285714,2,2025
2024-10-25,7,11.714285714285714,1,2025
2024-10-26,9,13.222222222222221,2,2025
2024-10-27,10,12.5,2,2025
2024-10-28,7,5.857142857142857,0,2025
2024-10-29,7,6.285714285714286,0,2025
2024-10-30,8,12.375,1,2025
2024-10-31,5,8.8,0,2025
2024-11-01,10,13.1,2,2025
2024-11-02,6,10.5,1,2025
2024-11-03,8,12,2,2025
2024-11-04,2,19,1,2025
2024-11-05,15,10.4,2,2025
2024-11-07,12,10.333333333333334,2,2025
2024-11-08,3,17.333333333333332,1,2025
2024-11-09,14,13.928571428571429,5,2025
2024-11-10,7,9.285714285714286,1,2025
2024-11-11,7,12.857142857142858,2,2025
2024-11-12,5,9.8,1,2025
2024-11-13,8,9.875,1,2025
2024-11-14,11,10.545454545454545,2,2025
2024-11-15,1,2,0,2025
2024-11-16,13,9.23076923076923,1,2025
2024-11-17,10,9.4,1,2025
2024-11-18,4,14.75,1,2025
2024-11-19,8,10.125,1,2025
2024-11-20,6,11.5,1,2025
2024-11-21,8,15.875,2,2025
2024-11-22,4,4,0,2025
2024-11-23,9,13.222222222222221,1,2025
2024-11-24,10,11.4,2,2025
2024-11-25,2,9.5,0,2025
2024-11-26,9,15.555555555555555,4,2025
2024-11-27,5,13.6,1,2025
2024-11-28,14,13.642857142857142,3,2025
2024-11-29,3,9.333333333333334,0,2025
2024-11-30,8,10.875,2,2025
2024-12-01,9,12,1,2025
2024-12-02,5,3.2,0,2025
2024-12-03,4,21.5,2,2025
2024-12-04,11,14.727272727272727,4,2025
2024-12-05,6,17.833333333333332,2,2025
2024-12-06,8,17.125,3,2025
2024-12-07,8,15.625,2,2025
2024-12-08,12,9.333333333333334,1,2025
2024-12-09,6,17.5,2,2025
2024-12-10,1,5,0,2025
2024-12-11,2,9.5,0,2025
2024-12-12,2,4.5,0,2025
2024-12-13,3,12,1,2025
2024-12-14,9,11.555555555555555,1,2025
2024-12-15,4,13.25,0,2025
2024-12-16,4,9.25,0,2025
2024-12-17,6,13.666666666666666,2,2025
2024-12-18,1,16,0,2025
2024-12-20,13,14.538461538461538,4,2025
2024-12-21,4,11,1,2025
2024-12-22,13,14.846153846153847,4,2025
2024-12-23,1,3,0,2025
2024-12-24,14,12.714285714285714,3,2025
2024-12-25,3,4.333333333333333,0,2025
2024-12-26,2,6,0,2025
2024-12-27,9,8.11111111111111,1,2025
2024-12-28,10,13.3,2,2025
2024-12-29,10,8.2,1,2025
2024-12-30,3,10,1,2025
2024-12-31,9,17,3,2025
2025-01-01,4,15.25,1,2025
2025-01-02,8,13.375,0,2025
2025-01-03,6,13.166666666666666,1,2025
2025-01-04,10,12.4,2,2025
2025-01-05,12,14.75,2,2025
2025-01-06,2,17,1,2025
2025-01-07,9,9.555555555555555,1,2025
2025-01-08,7,13.285714285714286,2,2025
2025-01-09,8,14.5,1,2025
2025-01-10,8,5.875,0,2025
2025-01-11,9,13.88888888888889,2,2025
2025-01-12,12,12,3,2025
2025-01-13,2,4,0,2025
2025-01-14,6,9.833333333333334,1,2025
2025-01-15,7,12.714285714285714,0,2025
2025-01-16,11,15.909090909090908,3,2025
2025-01-17,5,14.4,2,2025
2025-01-18,10,13.8,3,2025
2025-01-19,7,12.571428571428571,2,2025
2025-01-20,11,16.454545454545453,4,2025
2025-01-21,2,8.5,0,2025
2025-01-22,5,17.4,2,2025
2025-01-23,10,9.7,2,2025
2025-01-24,8,16.5,4,2025
2025-01-25,7,16,2,2025
2025-01-26,11,14.818181818181818,4,2025
2025-01-28,12,12.25,2,2025
2025-01-29,4,10.5,0,2025
2025-01-30,11,13.818181818181818,4,2025
2025-01-31,5,23,4,2025
2025-02-01,9,12.666666666666666,2,2025
2025-02-02,11,14,2,2025
2025-02-03,1,13,0,2025
2025-02-04,10,8.8,1,2025
2025-02-05,7,10.571428571428571,2,2025
2025-02-06,11,15.090909090909092,3,2025
2025-02-07,6,10.5,1,2025
2025-02-08,9,9.222222222222221,0,2025
2025-02-09,12,13.25,3,2025
2025-02-11,10,16.2,3,2025
2025-02-12,4,15.75,1,2025
2025-02-13,15,10.133333333333333,1,2025
2025-02-14,5,7.6,0,2025
2025-02-17,3,10.666666666666666,0,2025
2025-02-20,1,3,0,2025
2025-02-21,9,10.444444444444445,1,2025
2025-02-22,10,13,3,2025
2025-02-23,11,17.454545454545453,4,2025
2025-02-24,3,10.333333333333334,0,2025
2025-02-25,8,14.625,2,2025
2025-02-26,7,15.142857142857142,2,2025
2025-02-27,9,13,3,2025
2025-02-28,5,7.8,0,2025
2025-03-01,11,9.818181818181818,0,2025
2025-03-02,10,8.7,1,2025
2025-03-03,4,11.25,0,2025
2025-03-04,7,16.285714285714285,2,2025
2025-03-05,9,11.666666666666666,2,2025
2025-03-06,8,11.75,1,2025
2025-03-07,6,7.333333333333333,0,2025
2025-03-08,9,8.88888888888889,0,2025
2025-03-09,11,8.545454545454545,2,2025
2025-03-10,9,8.11111111111111,0,2025
2025-03-11,10,11.5,2,2025
2025-03-12,4,9.75,0,2025
2025-03-13,8,10.5,2,2025
2025-03-14,6,16.5,3,2025
2025-03-15,9,11.222222222222221,1,2025
2025-03-16,13,11.307692307692308,3,2025
2025-03-17,2,18.5,1,2025
2025-03-18,11,18.09090909090909,3,2025
2025-03-19,5,7.8,0,2025
2025-03-20,10,12.9,1,2025
2025-03-21,4,14.75,1,2025
2025-03-22,11,16.363636363636363,4,2025
2025-03-23,3,18.666666666666668,1,2025
2025-03-27,4,20,1,2025
2025-03-28,4,13.75,2,2025
2025-03-29,3,18.666666666666668,2,2025
2025-03-30,4,9.75,1,2025
2025-04-01,3,12.666666666666666,0,2025
2025-04-02,4,10,0,2025
2025-04-06,8,16.375,2,2025
2025-04-07,5,8.2,0,2025
2025-04-08,6,11,2,2025
2025-04-09,4,16.5,1,2025
2025-04-11,5,15.2,1,2025
2025-04-12,10,23.7,6,2025
2025-10-21,1,1,0,2026
2025-10-22,6,10.333333333333334,1,2026
2025-10-23,8,11.375,2,2026
2025-10-24,5,6.6,0,2026
2025-10-25,11,13.545454545454545,3,2026
2025-10-26,9,13,3,2026
2025-10-27,4,11.75,1,2026
2025-10-28,11,15.090909090909092,3,2026
2025-10-29,7,13.857142857142858,1,2026
2025-10-30,7,9.857142857142858,1,2026
2025-10-31,6,11.166666666666666,1,2026
2025-11-01,9,10.666666666666666,2,2026
2025-11-02,7,19.714285714285715,4,2026
2025-11-03,3,11.333333333333334,0,2026
2025-11-04,9,7.555555555555555,0,2026
2025-11-05,6,13.166666666666666,1,2026
2025-11-06,11,10.818181818181818,2,2026
2025-11-07,1,13,0,2026
2025-11-08,11,21,4,2026
2025-11-09,12,11.916666666666666,2,2026
2025-11-10,3,20.333333333333332,2,2026
2025-11-11,9,6.222222222222222,1,2026
2025-11-12,6,14.5,2,2026
2025-11-13,12,17.5,4,2026
2025-11-14,3,19.333333333333332,1,2026
2025-11-15,10,10.4,1,2026
2025-11-16,7,15,2,2026
2025-11-17,5,6.4,0,2026
2025-11-18,8,9.625,1,2026
2025-11-19,6,11.833333333333334,0,2026
2025-11-20,9,8.555555555555555,0,2026
2025-11-21,4,21.75,2,2026
2025-11-22,11,14.090909090909092,3,2026
2025-11-23,10,8.9,0,2026
2025-11-24,3,12.666666666666666,1,2026
2025-11-25,10,11.2,1,2026
2025-11-26,4,20,1,2026
2025-11-27,8,9.375,1,2026
2025-11-29,13,8.692307692307692,1,2026
2025-11-30,11,10.909090909090908,2,2026
2025-12-01,3,11,0,2026
2025-12-02,9,10,0,2026
2025-12-03,6,9,0,2026
2025-12-04,9,13,2,2026
2025-12-05,5,14.2,1,2026
2025-12-06,13,15.23076923076923,4,2026
2025-12-07,10,11,1,2026
2025-12-08,3,22,2,2026
2025-12-09,4,6.5,0,2026
2025-12-10,1,16,0,2026
2025-12-11,2,31,1,2026
2025-12-12,4,17.75,2,2026
2025-12-13,8,9.375,1,2026
2025-12-14,5,15.4,1,2026
2025-12-15,4,7.75,0,2026
2025-12-16,5,9,0,2026
2025-12-17,1,11,0,2026
2025-12-18,2,11,0,2026
2025-12-19,12,8.25,2,2026
2025-12-20,6,13.333333333333334,1,2026
2025-12-21,12,10.333333333333334,1,2026
2025-12-22,3,5,0,2026
2025-12-23,7,13,2,2026
2025-12-24,14,13.357142857142858,5,2026
2025-12-25,3,9,0,2026
2025-12-26,2,13.5,1,2026
2025-12-27,10,12.8,2,2026
2025-12-28,12,11.916666666666666,2,2026
2025-12-29,2,18.5,1,2026
2025-12-30,11,12.272727272727273,2,2026
2025-12-31,8,15.625,3,2026
2026-01-01,6,12.5,2,2026
2026-01-02,4,13,0,2026
2026-01-03,11,13.545454545454545,3,2026
2026-01-04,12,13.416666666666666,2,2026
2026-01-05,3,8.666666666666666,0,2026
2026-01-06,8,14.375,3,2026
2026-01-07,6,8.5,1,2026
2026-01-08,12,9.833333333333334,1,2026
2026-01-09,4,3.25,0,2026
2026-01-10,11,12.909090909090908,3,2026
2026-01-11,9,14.777777777777779,2,2026
2026-01-12,6,10.333333333333334,0,2026
2026-01-13,6,9,0,2026
2026-01-14,7,17,4,2026
2026-01-15,8,10.75,1,2026
2026-01-16,8,14.375,2,2026
2026-01-17,7,7.571428571428571,0,2026
2026-01-18,9,15.555555555555555,3,2026
2026-01-19,10,14.6,3,2026
2026-01-20,4,10.5,1,2026
2026-01-21,7,11.857142857142858,1,2026
2026-01-22,7,17,2,2026
2026-01-23,8,12.25,1,2026
2026-01-24,11,4.818181818181818,0,2026
2026-01-25,7,14.714285714285714,3,2026
2026-01-26,7,15.714285714285714,2,2026
2026-01-27,5,13.8,1,2026
2026-01-28,7,9.142857142857142,0,2026
2026-01-29,9,15.11111111111111,2,2026
2026-01-30,8,8.625,0,2026
2026-01-31,10,14.6,2,2026
2026-02-01,10,17.8,3,2026
2026-02-02,6,13.5,1,2026
2026-02-03,3,9.333333333333334,0,2026
2026-02-04,10,15.7,2,2026
2026-02-05,7,11.571428571428571,2,2026
2026-02-06,8,9.625,1,2026
2026-02-07,9,11.777777777777779,2,2026
2026-02-08,11,12.818181818181818,2,2026
2026-02-10,10,11.4,2,2026
2026-02-11,4,11.75,1,2026
2026-02-12,14,17.142857142857142,5,2026
2026-02-13,3,17.666666666666668,1,2026
2026-02-15,3,2.3333333333333335,0,2026
2026-02-16,1,26,1,2026
2026-02-20,10,14.9,3,2026
2026-02-21,10,16.9,3,2026
2026-02-22,12,13.916666666666666,2,2026
2026-02-23,4,12.5,1,2026
2026-02-24,3,13.333333333333334,1,2026
2026-02-25,11,12.909090909090908,3,2026
2026-02-26,6,14,2,2026
2026-02-27,10,12,2,2026
2026-02-28,7,17.142857142857142,2,2026
2026-03-01,10,17.5,4,2026
2026-03-02,4,18.25,2,2026
2026-03-03,4,12,1,2026
2026-03-04,10,16.5,3,2026
2026-03-05,6,14.166666666666666,2,2026
2026-03-06,9,7.888888888888889,0,2026
2026-03-07,10,12.9,3,2026
2026-03-08,8,13.625,2,2026
2026-03-09,8,17.5,3,2026
2026-03-10,6,15.333333333333334,2,2026
2026-03-11,8,8.875,0,2026
2026-03-12,10,15.7,3,2026
2026-03-13,8,11.5,1,2026
2026-03-14,8,10.875,1,2026
2026-03-15,8,8.25,0,2026
2026-03-16,6,9.166666666666666,0,2026
2026-03-17,8,16.125,3,2026
2026-03-18,7,19,4,2026
2026-03-19,8,19,3,2026
2026-03-20,8,11,2,2026
2026-03-21,8,10.875,3,2026
2026-03-22,9,11.555555555555555,1,2026
2026-03-23,7,17.285714285714285,4,2026
2026-03-24,7,21,3,2026
2026-03-25,7,8.857142857142858,1,2026
2026-03-26,10,15.2,5,2026
2026-03-27,3,9.666666666666666,1,2026
2026-03-28,11,13.090909090909092,2,2026
2026-03-29,10,21.9,4,2026
2026-03-30,3,14.333333333333334,1,2026
2026-03-31,8,17.25,3,2026
2026-04-01,8,18.125,3,2026
2026-04-02,8,12,1,2026
2026-04-03,8,23.5,4,2026
2026-04-04,8,19.25,4,2026
2026-04-05,9,12.666666666666666,1,2026
2026-04-06,4,12.25,1,2026
2026-04-07,7,16.714285714285715,3,2026
2026-04-08,9,15.777777777777779,2,2026
2026-04-09,8,13.875,1,2026
2026-04-10,8,18,3,2026
2026-04-11,9,20.333333333333332,4,2026
2026-04-12,7,17.857142857142858,3,2026
2026-04-13,8,17.625,4,2026
