team,date,wins,losses,win_pct,year,playoff_team
Atlanta Hawks,2025-10-21,NA,NA,NA,2025,TRUE
Atlanta Hawks,2025-10-22,0,1,0,2025,TRUE
Atlanta Hawks,2025-10-23,0,1,0,2025,TRUE
Atlanta Hawks,2025-10-24,1,1,0.5,2025,TRUE
Atlanta Hawks,2025-10-25,1,2,0.3333333333333333,2025,TRUE
Atlanta Hawks,2025-10-26,1,2,0.3333333333333333,2025,TRUE
Atlanta Hawks,2025-10-27,1,2,0.3333333333333333,2025,TRUE
Atlanta Hawks,2025-10-28,1,3,0.25,2025,TRUE
Atlanta Hawks,2025-10-29,2,3,0.4,2025,TRUE
Atlanta Hawks,2025-10-30,2,3,0.4,2025,TRUE
Atlanta Hawks,2025-10-31,3,3,0.5,2025,TRUE
Atlanta Hawks,2025-11-01,3,3,0.5,2025,TRUE
Atlanta Hawks,2025-11-02,3,4,0.42857142857142855,2025,TRUE
Atlanta Hawks,2025-11-03,3,4,0.42857142857142855,2025,TRUE
Atlanta Hawks,2025-11-04,3,4,0.42857142857142855,2025,TRUE
Atlanta Hawks,2025-11-05,4,4,0.5,2025,TRUE
Atlanta Hawks,2025-11-06,4,4,0.5,2025,TRUE
Atlanta Hawks,2025-11-07,4,4,0.5,2025,TRUE
Atlanta Hawks,2025-11-08,4,5,0.4444444444444444,2025,TRUE
Atlanta Hawks,2025-11-09,5,5,0.5,2025,TRUE
Atlanta Hawks,2025-11-10,5,5,0.5,2025,TRUE
Atlanta Hawks,2025-11-11,6,5,0.5454545454545454,2025,TRUE
Atlanta Hawks,2025-11-12,6,5,0.5454545454545454,2025,TRUE
Atlanta Hawks,2025-11-13,7,5,0.5833333333333334,2025,TRUE
Atlanta Hawks,2025-11-14,8,5,0.6153846153846154,2025,TRUE
Atlanta Hawks,2025-11-15,8,5,0.6153846153846154,2025,TRUE
Atlanta Hawks,2025-11-16,8,5,0.6153846153846154,2025,TRUE
Atlanta Hawks,2025-11-17,9,5,0.6428571428571429,2025,TRUE
Atlanta Hawks,2025-11-18,9,5,0.6428571428571429,2025,TRUE
Atlanta Hawks,2025-11-19,9,6,0.6,2025,TRUE
Atlanta Hawks,2025-11-20,9,6,0.6,2025,TRUE
Atlanta Hawks,2025-11-21,9,7,0.5625,2025,TRUE
Atlanta Hawks,2025-11-22,9,7,0.5625,2025,TRUE
Atlanta Hawks,2025-11-23,10,7,0.5882352941176471,2025,TRUE
Atlanta Hawks,2025-11-24,10,7,0.5882352941176471,2025,TRUE
Atlanta Hawks,2025-11-25,10,7,0.5882352941176471,2025,TRUE
Atlanta Hawks,2025-11-26,11,8,0.5789473684210527,2025,TRUE
Atlanta Hawks,2025-11-27,11,8,0.5789473684210527,2025,TRUE
Atlanta Hawks,2025-11-29,12,8,0.6,2025,TRUE
Atlanta Hawks,2025-11-30,13,8,0.6190476190476191,2025,TRUE
Atlanta Hawks,2025-12-01,13,8,0.6190476190476191,2025,TRUE
Atlanta Hawks,2025-12-02,13,9,0.5909090909090909,2025,TRUE
Atlanta Hawks,2025-12-03,13,9,0.5909090909090909,2025,TRUE
Atlanta Hawks,2025-12-04,13,10,0.5652173913043478,2025,TRUE
Atlanta Hawks,2025-12-05,13,10,0.5652173913043478,2025,TRUE
Atlanta Hawks,2025-12-06,13,11,0.5416666666666666,2025,TRUE
Atlanta Hawks,2025-12-07,14,11,0.56,2025,TRUE
Atlanta Hawks,2025-12-08,14,11,0.56,2025,TRUE
Atlanta Hawks,2025-12-09,14,11,0.56,2025,TRUE
Atlanta Hawks,2025-12-10,14,11,0.56,2025,TRUE
Atlanta Hawks,2025-12-11,14,11,0.56,2025,TRUE
Atlanta Hawks,2025-12-12,14,11,0.56,2025,TRUE
Atlanta Hawks,2025-12-13,14,12,0.5384615384615384,2025,TRUE
Atlanta Hawks,2025-12-14,15,12,0.5555555555555556,2025,TRUE
Atlanta Hawks,2025-12-15,15,12,0.5555555555555556,2025,TRUE
Atlanta Hawks,2025-12-16,15,12,0.5555555555555556,2025,TRUE
Atlanta Hawks,2025-12-17,15,12,0.5555555555555556,2025,TRUE
Atlanta Hawks,2025-12-18,15,12,0.5555555555555556,2025,TRUE
Atlanta Hawks,2025-12-19,15,13,0.5357142857142857,2025,TRUE
Atlanta Hawks,2025-12-20,15,14,0.5172413793103449,2025,TRUE
Atlanta Hawks,2025-12-21,15,15,0.5,2025,TRUE
Atlanta Hawks,2025-12-22,15,15,0.5,2025,TRUE
Atlanta Hawks,2025-12-23,15,15,0.5,2025,TRUE
Atlanta Hawks,2025-12-24,15,16,0.4838709677419355,2025,TRUE
Atlanta Hawks,2025-12-25,15,16,0.4838709677419355,2025,TRUE
Atlanta Hawks,2025-12-26,15,16,0.4838709677419355,2025,TRUE
Atlanta Hawks,2025-12-27,15,17,0.46875,2025,TRUE
Atlanta Hawks,2025-12-28,15,18,0.45454545454545453,2025,TRUE
Atlanta Hawks,2025-12-29,15,18,0.45454545454545453,2025,TRUE
Atlanta Hawks,2025-12-30,15,19,0.4411764705882353,2025,TRUE
Atlanta Hawks,2025-12-31,16,19,0.45714285714285713,2025,TRUE
Atlanta Hawks,2026-01-01,16,19,0.45714285714285713,2026,TRUE
Atlanta Hawks,2026-01-02,16,19,0.45714285714285713,2026,TRUE
Atlanta Hawks,2026-01-03,17,19,0.4722222222222222,2026,TRUE
Atlanta Hawks,2026-01-04,17,20,0.4594594594594595,2026,TRUE
Atlanta Hawks,2026-01-05,17,20,0.4594594594594595,2026,TRUE
Atlanta Hawks,2026-01-06,17,21,0.4473684210526316,2026,TRUE
Atlanta Hawks,2026-01-07,17,21,0.4473684210526316,2026,TRUE
Atlanta Hawks,2026-01-08,18,21,0.46153846153846156,2026,TRUE
Atlanta Hawks,2026-01-09,18,21,0.46153846153846156,2026,TRUE
Atlanta Hawks,2026-01-10,19,21,0.475,2026,TRUE
Atlanta Hawks,2026-01-11,19,21,0.475,2026,TRUE
Atlanta Hawks,2026-01-12,20,21,0.4878048780487805,2026,TRUE
Atlanta Hawks,2026-01-13,20,21,0.4878048780487805,2026,TRUE
Atlanta Hawks,2026-01-14,20,22,0.47619047619047616,2026,TRUE
Atlanta Hawks,2026-01-15,20,22,0.47619047619047616,2026,TRUE
Atlanta Hawks,2026-01-16,20,23,0.46511627906976744,2026,TRUE
Atlanta Hawks,2026-01-17,20,23,0.46511627906976744,2026,TRUE
Atlanta Hawks,2026-01-18,20,24,0.45454545454545453,2026,TRUE
Atlanta Hawks,2026-01-19,20,25,0.4444444444444444,2026,TRUE
Atlanta Hawks,2026-01-20,20,25,0.4444444444444444,2026,TRUE
Atlanta Hawks,2026-01-21,20,25,0.4444444444444444,2026,TRUE
Atlanta Hawks,2026-01-22,21,25,0.45652173913043476,2026,TRUE
Atlanta Hawks,2026-01-23,21,25,0.45652173913043476,2026,TRUE
Atlanta Hawks,2026-01-24,22,25,0.46808510638297873,2026,TRUE
Atlanta Hawks,2026-01-25,22,25,0.46808510638297873,2026,TRUE
Atlanta Hawks,2026-01-26,23,25,0.4791666666666667,2026,TRUE
Atlanta Hawks,2026-01-27,23,25,0.4791666666666667,2026,TRUE
Atlanta Hawks,2026-01-28,23,25,0.4791666666666667,2026,TRUE
Atlanta Hawks,2026-01-29,24,25,0.4897959183673469,2026,TRUE
Atlanta Hawks,2026-01-30,24,26,0.48,2026,TRUE
Atlanta Hawks,2026-01-31,24,26,0.48,2026,TRUE
Atlanta Hawks,2026-02-01,24,27,0.47058823529411764,2026,TRUE
Atlanta Hawks,2026-02-02,24,27,0.47058823529411764,2026,TRUE
Atlanta Hawks,2026-02-03,24,27,0.47058823529411764,2026,TRUE
Atlanta Hawks,2026-02-04,25,27,0.4807692307692308,2026,TRUE
Atlanta Hawks,2026-02-05,25,27,0.4807692307692308,2026,TRUE
Atlanta Hawks,2026-02-06,26,27,0.49056603773584906,2026,TRUE
Atlanta Hawks,2026-02-07,26,27,0.49056603773584906,2026,TRUE
Atlanta Hawks,2026-02-08,26,28,0.48148148148148145,2026,TRUE
Atlanta Hawks,2026-02-10,26,29,0.4727272727272727,2026,TRUE
Atlanta Hawks,2026-02-11,26,29,0.4727272727272727,2026,TRUE
Atlanta Hawks,2026-02-12,26,30,0.4642857142857143,2026,TRUE
Atlanta Hawks,2026-02-13,26,30,0.4642857142857143,2026,TRUE
Atlanta Hawks,2026-02-15,26,30,0.4642857142857143,2026,TRUE
Atlanta Hawks,2026-02-16,26,30,0.4642857142857143,2026,TRUE
Atlanta Hawks,2026-02-20,27,30,0.47368421052631576,2026,TRUE
Atlanta Hawks,2026-02-21,27,31,0.46551724137931033,2026,TRUE
Atlanta Hawks,2026-02-22,28,31,0.4745762711864407,2026,TRUE
Atlanta Hawks,2026-02-23,28,31,0.4745762711864407,2026,TRUE
Atlanta Hawks,2026-02-24,28,31,0.4745762711864407,2026,TRUE
Atlanta Hawks,2026-02-25,29,31,0.48333333333333334,2026,TRUE
Atlanta Hawks,2026-02-26,29,31,0.48333333333333334,2026,TRUE
Atlanta Hawks,2026-02-27,30,31,0.4918032786885246,2026,TRUE
Atlanta Hawks,2026-02-28,30,31,0.4918032786885246,2026,TRUE
Atlanta Hawks,2026-03-01,31,31,0.5,2026,TRUE
Atlanta Hawks,2026-03-02,31,31,0.5,2026,TRUE
Atlanta Hawks,2026-03-03,31,31,0.5,2026,TRUE
Atlanta Hawks,2026-03-04,31,31,0.5,2026,TRUE
Atlanta Hawks,2026-03-05,32,31,0.5079365079365079,2026,TRUE
Atlanta Hawks,2026-03-06,32,31,0.5079365079365079,2026,TRUE
Atlanta Hawks,2026-03-07,33,31,0.515625,2026,TRUE
Atlanta Hawks,2026-03-08,33,31,0.515625,2026,TRUE
Atlanta Hawks,2026-03-09,33,31,0.515625,2026,TRUE
Atlanta Hawks,2026-03-10,34,31,0.5230769230769231,2026,TRUE
Atlanta Hawks,2026-03-11,34,31,0.5230769230769231,2026,TRUE
Atlanta Hawks,2026-03-12,35,31,0.5303030303030303,2026,TRUE
Atlanta Hawks,2026-03-13,35,31,0.5303030303030303,2026,TRUE
Atlanta Hawks,2026-03-14,36,31,0.5373134328358209,2026,TRUE
Atlanta Hawks,2026-03-15,36,31,0.5373134328358209,2026,TRUE
Atlanta Hawks,2026-03-16,37,31,0.5441176470588235,2026,TRUE
Atlanta Hawks,2026-03-17,37,31,0.5441176470588235,2026,TRUE
Atlanta Hawks,2026-03-18,37,31,0.5441176470588235,2026,TRUE
Atlanta Hawks,2026-03-19,38,31,0.5507246376811594,2026,TRUE
Atlanta Hawks,2026-03-20,38,31,0.5507246376811594,2026,TRUE
Atlanta Hawks,2026-03-21,38,32,0.5428571428571428,2026,TRUE
Atlanta Hawks,2026-03-22,39,32,0.5492957746478874,2026,TRUE
Atlanta Hawks,2026-03-23,40,32,0.5555555555555556,2026,TRUE
Atlanta Hawks,2026-03-24,40,32,0.5555555555555556,2026,TRUE
Atlanta Hawks,2026-03-25,41,32,0.5616438356164384,2026,TRUE
Atlanta Hawks,2026-03-26,41,32,0.5616438356164384,2026,TRUE
Atlanta Hawks,2026-03-27,41,33,0.5540540540540541,2026,TRUE
Atlanta Hawks,2026-03-28,42,33,0.56,2026,TRUE
Atlanta Hawks,2026-03-29,42,33,0.56,2026,TRUE
Atlanta Hawks,2026-03-30,43,33,0.5657894736842105,2026,TRUE
Atlanta Hawks,2026-03-31,43,33,0.5657894736842105,2026,TRUE
Atlanta Hawks,2026-04-01,44,33,0.5714285714285714,2026,TRUE
Atlanta Hawks,2026-04-02,44,33,0.5714285714285714,2026,TRUE
Atlanta Hawks,2026-04-03,45,33,0.5769230769230769,2026,TRUE
Atlanta Hawks,2026-04-04,45,33,0.5769230769230769,2026,TRUE
Atlanta Hawks,2026-04-05,45,33,0.5769230769230769,2026,TRUE
Atlanta Hawks,2026-04-06,45,34,0.569620253164557,2026,TRUE
Atlanta Hawks,2026-04-07,45,34,0.569620253164557,2026,TRUE
Atlanta Hawks,2026-04-08,45,35,0.5625,2026,TRUE
Atlanta Hawks,2026-04-09,45,35,0.5625,2026,TRUE
Atlanta Hawks,2026-04-10,46,35,0.5679012345679012,2026,TRUE
Atlanta Hawks,2026-04-11,46,35,0.5679012345679012,2026,TRUE
Atlanta Hawks,2026-04-12,46,36,0.5609756097560976,2026,TRUE
Atlanta Hawks,2026-04-13,46,36,0.5609756097560976,2026,TRUE
Atlanta Hawks,2026-04-14,46,36,0.5609756097560976,2026,TRUE
Atlanta Hawks,2026-04-15,46,36,0.5609756097560976,2026,TRUE
Atlanta Hawks,2026-04-16,46,36,0.5609756097560976,2026,TRUE
Atlanta Hawks,2026-04-17,46,36,0.5609756097560976,2026,TRUE
Atlanta Hawks,2026-04-18,46,36,0.5609756097560976,2026,TRUE
Atlanta Hawks,2026-04-19,46,36,0.5609756097560976,2026,TRUE
Atlanta Hawks,2026-04-20,46,36,0.5609756097560976,2026,TRUE
Atlanta Hawks,2026-04-21,46,36,0.5609756097560976,2026,TRUE
Atlanta Hawks,2026-04-22,46,36,0.5609756097560976,2026,TRUE
Atlanta Hawks,2026-04-23,46,36,0.5609756097560976,2026,TRUE
Boston Celtics,2025-10-21,NA,NA,NA,2025,TRUE
Boston Celtics,2025-10-22,0,1,0,2025,TRUE
Boston Celtics,2025-10-23,0,1,0,2025,TRUE
Boston Celtics,2025-10-24,0,2,0,2025,TRUE
Boston Celtics,2025-10-25,0,2,0,2025,TRUE
Boston Celtics,2025-10-26,0,3,0,2025,TRUE
Boston Celtics,2025-10-27,0,3,0,2025,TRUE
Boston Celtics,2025-10-28,1,3,0.25,2025,TRUE
Boston Celtics,2025-10-29,2,3,0.4,2025,TRUE
Boston Celtics,2025-10-30,2,3,0.4,2025,TRUE
Boston Celtics,2025-10-31,3,3,0.5,2025,TRUE
Boston Celtics,2025-11-01,3,3,0.5,2025,TRUE
Boston Celtics,2025-11-02,3,4,0.42857142857142855,2025,TRUE
Boston Celtics,2025-11-03,3,4,0.42857142857142855,2025,TRUE
Boston Celtics,2025-11-04,3,5,0.375,2025,TRUE
Boston Celtics,2025-11-05,3,5,0.375,2025,TRUE
Boston Celtics,2025-11-06,4,5,0.4444444444444444,2025,TRUE
Boston Celtics,2025-11-07,4,5,0.4444444444444444,2025,TRUE
Boston Celtics,2025-11-08,4,6,0.4,2025,TRUE
Boston Celtics,2025-11-09,5,6,0.45454545454545453,2025,TRUE
Boston Celtics,2025-11-10,5,6,0.45454545454545453,2025,TRUE
Boston Celtics,2025-11-11,5,6,0.45454545454545453,2025,TRUE
Boston Celtics,2025-11-12,5,7,0.4166666666666667,2025,TRUE
Boston Celtics,2025-11-13,6,7,0.46153846153846156,2025,TRUE
Boston Celtics,2025-11-14,6,7,0.46153846153846156,2025,TRUE
Boston Celtics,2025-11-15,6,7,0.46153846153846156,2025,TRUE
Boston Celtics,2025-11-16,7,7,0.5,2025,TRUE
Boston Celtics,2025-11-17,7,7,0.5,2025,TRUE
Boston Celtics,2025-11-18,7,7,0.5,2025,TRUE
Boston Celtics,2025-11-19,8,7,0.5333333333333333,2025,TRUE
Boston Celtics,2025-11-20,8,7,0.5333333333333333,2025,TRUE
Boston Celtics,2025-11-21,8,7,0.5333333333333333,2025,TRUE
Boston Celtics,2025-11-22,8,8,0.5,2025,TRUE
Boston Celtics,2025-11-23,9,8,0.5294117647058824,2025,TRUE
Boston Celtics,2025-11-24,9,8,0.5294117647058824,2025,TRUE
Boston Celtics,2025-11-25,9,8,0.5294117647058824,2025,TRUE
Boston Celtics,2025-11-26,10,8,0.5555555555555556,2025,TRUE
Boston Celtics,2025-11-27,10,8,0.5555555555555556,2025,TRUE
Boston Celtics,2025-11-29,10,9,0.5263157894736842,2025,TRUE
Boston Celtics,2025-11-30,11,9,0.55,2025,TRUE
Boston Celtics,2025-12-01,11,9,0.55,2025,TRUE
Boston Celtics,2025-12-02,11,9,0.55,2025,TRUE
Boston Celtics,2025-12-03,12,9,0.5714285714285714,2025,TRUE
Boston Celtics,2025-12-04,12,9,0.5714285714285714,2025,TRUE
Boston Celtics,2025-12-05,13,9,0.5909090909090909,2025,TRUE
Boston Celtics,2025-12-06,14,9,0.6086956521739131,2025,TRUE
Boston Celtics,2025-12-07,15,9,0.625,2025,TRUE
Boston Celtics,2025-12-08,15,9,0.625,2025,TRUE
Boston Celtics,2025-12-09,15,9,0.625,2025,TRUE
Boston Celtics,2025-12-10,15,9,0.625,2025,TRUE
Boston Celtics,2025-12-11,15,9,0.625,2025,TRUE
Boston Celtics,2025-12-12,15,10,0.6,2025,TRUE
Boston Celtics,2025-12-13,15,10,0.6,2025,TRUE
Boston Celtics,2025-12-14,15,10,0.6,2025,TRUE
Boston Celtics,2025-12-15,15,10,0.6,2025,TRUE
Boston Celtics,2025-12-16,15,11,0.5769230769230769,2025,TRUE
Boston Celtics,2025-12-17,15,11,0.5769230769230769,2025,TRUE
Boston Celtics,2025-12-18,15,11,0.5769230769230769,2025,TRUE
Boston Celtics,2025-12-19,15,11,0.5769230769230769,2025,TRUE
Boston Celtics,2025-12-20,16,11,0.5925925925925926,2025,TRUE
Boston Celtics,2025-12-21,17,11,0.6071428571428571,2025,TRUE
Boston Celtics,2025-12-22,17,11,0.6071428571428571,2025,TRUE
Boston Celtics,2025-12-23,18,11,0.6206896551724138,2025,TRUE
Boston Celtics,2025-12-24,18,11,0.6206896551724138,2025,TRUE
Boston Celtics,2025-12-25,18,11,0.6206896551724138,2025,TRUE
Boston Celtics,2025-12-26,18,11,0.6206896551724138,2025,TRUE
Boston Celtics,2025-12-27,19,11,0.6333333333333333,2025,TRUE
Boston Celtics,2025-12-28,19,12,0.6129032258064516,2025,TRUE
Boston Celtics,2025-12-29,19,12,0.6129032258064516,2025,TRUE
Boston Celtics,2025-12-30,19,12,0.6129032258064516,2025,TRUE
Boston Celtics,2025-12-31,20,12,0.625,2025,TRUE
Boston Celtics,2026-01-01,20,12,0.625,2026,TRUE
Boston Celtics,2026-01-02,21,12,0.6363636363636364,2026,TRUE
Boston Celtics,2026-01-03,21,12,0.6363636363636364,2026,TRUE
Boston Celtics,2026-01-04,22,12,0.6470588235294118,2026,TRUE
Boston Celtics,2026-01-05,22,12,0.6470588235294118,2026,TRUE
Boston Celtics,2026-01-06,23,12,0.6571428571428571,2026,TRUE
Boston Celtics,2026-01-07,23,12,0.6571428571428571,2026,TRUE
Boston Celtics,2026-01-08,23,13,0.6388888888888888,2026,TRUE
Boston Celtics,2026-01-09,23,13,0.6388888888888888,2026,TRUE
Boston Celtics,2026-01-10,24,13,0.6486486486486487,2026,TRUE
Boston Celtics,2026-01-11,24,14,0.631578947368421,2026,TRUE
Boston Celtics,2026-01-12,24,14,0.631578947368421,2026,TRUE
Boston Celtics,2026-01-13,24,15,0.6153846153846154,2026,TRUE
Boston Celtics,2026-01-14,24,15,0.6153846153846154,2026,TRUE
Boston Celtics,2026-01-15,24,15,0.6153846153846154,2026,TRUE
Boston Celtics,2026-01-16,25,15,0.625,2026,TRUE
Boston Celtics,2026-01-17,25,15,0.625,2026,TRUE
Boston Celtics,2026-01-18,26,15,0.6341463414634146,2026,TRUE
Boston Celtics,2026-01-19,26,15,0.6341463414634146,2026,TRUE
Boston Celtics,2026-01-20,26,16,0.6190476190476191,2026,TRUE
Boston Celtics,2026-01-21,26,16,0.6190476190476191,2026,TRUE
Boston Celtics,2026-01-22,27,16,0.627906976744186,2026,TRUE
Boston Celtics,2026-01-23,27,16,0.627906976744186,2026,TRUE
Boston Celtics,2026-01-24,28,16,0.6363636363636364,2026,TRUE
Boston Celtics,2026-01-25,28,17,0.6222222222222222,2026,TRUE
Boston Celtics,2026-01-26,28,17,0.6222222222222222,2026,TRUE
Boston Celtics,2026-01-27,29,17,0.6304347826086957,2026,TRUE
Boston Celtics,2026-01-28,29,17,0.6304347826086957,2026,TRUE
Boston Celtics,2026-01-29,29,18,0.6170212765957447,2026,TRUE
Boston Celtics,2026-01-30,29,18,0.6170212765957447,2026,TRUE
Boston Celtics,2026-01-31,30,18,0.625,2026,TRUE
Boston Celtics,2026-02-01,31,18,0.6326530612244898,2026,TRUE
Boston Celtics,2026-02-02,31,18,0.6326530612244898,2026,TRUE
Boston Celtics,2026-02-03,31,18,0.6326530612244898,2026,TRUE
Boston Celtics,2026-02-04,32,18,0.64,2026,TRUE
Boston Celtics,2026-02-05,33,18,0.6470588235294118,2026,TRUE
Boston Celtics,2026-02-06,33,18,0.6470588235294118,2026,TRUE
Boston Celtics,2026-02-07,34,18,0.6538461538461539,2026,TRUE
Boston Celtics,2026-02-08,34,19,0.6415094339622641,2026,TRUE
Boston Celtics,2026-02-10,34,19,0.6415094339622641,2026,TRUE
Boston Celtics,2026-02-11,34,19,0.6415094339622641,2026,TRUE
Boston Celtics,2026-02-12,35,19,0.6481481481481481,2026,TRUE
Boston Celtics,2026-02-13,35,19,0.6481481481481481,2026,TRUE
Boston Celtics,2026-02-15,35,19,0.6481481481481481,2026,TRUE
Boston Celtics,2026-02-16,35,19,0.6481481481481481,2026,TRUE
Boston Celtics,2026-02-20,36,19,0.6545454545454545,2026,TRUE
Boston Celtics,2026-02-21,36,19,0.6545454545454545,2026,TRUE
Boston Celtics,2026-02-22,37,19,0.6607142857142857,2026,TRUE
Boston Celtics,2026-02-23,37,19,0.6607142857142857,2026,TRUE
Boston Celtics,2026-02-24,37,19,0.6607142857142857,2026,TRUE
Boston Celtics,2026-02-25,38,19,0.6666666666666666,2026,TRUE
Boston Celtics,2026-02-26,38,20,0.6551724137931034,2026,TRUE
Boston Celtics,2026-02-27,38,20,0.6551724137931034,2026,TRUE
Boston Celtics,2026-02-28,39,20,0.6610169491525424,2026,TRUE
Boston Celtics,2026-03-01,39,20,0.6610169491525424,2026,TRUE
Boston Celtics,2026-03-02,40,20,0.6666666666666666,2026,TRUE
Boston Celtics,2026-03-03,41,20,0.6721311475409836,2026,TRUE
Boston Celtics,2026-03-04,41,20,0.6721311475409836,2026,TRUE
Boston Celtics,2026-03-05,41,21,0.6612903225806451,2026,TRUE
Boston Celtics,2026-03-06,41,21,0.6612903225806451,2026,TRUE
Boston Celtics,2026-03-07,42,21,0.6666666666666666,2026,TRUE
Boston Celtics,2026-03-08,43,21,0.671875,2026,TRUE
Boston Celtics,2026-03-09,43,21,0.671875,2026,TRUE
Boston Celtics,2026-03-10,43,21,0.671875,2026,TRUE
Boston Celtics,2026-03-11,43,22,0.6615384615384615,2026,TRUE
Boston Celtics,2026-03-12,43,22,0.6615384615384615,2026,TRUE
Boston Celtics,2026-03-13,43,23,0.6515151515151515,2026,TRUE
Boston Celtics,2026-03-14,44,23,0.6567164179104478,2026,TRUE
Boston Celtics,2026-03-15,44,23,0.6567164179104478,2026,TRUE
Boston Celtics,2026-03-16,45,23,0.6617647058823529,2026,TRUE
Boston Celtics,2026-03-17,45,23,0.6617647058823529,2026,TRUE
Boston Celtics,2026-03-18,46,23,0.6666666666666666,2026,TRUE
Boston Celtics,2026-03-19,46,23,0.6666666666666666,2026,TRUE
Boston Celtics,2026-03-20,46,23,0.6666666666666666,2026,TRUE
Boston Celtics,2026-03-21,47,23,0.6714285714285714,2026,TRUE
Boston Celtics,2026-03-22,47,23,0.6714285714285714,2026,TRUE
Boston Celtics,2026-03-23,47,24,0.6619718309859155,2026,TRUE
Boston Celtics,2026-03-24,47,24,0.6619718309859155,2026,TRUE
Boston Celtics,2026-03-25,48,24,0.6666666666666666,2026,TRUE
Boston Celtics,2026-03-26,48,24,0.6666666666666666,2026,TRUE
Boston Celtics,2026-03-27,49,24,0.6712328767123288,2026,TRUE
Boston Celtics,2026-03-28,49,24,0.6712328767123288,2026,TRUE
Boston Celtics,2026-03-29,50,24,0.6756756756756757,2026,TRUE
Boston Celtics,2026-03-30,50,25,0.6666666666666666,2026,TRUE
Boston Celtics,2026-03-31,50,25,0.6666666666666666,2026,TRUE
Boston Celtics,2026-04-01,51,25,0.6710526315789473,2026,TRUE
Boston Celtics,2026-04-02,51,25,0.6710526315789473,2026,TRUE
Boston Celtics,2026-04-03,51,25,0.6710526315789473,2026,TRUE
Boston Celtics,2026-04-04,52,25,0.6753246753246753,2026,TRUE
Boston Celtics,2026-04-05,53,25,0.6794871794871795,2026,TRUE
Boston Celtics,2026-04-06,53,25,0.6794871794871795,2026,TRUE
Boston Celtics,2026-04-07,53,25,0.6794871794871795,2026,TRUE
Boston Celtics,2026-04-08,54,25,0.6835443037974683,2026,TRUE
Boston Celtics,2026-04-09,54,26,0.675,2026,TRUE
Boston Celtics,2026-04-10,55,26,0.6790123456790124,2026,TRUE
Boston Celtics,2026-04-11,55,26,0.6790123456790124,2026,TRUE
Boston Celtics,2026-04-12,56,26,0.6829268292682927,2026,TRUE
Boston Celtics,2026-04-13,56,26,0.6829268292682927,2026,TRUE
Boston Celtics,2026-04-14,56,26,0.6829268292682927,2026,TRUE
Boston Celtics,2026-04-15,56,26,0.6829268292682927,2026,TRUE
Boston Celtics,2026-04-16,56,26,0.6829268292682927,2026,TRUE
Boston Celtics,2026-04-17,56,26,0.6829268292682927,2026,TRUE
Boston Celtics,2026-04-18,56,26,0.6829268292682927,2026,TRUE
Boston Celtics,2026-04-19,56,26,0.6829268292682927,2026,TRUE
Boston Celtics,2026-04-20,56,26,0.6829268292682927,2026,TRUE
Boston Celtics,2026-04-21,56,26,0.6829268292682927,2026,TRUE
Boston Celtics,2026-04-22,56,26,0.6829268292682927,2026,TRUE
Boston Celtics,2026-04-23,56,26,0.6829268292682927,2026,TRUE
Brooklyn Nets,2025-10-21,NA,NA,NA,2025,FALSE
Brooklyn Nets,2025-10-22,0,1,0,2025,FALSE
Brooklyn Nets,2025-10-23,0,1,0,2025,FALSE
Brooklyn Nets,2025-10-24,0,2,0,2025,FALSE
Brooklyn Nets,2025-10-25,0,2,0,2025,FALSE
Brooklyn Nets,2025-10-26,0,3,0,2025,FALSE
Brooklyn Nets,2025-10-27,0,3,0,2025,FALSE
Brooklyn Nets,2025-10-28,0,4,0,2025,FALSE
Brooklyn Nets,2025-10-29,0,5,0,2025,FALSE
Brooklyn Nets,2025-10-30,0,5,0,2025,FALSE
Brooklyn Nets,2025-10-31,0,5,0,2025,FALSE
Brooklyn Nets,2025-11-01,0,5,0,2025,FALSE
Brooklyn Nets,2025-11-02,0,6,0,2025,FALSE
Brooklyn Nets,2025-11-03,0,6,0,2025,FALSE
Brooklyn Nets,2025-11-04,0,7,0,2025,FALSE
Brooklyn Nets,2025-11-05,0,7,0,2025,FALSE
Brooklyn Nets,2025-11-06,1,7,0.125,2025,FALSE
Brooklyn Nets,2025-11-07,1,7,0.125,2025,FALSE
Brooklyn Nets,2025-11-08,1,8,0.1111111111111111,2025,FALSE
Brooklyn Nets,2025-11-09,1,9,0.1,2025,FALSE
Brooklyn Nets,2025-11-10,1,9,0.1,2025,FALSE
Brooklyn Nets,2025-11-11,1,9,0.1,2025,FALSE
Brooklyn Nets,2025-11-12,1,10,0.09090909090909091,2025,FALSE
Brooklyn Nets,2025-11-13,1,10,0.09090909090909091,2025,FALSE
Brooklyn Nets,2025-11-14,1,10,0.09090909090909091,2025,FALSE
Brooklyn Nets,2025-11-15,1,11,0.08333333333333333,2025,FALSE
Brooklyn Nets,2025-11-16,2,11,0.15384615384615385,2025,FALSE
Brooklyn Nets,2025-11-17,2,11,0.15384615384615385,2025,FALSE
Brooklyn Nets,2025-11-18,2,11,0.15384615384615385,2025,FALSE
Brooklyn Nets,2025-11-19,2,12,0.14285714285714285,2025,FALSE
Brooklyn Nets,2025-11-20,2,12,0.14285714285714285,2025,FALSE
Brooklyn Nets,2025-11-21,2,12,0.14285714285714285,2025,FALSE
Brooklyn Nets,2025-11-22,3,12,0.2,2025,FALSE
Brooklyn Nets,2025-11-23,3,13,0.1875,2025,FALSE
Brooklyn Nets,2025-11-24,3,13,0.1875,2025,FALSE
Brooklyn Nets,2025-11-25,3,14,0.17647058823529413,2025,FALSE
Brooklyn Nets,2025-11-26,3,14,0.17647058823529413,2025,FALSE
Brooklyn Nets,2025-11-27,3,14,0.17647058823529413,2025,FALSE
Brooklyn Nets,2025-11-29,3,15,0.16666666666666666,2025,FALSE
Brooklyn Nets,2025-11-30,3,16,0.15789473684210525,2025,FALSE
Brooklyn Nets,2025-12-01,3,16,0.15789473684210525,2025,FALSE
Brooklyn Nets,2025-12-02,4,16,0.2,2025,FALSE
Brooklyn Nets,2025-12-03,4,16,0.2,2025,FALSE
Brooklyn Nets,2025-12-04,5,16,0.23809523809523808,2025,FALSE
Brooklyn Nets,2025-12-05,5,17,0.22727272727272727,2025,FALSE
Brooklyn Nets,2025-12-06,6,17,0.2608695652173913,2025,FALSE
Brooklyn Nets,2025-12-07,6,17,0.2608695652173913,2025,FALSE
Brooklyn Nets,2025-12-08,6,17,0.2608695652173913,2025,FALSE
Brooklyn Nets,2025-12-09,6,17,0.2608695652173913,2025,FALSE
Brooklyn Nets,2025-12-10,6,17,0.2608695652173913,2025,FALSE
Brooklyn Nets,2025-12-11,6,17,0.2608695652173913,2025,FALSE
Brooklyn Nets,2025-12-12,6,17,0.2608695652173913,2025,FALSE
Brooklyn Nets,2025-12-13,6,18,0.25,2025,FALSE
Brooklyn Nets,2025-12-14,7,18,0.28,2025,FALSE
Brooklyn Nets,2025-12-15,7,18,0.28,2025,FALSE
Brooklyn Nets,2025-12-16,7,18,0.28,2025,FALSE
Brooklyn Nets,2025-12-17,7,18,0.28,2025,FALSE
Brooklyn Nets,2025-12-18,7,18,0.28,2025,FALSE
Brooklyn Nets,2025-12-19,7,19,0.2692307692307692,2025,FALSE
Brooklyn Nets,2025-12-20,7,19,0.2692307692307692,2025,FALSE
Brooklyn Nets,2025-12-21,8,19,0.2962962962962963,2025,FALSE
Brooklyn Nets,2025-12-22,8,19,0.2962962962962963,2025,FALSE
Brooklyn Nets,2025-12-23,8,19,0.2962962962962963,2025,FALSE
Brooklyn Nets,2025-12-24,9,19,0.32142857142857145,2025,FALSE
Brooklyn Nets,2025-12-25,9,19,0.32142857142857145,2025,FALSE
Brooklyn Nets,2025-12-26,9,19,0.32142857142857145,2025,FALSE
Brooklyn Nets,2025-12-27,9,19,0.32142857142857145,2025,FALSE
Brooklyn Nets,2025-12-28,10,19,0.3448275862068966,2025,FALSE
Brooklyn Nets,2025-12-29,10,19,0.3448275862068966,2025,FALSE
Brooklyn Nets,2025-12-30,10,20,0.3333333333333333,2025,FALSE
Brooklyn Nets,2025-12-31,10,20,0.3333333333333333,2025,FALSE
Brooklyn Nets,2026-01-01,10,21,0.3225806451612903,2026,FALSE
Brooklyn Nets,2026-01-02,10,21,0.3225806451612903,2026,FALSE
Brooklyn Nets,2026-01-03,10,22,0.3125,2026,FALSE
Brooklyn Nets,2026-01-04,11,22,0.3333333333333333,2026,FALSE
Brooklyn Nets,2026-01-05,11,22,0.3333333333333333,2026,FALSE
Brooklyn Nets,2026-01-06,11,22,0.3333333333333333,2026,FALSE
Brooklyn Nets,2026-01-07,11,22,0.3333333333333333,2026,FALSE
Brooklyn Nets,2026-01-08,11,23,0.3235294117647059,2026,FALSE
Brooklyn Nets,2026-01-09,11,23,0.3235294117647059,2026,FALSE
Brooklyn Nets,2026-01-10,11,24,0.3142857142857143,2026,FALSE
Brooklyn Nets,2026-01-11,11,25,0.3055555555555556,2026,FALSE
Brooklyn Nets,2026-01-12,11,25,0.3055555555555556,2026,FALSE
Brooklyn Nets,2026-01-13,11,26,0.2972972972972973,2026,FALSE
Brooklyn Nets,2026-01-14,11,26,0.2972972972972973,2026,FALSE
Brooklyn Nets,2026-01-15,11,27,0.2894736842105263,2026,FALSE
Brooklyn Nets,2026-01-16,11,27,0.2894736842105263,2026,FALSE
Brooklyn Nets,2026-01-17,12,27,0.3076923076923077,2026,FALSE
Brooklyn Nets,2026-01-18,12,27,0.3076923076923077,2026,FALSE
Brooklyn Nets,2026-01-19,12,28,0.3,2026,FALSE
Brooklyn Nets,2026-01-20,12,29,0.2926829268292683,2026,FALSE
Brooklyn Nets,2026-01-21,12,29,0.2926829268292683,2026,FALSE
Brooklyn Nets,2026-01-22,12,30,0.2857142857142857,2026,FALSE
Brooklyn Nets,2026-01-23,12,30,0.2857142857142857,2026,FALSE
Brooklyn Nets,2026-01-24,12,31,0.27906976744186046,2026,FALSE
Brooklyn Nets,2026-01-25,12,31,0.27906976744186046,2026,FALSE
Brooklyn Nets,2026-01-26,12,32,0.2727272727272727,2026,FALSE
Brooklyn Nets,2026-01-27,12,32,0.2727272727272727,2026,FALSE
Brooklyn Nets,2026-01-28,12,33,0.26666666666666666,2026,FALSE
Brooklyn Nets,2026-01-29,12,33,0.26666666666666666,2026,FALSE
Brooklyn Nets,2026-01-30,12,34,0.2608695652173913,2026,FALSE
Brooklyn Nets,2026-01-31,13,34,0.2765957446808511,2026,FALSE
Brooklyn Nets,2026-02-01,13,35,0.2708333333333333,2026,FALSE
Brooklyn Nets,2026-02-02,13,35,0.2708333333333333,2026,FALSE
Brooklyn Nets,2026-02-03,13,35,0.2708333333333333,2026,FALSE
Brooklyn Nets,2026-02-04,13,36,0.2653061224489796,2026,FALSE
Brooklyn Nets,2026-02-05,13,36,0.2653061224489796,2026,FALSE
Brooklyn Nets,2026-02-06,13,37,0.26,2026,FALSE
Brooklyn Nets,2026-02-07,14,37,0.27450980392156865,2026,FALSE
Brooklyn Nets,2026-02-08,14,37,0.27450980392156865,2026,FALSE
Brooklyn Nets,2026-02-10,15,37,0.28846153846153844,2026,FALSE
Brooklyn Nets,2026-02-11,15,37,0.28846153846153844,2026,FALSE
Brooklyn Nets,2026-02-12,15,38,0.2830188679245283,2026,FALSE
Brooklyn Nets,2026-02-13,15,38,0.2830188679245283,2026,FALSE
Brooklyn Nets,2026-02-15,15,38,0.2830188679245283,2026,FALSE
Brooklyn Nets,2026-02-16,15,38,0.2830188679245283,2026,FALSE
Brooklyn Nets,2026-02-20,15,39,0.2777777777777778,2026,FALSE
Brooklyn Nets,2026-02-21,15,40,0.2727272727272727,2026,FALSE
Brooklyn Nets,2026-02-22,15,41,0.26785714285714285,2026,FALSE
Brooklyn Nets,2026-02-23,15,41,0.26785714285714285,2026,FALSE
Brooklyn Nets,2026-02-24,15,41,0.26785714285714285,2026,FALSE
Brooklyn Nets,2026-02-25,15,42,0.2631578947368421,2026,FALSE
Brooklyn Nets,2026-02-26,15,42,0.2631578947368421,2026,FALSE
Brooklyn Nets,2026-02-27,15,43,0.25862068965517243,2026,FALSE
Brooklyn Nets,2026-02-28,15,44,0.2542372881355932,2026,FALSE
Brooklyn Nets,2026-03-01,15,45,0.25,2026,FALSE
Brooklyn Nets,2026-03-02,15,45,0.25,2026,FALSE
Brooklyn Nets,2026-03-03,15,45,0.25,2026,FALSE
Brooklyn Nets,2026-03-04,15,46,0.2459016393442623,2026,FALSE
Brooklyn Nets,2026-03-05,15,46,0.2459016393442623,2026,FALSE
Brooklyn Nets,2026-03-06,15,47,0.24193548387096775,2026,FALSE
Brooklyn Nets,2026-03-07,16,47,0.25396825396825395,2026,FALSE
Brooklyn Nets,2026-03-08,16,47,0.25396825396825395,2026,FALSE
Brooklyn Nets,2026-03-09,17,47,0.265625,2026,FALSE
Brooklyn Nets,2026-03-10,17,48,0.26153846153846155,2026,FALSE
Brooklyn Nets,2026-03-11,17,48,0.26153846153846155,2026,FALSE
Brooklyn Nets,2026-03-12,17,49,0.25757575757575757,2026,FALSE
Brooklyn Nets,2026-03-13,17,49,0.25757575757575757,2026,FALSE
Brooklyn Nets,2026-03-14,17,50,0.2537313432835821,2026,FALSE
Brooklyn Nets,2026-03-15,17,50,0.2537313432835821,2026,FALSE
Brooklyn Nets,2026-03-16,17,51,0.25,2026,FALSE
Brooklyn Nets,2026-03-17,17,51,0.25,2026,FALSE
Brooklyn Nets,2026-03-18,17,52,0.2463768115942029,2026,FALSE
Brooklyn Nets,2026-03-19,17,52,0.2463768115942029,2026,FALSE
Brooklyn Nets,2026-03-20,17,53,0.24285714285714285,2026,FALSE
Brooklyn Nets,2026-03-21,17,53,0.24285714285714285,2026,FALSE
Brooklyn Nets,2026-03-22,17,54,0.23943661971830985,2026,FALSE
Brooklyn Nets,2026-03-23,17,54,0.23943661971830985,2026,FALSE
Brooklyn Nets,2026-03-24,17,55,0.2361111111111111,2026,FALSE
Brooklyn Nets,2026-03-25,17,55,0.2361111111111111,2026,FALSE
Brooklyn Nets,2026-03-26,17,56,0.2328767123287671,2026,FALSE
Brooklyn Nets,2026-03-27,17,56,0.2328767123287671,2026,FALSE
Brooklyn Nets,2026-03-28,17,57,0.22972972972972974,2026,FALSE
Brooklyn Nets,2026-03-29,18,57,0.24,2026,FALSE
Brooklyn Nets,2026-03-30,18,57,0.24,2026,FALSE
Brooklyn Nets,2026-03-31,18,58,0.23684210526315788,2026,FALSE
Brooklyn Nets,2026-04-01,18,58,0.23684210526315788,2026,FALSE
Brooklyn Nets,2026-04-02,18,58,0.23684210526315788,2026,FALSE
Brooklyn Nets,2026-04-03,18,59,0.23376623376623376,2026,FALSE
Brooklyn Nets,2026-04-04,18,59,0.23376623376623376,2026,FALSE
Brooklyn Nets,2026-04-05,19,59,0.24358974358974358,2026,FALSE
Brooklyn Nets,2026-04-06,19,59,0.24358974358974358,2026,FALSE
Brooklyn Nets,2026-04-07,20,59,0.25316455696202533,2026,FALSE
Brooklyn Nets,2026-04-08,20,59,0.25316455696202533,2026,FALSE
Brooklyn Nets,2026-04-09,20,60,0.25,2026,FALSE
Brooklyn Nets,2026-04-10,20,60,0.25,2026,FALSE
Brooklyn Nets,2026-04-11,20,61,0.24691358024691357,2026,FALSE
Brooklyn Nets,2026-04-12,20,62,0.24390243902439024,2026,FALSE
Brooklyn Nets,2026-04-13,20,62,0.24390243902439024,2026,FALSE
Brooklyn Nets,2026-04-14,20,62,0.24390243902439024,2026,FALSE
Brooklyn Nets,2026-04-15,20,62,0.24390243902439024,2026,FALSE
Brooklyn Nets,2026-04-16,20,62,0.24390243902439024,2026,FALSE
Brooklyn Nets,2026-04-17,20,62,0.24390243902439024,2026,FALSE
Brooklyn Nets,2026-04-18,20,62,0.24390243902439024,2026,FALSE
Brooklyn Nets,2026-04-19,20,62,0.24390243902439024,2026,FALSE
Brooklyn Nets,2026-04-20,20,62,0.24390243902439024,2026,FALSE
Brooklyn Nets,2026-04-21,20,62,0.24390243902439024,2026,FALSE
Brooklyn Nets,2026-04-22,20,62,0.24390243902439024,2026,FALSE
Brooklyn Nets,2026-04-23,20,62,0.24390243902439024,2026,FALSE
Charlotte Hornets,2025-10-21,NA,NA,NA,2025,FALSE
Charlotte Hornets,2025-10-22,1,0,1,2025,FALSE
Charlotte Hornets,2025-10-23,1,0,1,2025,FALSE
Charlotte Hornets,2025-10-24,1,0,1,2025,FALSE
Charlotte Hornets,2025-10-25,1,1,0.5,2025,FALSE
Charlotte Hornets,2025-10-26,2,1,0.6666666666666666,2025,FALSE
Charlotte Hornets,2025-10-27,2,1,0.6666666666666666,2025,FALSE
Charlotte Hornets,2025-10-28,2,2,0.5,2025,FALSE
Charlotte Hornets,2025-10-29,2,2,0.5,2025,FALSE
Charlotte Hornets,2025-10-30,2,3,0.4,2025,FALSE
Charlotte Hornets,2025-10-31,2,3,0.4,2025,FALSE
Charlotte Hornets,2025-11-01,2,4,0.3333333333333333,2025,FALSE
Charlotte Hornets,2025-11-02,3,4,0.42857142857142855,2025,FALSE
Charlotte Hornets,2025-11-03,3,4,0.42857142857142855,2025,FALSE
Charlotte Hornets,2025-11-04,3,4,0.42857142857142855,2025,FALSE
Charlotte Hornets,2025-11-05,3,5,0.375,2025,FALSE
Charlotte Hornets,2025-11-06,3,5,0.375,2025,FALSE
Charlotte Hornets,2025-11-07,3,5,0.375,2025,FALSE
Charlotte Hornets,2025-11-08,3,6,0.3333333333333333,2025,FALSE
Charlotte Hornets,2025-11-09,3,6,0.3333333333333333,2025,FALSE
Charlotte Hornets,2025-11-10,3,6,0.3333333333333333,2025,FALSE
Charlotte Hornets,2025-11-11,3,7,0.3,2025,FALSE
Charlotte Hornets,2025-11-12,3,7,0.3,2025,FALSE
Charlotte Hornets,2025-11-13,4,7,0.36363636363636365,2025,FALSE
Charlotte Hornets,2025-11-14,4,7,0.36363636363636365,2025,FALSE
Charlotte Hornets,2025-11-15,4,8,0.3333333333333333,2025,FALSE
Charlotte Hornets,2025-11-16,4,9,0.3076923076923077,2025,FALSE
Charlotte Hornets,2025-11-17,4,9,0.3076923076923077,2025,FALSE
Charlotte Hornets,2025-11-18,4,10,0.2857142857142857,2025,FALSE
Charlotte Hornets,2025-11-19,4,10,0.2857142857142857,2025,FALSE
Charlotte Hornets,2025-11-20,4,11,0.26666666666666666,2025,FALSE
Charlotte Hornets,2025-11-21,4,11,0.26666666666666666,2025,FALSE
Charlotte Hornets,2025-11-22,4,12,0.25,2025,FALSE
Charlotte Hornets,2025-11-23,4,13,0.23529411764705882,2025,FALSE
Charlotte Hornets,2025-11-24,4,13,0.23529411764705882,2025,FALSE
Charlotte Hornets,2025-11-25,4,13,0.23529411764705882,2025,FALSE
Charlotte Hornets,2025-11-26,4,13,0.23529411764705882,2025,FALSE
Charlotte Hornets,2025-11-27,4,14,0.2222222222222222,2025,FALSE
Charlotte Hornets,2025-11-29,5,14,0.2631578947368421,2025,FALSE
Charlotte Hornets,2025-11-30,5,14,0.2631578947368421,2025,FALSE
Charlotte Hornets,2025-12-01,5,14,0.2631578947368421,2025,FALSE
Charlotte Hornets,2025-12-02,6,15,0.2857142857142857,2025,FALSE
Charlotte Hornets,2025-12-03,6,15,0.2857142857142857,2025,FALSE
Charlotte Hornets,2025-12-04,6,16,0.2727272727272727,2025,FALSE
Charlotte Hornets,2025-12-05,6,16,0.2727272727272727,2025,FALSE
Charlotte Hornets,2025-12-06,44,38,0.5365853658536586,2025,FALSE
Charlotte Hornets,2025-12-07,7,17,0.2916666666666667,2025,FALSE
Charlotte Hornets,2025-12-08,7,17,0.2916666666666667,2025,FALSE
Charlotte Hornets,2025-12-09,7,17,0.2916666666666667,2025,FALSE
Charlotte Hornets,2025-12-10,7,17,0.2916666666666667,2025,FALSE
Charlotte Hornets,2025-12-11,7,17,0.2916666666666667,2025,FALSE
Charlotte Hornets,2025-12-12,7,17,0.2916666666666667,2025,FALSE
Charlotte Hornets,2025-12-13,7,18,0.28,2025,FALSE
Charlotte Hornets,2025-12-14,8,18,0.3076923076923077,2025,FALSE
Charlotte Hornets,2025-12-15,8,18,0.3076923076923077,2025,FALSE
Charlotte Hornets,2025-12-16,8,18,0.3076923076923077,2025,FALSE
Charlotte Hornets,2025-12-17,8,18,0.3076923076923077,2025,FALSE
Charlotte Hornets,2025-12-18,8,18,0.3076923076923077,2025,FALSE
Charlotte Hornets,2025-12-19,9,18,0.3333333333333333,2025,FALSE
Charlotte Hornets,2025-12-20,9,18,0.3333333333333333,2025,FALSE
Charlotte Hornets,2025-12-21,9,19,0.32142857142857145,2025,FALSE
Charlotte Hornets,2025-12-22,9,19,0.32142857142857145,2025,FALSE
Charlotte Hornets,2025-12-23,9,20,0.3103448275862069,2025,FALSE
Charlotte Hornets,2025-12-24,10,20,0.3333333333333333,2025,FALSE
Charlotte Hornets,2025-12-25,10,20,0.3333333333333333,2025,FALSE
Charlotte Hornets,2025-12-26,10,20,0.3333333333333333,2025,FALSE
Charlotte Hornets,2025-12-27,11,20,0.3548387096774194,2025,FALSE
Charlotte Hornets,2025-12-28,11,20,0.3548387096774194,2025,FALSE
Charlotte Hornets,2025-12-29,11,20,0.3548387096774194,2025,FALSE
Charlotte Hornets,2025-12-30,11,21,0.34375,2025,FALSE
Charlotte Hornets,2025-12-31,11,22,0.3333333333333333,2025,FALSE
Charlotte Hornets,2026-01-01,11,22,0.3333333333333333,2026,TRUE
Charlotte Hornets,2026-01-02,11,22,0.3333333333333333,2026,TRUE
Charlotte Hornets,2026-01-03,11,23,0.3235294117647059,2026,TRUE
Charlotte Hornets,2026-01-04,12,23,0.34285714285714286,2026,TRUE
Charlotte Hornets,2026-01-05,12,23,0.34285714285714286,2026,TRUE
Charlotte Hornets,2026-01-06,13,23,0.3611111111111111,2026,TRUE
Charlotte Hornets,2026-01-07,13,23,0.3611111111111111,2026,TRUE
Charlotte Hornets,2026-01-08,13,24,0.35135135135135137,2026,TRUE
Charlotte Hornets,2026-01-09,13,25,0.34210526315789475,2026,TRUE
Charlotte Hornets,2026-01-10,13,25,0.34210526315789475,2026,TRUE
Charlotte Hornets,2026-01-11,14,25,0.358974358974359,2026,TRUE
Charlotte Hornets,2026-01-12,14,25,0.358974358974359,2026,TRUE
Charlotte Hornets,2026-01-13,14,26,0.35,2026,TRUE
Charlotte Hornets,2026-01-14,14,26,0.35,2026,TRUE
Charlotte Hornets,2026-01-15,14,26,0.35,2026,TRUE
Charlotte Hornets,2026-01-16,15,26,0.36585365853658536,2026,TRUE
Charlotte Hornets,2026-01-17,15,26,0.36585365853658536,2026,TRUE
Charlotte Hornets,2026-01-18,15,27,0.35714285714285715,2026,TRUE
Charlotte Hornets,2026-01-19,16,27,0.37209302325581395,2026,TRUE
Charlotte Hornets,2026-01-20,16,27,0.37209302325581395,2026,TRUE
Charlotte Hornets,2026-01-21,16,27,0.37209302325581395,2026,TRUE
Charlotte Hornets,2026-01-22,16,28,0.36363636363636365,2026,TRUE
Charlotte Hornets,2026-01-23,17,28,0.37777777777777777,2026,TRUE
Charlotte Hornets,2026-01-24,18,28,0.391304347826087,2026,TRUE
Charlotte Hornets,2026-01-25,18,28,0.391304347826087,2026,TRUE
Charlotte Hornets,2026-01-26,19,28,0.40425531914893614,2026,TRUE
Charlotte Hornets,2026-01-27,19,28,0.40425531914893614,2026,TRUE
Charlotte Hornets,2026-01-28,19,28,0.40425531914893614,2026,TRUE
Charlotte Hornets,2026-01-29,20,28,0.4166666666666667,2026,TRUE
Charlotte Hornets,2026-01-30,21,28,0.42857142857142855,2026,TRUE
Charlotte Hornets,2026-01-31,22,28,0.44,2026,TRUE
Charlotte Hornets,2026-02-01,22,28,0.44,2026,TRUE
Charlotte Hornets,2026-02-02,23,28,0.45098039215686275,2026,TRUE
Charlotte Hornets,2026-02-03,23,28,0.45098039215686275,2026,TRUE
Charlotte Hornets,2026-02-04,23,28,0.45098039215686275,2026,TRUE
Charlotte Hornets,2026-02-05,23,28,0.45098039215686275,2026,TRUE
Charlotte Hornets,2026-02-06,24,28,0.46153846153846156,2026,TRUE
Charlotte Hornets,2026-02-07,24,28,0.46153846153846156,2026,TRUE
Charlotte Hornets,2026-02-08,25,28,0.4716981132075472,2026,TRUE
Charlotte Hornets,2026-02-10,25,29,0.46296296296296297,2026,TRUE
Charlotte Hornets,2026-02-11,25,29,0.46296296296296297,2026,TRUE
Charlotte Hornets,2026-02-12,26,29,0.4727272727272727,2026,TRUE
Charlotte Hornets,2026-02-13,26,29,0.4727272727272727,2026,TRUE
Charlotte Hornets,2026-02-15,26,29,0.4727272727272727,2026,TRUE
Charlotte Hornets,2026-02-16,26,29,0.4727272727272727,2026,TRUE
Charlotte Hornets,2026-02-20,26,30,0.4642857142857143,2026,TRUE
Charlotte Hornets,2026-02-21,26,31,0.45614035087719296,2026,TRUE
Charlotte Hornets,2026-02-22,27,31,0.46551724137931033,2026,TRUE
Charlotte Hornets,2026-02-23,27,31,0.46551724137931033,2026,TRUE
Charlotte Hornets,2026-02-24,27,31,0.46551724137931033,2026,TRUE
Charlotte Hornets,2026-02-25,28,31,0.4745762711864407,2026,TRUE
Charlotte Hornets,2026-02-26,28,31,0.4745762711864407,2026,TRUE
Charlotte Hornets,2026-02-27,29,31,0.48333333333333334,2026,TRUE
Charlotte Hornets,2026-02-28,30,31,0.4918032786885246,2026,TRUE
Charlotte Hornets,2026-03-01,30,31,0.4918032786885246,2026,TRUE
Charlotte Hornets,2026-03-02,30,31,0.4918032786885246,2026,TRUE
Charlotte Hornets,2026-03-03,30,31,0.4918032786885246,2026,TRUE
Charlotte Hornets,2026-03-04,31,31,0.5,2026,TRUE
Charlotte Hornets,2026-03-05,32,31,0.5079365079365079,2026,TRUE
Charlotte Hornets,2026-03-06,32,31,0.5079365079365079,2026,TRUE
Charlotte Hornets,2026-03-07,32,32,0.5,2026,TRUE
Charlotte Hornets,2026-03-08,32,32,0.5,2026,TRUE
Charlotte Hornets,2026-03-09,32,33,0.49230769230769234,2026,TRUE
Charlotte Hornets,2026-03-10,32,33,0.49230769230769234,2026,TRUE
Charlotte Hornets,2026-03-11,33,33,0.5,2026,TRUE
Charlotte Hornets,2026-03-12,34,33,0.5074626865671642,2026,TRUE
Charlotte Hornets,2026-03-13,34,33,0.5074626865671642,2026,TRUE
Charlotte Hornets,2026-03-14,34,34,0.5,2026,TRUE
Charlotte Hornets,2026-03-15,34,34,0.5,2026,TRUE
Charlotte Hornets,2026-03-16,34,34,0.5,2026,TRUE
Charlotte Hornets,2026-03-17,35,34,0.5072463768115942,2026,TRUE
Charlotte Hornets,2026-03-18,35,34,0.5072463768115942,2026,TRUE
Charlotte Hornets,2026-03-19,36,34,0.5142857142857142,2026,TRUE
Charlotte Hornets,2026-03-20,36,34,0.5142857142857142,2026,TRUE
Charlotte Hornets,2026-03-21,37,34,0.5211267605633803,2026,TRUE
Charlotte Hornets,2026-03-22,37,34,0.5211267605633803,2026,TRUE
Charlotte Hornets,2026-03-23,37,34,0.5211267605633803,2026,TRUE
Charlotte Hornets,2026-03-24,38,34,0.5277777777777778,2026,TRUE
Charlotte Hornets,2026-03-25,38,34,0.5277777777777778,2026,TRUE
Charlotte Hornets,2026-03-26,39,34,0.5342465753424658,2026,TRUE
Charlotte Hornets,2026-03-27,39,34,0.5342465753424658,2026,TRUE
Charlotte Hornets,2026-03-28,39,35,0.527027027027027,2026,TRUE
Charlotte Hornets,2026-03-29,39,36,0.52,2026,TRUE
Charlotte Hornets,2026-03-30,39,36,0.52,2026,TRUE
Charlotte Hornets,2026-03-31,40,36,0.5263157894736842,2026,TRUE
Charlotte Hornets,2026-04-01,40,36,0.5263157894736842,2026,TRUE
Charlotte Hornets,2026-04-02,41,36,0.5324675324675324,2026,TRUE
Charlotte Hornets,2026-04-03,42,36,0.5384615384615384,2026,TRUE
Charlotte Hornets,2026-04-04,42,36,0.5384615384615384,2026,TRUE
Charlotte Hornets,2026-04-05,43,36,0.5443037974683544,2026,TRUE
Charlotte Hornets,2026-04-06,43,36,0.5443037974683544,2026,TRUE
Charlotte Hornets,2026-04-07,43,36,0.5443037974683544,2026,TRUE
Charlotte Hornets,2026-04-08,43,37,0.5375,2026,TRUE
Charlotte Hornets,2026-04-09,43,37,0.5375,2026,TRUE
Charlotte Hornets,2026-04-10,43,38,0.5308641975308642,2026,TRUE
Charlotte Hornets,2026-04-11,43,38,0.5308641975308642,2026,TRUE
Charlotte Hornets,2026-04-12,44,38,0.5365853658536586,2026,TRUE
Charlotte Hornets,2026-04-13,44,38,0.5365853658536586,2026,TRUE
Charlotte Hornets,2026-04-14,44,38,0.5365853658536586,2026,TRUE
Charlotte Hornets,2026-04-15,44,38,0.5365853658536586,2026,TRUE
Charlotte Hornets,2026-04-16,44,38,0.5365853658536586,2026,TRUE
Charlotte Hornets,2026-04-17,44,38,0.5365853658536586,2026,TRUE
Charlotte Hornets,2026-04-18,44,38,0.5365853658536586,2026,TRUE
Charlotte Hornets,2026-04-19,44,38,0.5365853658536586,2026,TRUE
Charlotte Hornets,2026-04-20,44,38,0.5365853658536586,2026,TRUE
Charlotte Hornets,2026-04-21,44,38,0.5365853658536586,2026,TRUE
Charlotte Hornets,2026-04-22,44,38,0.5365853658536586,2026,TRUE
Charlotte Hornets,2026-04-23,44,38,0.5365853658536586,2026,TRUE
Chicago Bulls,2025-10-21,NA,NA,NA,2025,TRUE
Chicago Bulls,2025-10-22,NA,NA,NA,2025,TRUE
Chicago Bulls,2025-10-23,1,0,1,2025,TRUE
Chicago Bulls,2025-10-24,1,0,1,2025,TRUE
Chicago Bulls,2025-10-25,2,0,1,2025,TRUE
Chicago Bulls,2025-10-26,2,0,1,2025,TRUE
Chicago Bulls,2025-10-27,2,0,1,2025,TRUE
Chicago Bulls,2025-10-28,3,0,1,2025,TRUE
Chicago Bulls,2025-10-29,3,0,1,2025,TRUE
Chicago Bulls,2025-10-30,4,0,1,2025,TRUE
Chicago Bulls,2025-10-31,4,0,1,2025,TRUE
Chicago Bulls,2025-11-01,5,0,1,2025,TRUE
Chicago Bulls,2025-11-02,5,0,1,2025,TRUE
Chicago Bulls,2025-11-03,5,1,0.8333333333333334,2025,TRUE
Chicago Bulls,2025-11-04,5,1,0.8333333333333334,2025,TRUE
Chicago Bulls,2025-11-05,6,1,0.8571428571428571,2025,TRUE
Chicago Bulls,2025-11-06,6,1,0.8571428571428571,2025,TRUE
Chicago Bulls,2025-11-07,6,1,0.8571428571428571,2025,TRUE
Chicago Bulls,2025-11-08,6,2,0.75,2025,TRUE
Chicago Bulls,2025-11-09,6,3,0.6666666666666666,2025,TRUE
Chicago Bulls,2025-11-10,6,3,0.6666666666666666,2025,TRUE
Chicago Bulls,2025-11-11,6,4,0.6,2025,TRUE
Chicago Bulls,2025-11-12,6,4,0.6,2025,TRUE
Chicago Bulls,2025-11-13,6,5,0.5454545454545454,2025,TRUE
Chicago Bulls,2025-11-14,6,5,0.5454545454545454,2025,TRUE
Chicago Bulls,2025-11-15,6,5,0.5454545454545454,2025,TRUE
Chicago Bulls,2025-11-16,6,5,0.5454545454545454,2025,TRUE
Chicago Bulls,2025-11-17,6,6,0.5,2025,TRUE
Chicago Bulls,2025-11-18,7,6,0.5384615384615384,2025,TRUE
Chicago Bulls,2025-11-19,7,6,0.5384615384615384,2025,TRUE
Chicago Bulls,2025-11-20,8,6,0.5714285714285714,2025,TRUE
Chicago Bulls,2025-11-21,8,6,0.5714285714285714,2025,TRUE
Chicago Bulls,2025-11-22,8,7,0.5333333333333333,2025,TRUE
Chicago Bulls,2025-11-23,9,7,0.5625,2025,TRUE
Chicago Bulls,2025-11-24,9,7,0.5625,2025,TRUE
Chicago Bulls,2025-11-25,9,8,0.5294117647058824,2025,TRUE
Chicago Bulls,2025-11-26,9,8,0.5294117647058824,2025,TRUE
Chicago Bulls,2025-11-27,9,8,0.5294117647058824,2025,TRUE
Chicago Bulls,2025-11-29,9,9,0.5,2025,TRUE
Chicago Bulls,2025-11-30,9,10,0.47368421052631576,2025,TRUE
Chicago Bulls,2025-12-01,9,10,0.47368421052631576,2025,TRUE
Chicago Bulls,2025-12-02,9,11,0.45,2025,TRUE
Chicago Bulls,2025-12-03,9,11,0.45,2025,TRUE
Chicago Bulls,2025-12-04,9,12,0.42857142857142855,2025,TRUE
Chicago Bulls,2025-12-05,9,12,0.42857142857142855,2025,TRUE
Chicago Bulls,2025-12-06,9,13,0.4090909090909091,2025,TRUE
Chicago Bulls,2025-12-07,9,13,0.4090909090909091,2025,TRUE
Chicago Bulls,2025-12-08,9,14,0.391304347826087,2025,TRUE
Chicago Bulls,2025-12-09,9,14,0.391304347826087,2025,TRUE
Chicago Bulls,2025-12-10,9,14,0.391304347826087,2025,TRUE
Chicago Bulls,2025-12-11,9,14,0.391304347826087,2025,TRUE
Chicago Bulls,2025-12-12,9,14,0.391304347826087,2025,TRUE
Chicago Bulls,2025-12-13,10,14,0.4166666666666667,2025,TRUE
Chicago Bulls,2025-12-14,10,14,0.4166666666666667,2025,TRUE
Chicago Bulls,2025-12-15,10,15,0.4,2025,TRUE
Chicago Bulls,2025-12-16,10,15,0.4,2025,TRUE
Chicago Bulls,2025-12-17,10,15,0.4,2025,TRUE
Chicago Bulls,2025-12-18,11,15,0.4230769230769231,2025,TRUE
Chicago Bulls,2025-12-19,11,15,0.4230769230769231,2025,TRUE
Chicago Bulls,2025-12-20,12,15,0.4444444444444444,2025,TRUE
Chicago Bulls,2025-12-21,13,15,0.4642857142857143,2025,TRUE
Chicago Bulls,2025-12-22,13,15,0.4642857142857143,2025,TRUE
Chicago Bulls,2025-12-23,13,15,0.4642857142857143,2025,TRUE
Chicago Bulls,2025-12-24,14,15,0.4827586206896552,2025,TRUE
Chicago Bulls,2025-12-25,14,15,0.4827586206896552,2025,TRUE
Chicago Bulls,2025-12-26,14,15,0.4827586206896552,2025,TRUE
Chicago Bulls,2025-12-27,15,15,0.5,2025,TRUE
Chicago Bulls,2025-12-28,15,16,0.4838709677419355,2025,TRUE
Chicago Bulls,2025-12-29,15,16,0.4838709677419355,2025,TRUE
Chicago Bulls,2025-12-30,15,17,0.46875,2025,TRUE
Chicago Bulls,2025-12-31,15,17,0.46875,2025,TRUE
Chicago Bulls,2026-01-01,16,17,0.48484848484848486,2026,FALSE
Chicago Bulls,2026-01-02,16,17,0.48484848484848486,2026,FALSE
Chicago Bulls,2026-01-03,17,17,0.5,2026,FALSE
Chicago Bulls,2026-01-04,17,18,0.4857142857142857,2026,FALSE
Chicago Bulls,2026-01-05,17,18,0.4857142857142857,2026,FALSE
Chicago Bulls,2026-01-06,17,19,0.4722222222222222,2026,FALSE
Chicago Bulls,2026-01-07,17,19,0.4722222222222222,2026,FALSE
Chicago Bulls,2026-01-08,17,20,0.4594594594594595,2026,FALSE
Chicago Bulls,2026-01-09,17,20,0.4594594594594595,2026,FALSE
Chicago Bulls,2026-01-10,17,20,0.4594594594594595,2026,FALSE
Chicago Bulls,2026-01-11,18,20,0.47368421052631576,2026,FALSE
Chicago Bulls,2026-01-12,18,20,0.47368421052631576,2026,FALSE
Chicago Bulls,2026-01-13,18,20,0.47368421052631576,2026,FALSE
Chicago Bulls,2026-01-14,18,21,0.46153846153846156,2026,FALSE
Chicago Bulls,2026-01-15,19,21,0.475,2026,FALSE
Chicago Bulls,2026-01-16,19,21,0.475,2026,FALSE
Chicago Bulls,2026-01-17,19,22,0.4634146341463415,2026,FALSE
Chicago Bulls,2026-01-18,19,22,0.4634146341463415,2026,FALSE
Chicago Bulls,2026-01-19,20,22,0.47619047619047616,2026,FALSE
Chicago Bulls,2026-01-20,20,22,0.47619047619047616,2026,FALSE
Chicago Bulls,2026-01-21,21,22,0.4883720930232558,2026,FALSE
Chicago Bulls,2026-01-22,21,22,0.4883720930232558,2026,FALSE
Chicago Bulls,2026-01-23,22,22,0.5,2026,FALSE
Chicago Bulls,2026-01-24,22,22,0.5,2026,FALSE
Chicago Bulls,2026-01-25,23,22,0.5111111111111111,2026,FALSE
Chicago Bulls,2026-01-26,23,22,0.5111111111111111,2026,FALSE
Chicago Bulls,2026-01-27,23,23,0.5,2026,FALSE
Chicago Bulls,2026-01-28,23,23,0.5,2026,FALSE
Chicago Bulls,2026-01-29,23,24,0.48936170212765956,2026,FALSE
Chicago Bulls,2026-01-30,23,25,0.4791666666666667,2026,FALSE
Chicago Bulls,2026-01-31,23,25,0.4791666666666667,2026,FALSE
Chicago Bulls,2026-02-01,24,25,0.4897959183673469,2026,FALSE
Chicago Bulls,2026-02-02,24,25,0.4897959183673469,2026,FALSE
Chicago Bulls,2026-02-03,24,25,0.4897959183673469,2026,FALSE
Chicago Bulls,2026-02-04,24,27,0.47058823529411764,2026,FALSE
Chicago Bulls,2026-02-05,24,27,0.47058823529411764,2026,FALSE
Chicago Bulls,2026-02-06,24,28,0.46153846153846156,2026,FALSE
Chicago Bulls,2026-02-07,24,28,0.46153846153846156,2026,FALSE
Chicago Bulls,2026-02-08,24,29,0.4528301886792453,2026,FALSE
Chicago Bulls,2026-02-10,24,30,0.4444444444444444,2026,FALSE
Chicago Bulls,2026-02-11,24,30,0.4444444444444444,2026,FALSE
Chicago Bulls,2026-02-12,24,31,0.43636363636363634,2026,FALSE
Chicago Bulls,2026-02-13,24,31,0.43636363636363634,2026,FALSE
Chicago Bulls,2026-02-15,24,31,0.43636363636363634,2026,FALSE
Chicago Bulls,2026-02-16,24,31,0.43636363636363634,2026,FALSE
Chicago Bulls,2026-02-20,24,32,0.42857142857142855,2026,FALSE
Chicago Bulls,2026-02-21,24,32,0.42857142857142855,2026,FALSE
Chicago Bulls,2026-02-22,24,33,0.42105263157894735,2026,FALSE
Chicago Bulls,2026-02-23,24,34,0.41379310344827586,2026,FALSE
Chicago Bulls,2026-02-24,24,34,0.41379310344827586,2026,FALSE
Chicago Bulls,2026-02-25,24,35,0.4067796610169492,2026,FALSE
Chicago Bulls,2026-02-26,24,35,0.4067796610169492,2026,FALSE
Chicago Bulls,2026-02-27,24,36,0.4,2026,FALSE
Chicago Bulls,2026-02-28,24,36,0.4,2026,FALSE
Chicago Bulls,2026-03-01,25,36,0.4098360655737705,2026,FALSE
Chicago Bulls,2026-03-02,25,36,0.4098360655737705,2026,FALSE
Chicago Bulls,2026-03-03,25,36,0.4098360655737705,2026,FALSE
Chicago Bulls,2026-03-04,25,37,0.4032258064516129,2026,FALSE
Chicago Bulls,2026-03-05,25,37,0.4032258064516129,2026,FALSE
Chicago Bulls,2026-03-06,26,37,0.4126984126984127,2026,FALSE
Chicago Bulls,2026-03-07,26,37,0.4126984126984127,2026,FALSE
Chicago Bulls,2026-03-08,26,37,0.4126984126984127,2026,FALSE
Chicago Bulls,2026-03-09,26,38,0.40625,2026,FALSE
Chicago Bulls,2026-03-10,26,38,0.40625,2026,FALSE
Chicago Bulls,2026-03-11,27,38,0.4153846153846154,2026,FALSE
Chicago Bulls,2026-03-12,27,38,0.4153846153846154,2026,FALSE
Chicago Bulls,2026-03-13,27,39,0.4090909090909091,2026,FALSE
Chicago Bulls,2026-03-14,27,40,0.40298507462686567,2026,FALSE
Chicago Bulls,2026-03-15,27,40,0.40298507462686567,2026,FALSE
Chicago Bulls,2026-03-16,27,40,0.40298507462686567,2026,FALSE
Chicago Bulls,2026-03-17,28,40,0.4117647058823529,2026,FALSE
Chicago Bulls,2026-03-18,28,40,0.4117647058823529,2026,FALSE
Chicago Bulls,2026-03-19,28,41,0.4057971014492754,2026,FALSE
Chicago Bulls,2026-03-20,28,42,0.4,2026,FALSE
Chicago Bulls,2026-03-21,28,42,0.4,2026,FALSE
Chicago Bulls,2026-03-22,28,42,0.4,2026,FALSE
Chicago Bulls,2026-03-23,28,42,0.4,2026,FALSE
Chicago Bulls,2026-03-24,29,42,0.4084507042253521,2026,FALSE
Chicago Bulls,2026-03-25,29,43,0.4027777777777778,2026,FALSE
Chicago Bulls,2026-03-26,29,43,0.4027777777777778,2026,FALSE
Chicago Bulls,2026-03-27,29,43,0.4027777777777778,2026,FALSE
Chicago Bulls,2026-03-28,29,44,0.3972602739726027,2026,FALSE
Chicago Bulls,2026-03-29,29,45,0.3918918918918919,2026,FALSE
Chicago Bulls,2026-03-30,29,45,0.3918918918918919,2026,FALSE
Chicago Bulls,2026-03-31,29,46,0.38666666666666666,2026,FALSE
Chicago Bulls,2026-04-01,29,46,0.38666666666666666,2026,FALSE
Chicago Bulls,2026-04-02,29,47,0.3815789473684211,2026,FALSE
Chicago Bulls,2026-04-03,29,48,0.37662337662337664,2026,FALSE
Chicago Bulls,2026-04-04,29,48,0.37662337662337664,2026,FALSE
Chicago Bulls,2026-04-05,29,49,0.3717948717948718,2026,FALSE
Chicago Bulls,2026-04-06,29,49,0.3717948717948718,2026,FALSE
Chicago Bulls,2026-04-07,30,49,0.379746835443038,2026,FALSE
Chicago Bulls,2026-04-08,30,49,0.379746835443038,2026,FALSE
Chicago Bulls,2026-04-09,31,49,0.3875,2026,FALSE
Chicago Bulls,2026-04-10,31,49,0.3875,2026,FALSE
Chicago Bulls,2026-04-11,31,50,0.38271604938271603,2026,FALSE
Chicago Bulls,2026-04-12,31,50,0.38271604938271603,2026,FALSE
Chicago Bulls,2026-04-13,31,51,0.3780487804878049,2026,FALSE
Chicago Bulls,2026-04-14,31,51,0.3780487804878049,2026,FALSE
Chicago Bulls,2026-04-15,31,51,0.3780487804878049,2026,FALSE
Chicago Bulls,2026-04-16,31,51,0.3780487804878049,2026,FALSE
Chicago Bulls,2026-04-17,31,51,0.3780487804878049,2026,FALSE
Chicago Bulls,2026-04-18,31,51,0.3780487804878049,2026,FALSE
Chicago Bulls,2026-04-19,31,51,0.3780487804878049,2026,FALSE
Chicago Bulls,2026-04-20,31,51,0.3780487804878049,2026,FALSE
Chicago Bulls,2026-04-21,31,51,0.3780487804878049,2026,FALSE
Chicago Bulls,2026-04-22,31,51,0.3780487804878049,2026,FALSE
Chicago Bulls,2026-04-23,31,51,0.3780487804878049,2026,FALSE
Cleveland Cavaliers,2025-10-21,NA,NA,NA,2025,TRUE
Cleveland Cavaliers,2025-10-22,0,1,0,2025,TRUE
Cleveland Cavaliers,2025-10-23,0,1,0,2025,TRUE
Cleveland Cavaliers,2025-10-24,1,1,0.5,2025,TRUE
Cleveland Cavaliers,2025-10-25,1,1,0.5,2025,TRUE
Cleveland Cavaliers,2025-10-26,2,1,0.6666666666666666,2025,TRUE
Cleveland Cavaliers,2025-10-27,3,1,0.75,2025,TRUE
Cleveland Cavaliers,2025-10-28,3,1,0.75,2025,TRUE
Cleveland Cavaliers,2025-10-29,3,2,0.6,2025,TRUE
Cleveland Cavaliers,2025-10-30,3,2,0.6,2025,TRUE
Cleveland Cavaliers,2025-10-31,3,3,0.5,2025,TRUE
Cleveland Cavaliers,2025-11-01,3,3,0.5,2025,TRUE
Cleveland Cavaliers,2025-11-02,4,3,0.5714285714285714,2025,TRUE
Cleveland Cavaliers,2025-11-03,4,3,0.5714285714285714,2025,TRUE
Cleveland Cavaliers,2025-11-04,4,3,0.5714285714285714,2025,TRUE
Cleveland Cavaliers,2025-11-05,4,3,0.5714285714285714,2025,TRUE
Cleveland Cavaliers,2025-11-06,5,3,0.625,2025,TRUE
Cleveland Cavaliers,2025-11-07,5,3,0.625,2025,TRUE
Cleveland Cavaliers,2025-11-08,6,3,0.6666666666666666,2025,TRUE
Cleveland Cavaliers,2025-11-09,7,3,0.7,2025,TRUE
Cleveland Cavaliers,2025-11-10,7,3,0.7,2025,TRUE
Cleveland Cavaliers,2025-11-11,7,4,0.6363636363636364,2025,TRUE
Cleveland Cavaliers,2025-11-12,7,4,0.6363636363636364,2025,TRUE
Cleveland Cavaliers,2025-11-13,8,4,0.6666666666666666,2025,TRUE
Cleveland Cavaliers,2025-11-14,8,5,0.6153846153846154,2025,TRUE
Cleveland Cavaliers,2025-11-15,9,5,0.6428571428571429,2025,TRUE
Cleveland Cavaliers,2025-11-16,9,5,0.6428571428571429,2025,TRUE
Cleveland Cavaliers,2025-11-17,9,5,0.6428571428571429,2025,TRUE
Cleveland Cavaliers,2025-11-18,10,5,0.6666666666666666,2025,TRUE
Cleveland Cavaliers,2025-11-19,10,5,0.6666666666666666,2025,TRUE
Cleveland Cavaliers,2025-11-20,10,6,0.625,2025,TRUE
Cleveland Cavaliers,2025-11-21,10,6,0.625,2025,TRUE
Cleveland Cavaliers,2025-11-22,11,6,0.6470588235294118,2025,TRUE
Cleveland Cavaliers,2025-11-23,12,6,0.6666666666666666,2025,TRUE
Cleveland Cavaliers,2025-11-24,12,6,0.6666666666666666,2025,TRUE
Cleveland Cavaliers,2025-11-25,12,7,0.631578947368421,2025,TRUE
Cleveland Cavaliers,2025-11-26,12,7,0.631578947368421,2025,TRUE
Cleveland Cavaliers,2025-11-27,12,7,0.631578947368421,2025,TRUE
Cleveland Cavaliers,2025-11-29,12,8,0.6,2025,TRUE
Cleveland Cavaliers,2025-11-30,12,9,0.5714285714285714,2025,TRUE
Cleveland Cavaliers,2025-12-01,12,9,0.5714285714285714,2025,TRUE
Cleveland Cavaliers,2025-12-02,13,9,0.5909090909090909,2025,TRUE
Cleveland Cavaliers,2025-12-03,13,9,0.5909090909090909,2025,TRUE
Cleveland Cavaliers,2025-12-04,13,10,0.5652173913043478,2025,TRUE
Cleveland Cavaliers,2025-12-05,13,10,0.5652173913043478,2025,TRUE
Cleveland Cavaliers,2025-12-06,14,10,0.5833333333333334,2025,TRUE
Cleveland Cavaliers,2025-12-07,14,11,0.56,2025,TRUE
Cleveland Cavaliers,2025-12-08,14,11,0.56,2025,TRUE
Cleveland Cavaliers,2025-12-09,14,11,0.56,2025,TRUE
Cleveland Cavaliers,2025-12-10,14,11,0.56,2025,TRUE
Cleveland Cavaliers,2025-12-11,14,11,0.56,2025,TRUE
Cleveland Cavaliers,2025-12-12,14,11,0.56,2025,TRUE
Cleveland Cavaliers,2025-12-13,15,11,0.5769230769230769,2025,TRUE
Cleveland Cavaliers,2025-12-14,15,12,0.5555555555555556,2025,TRUE
Cleveland Cavaliers,2025-12-15,15,12,0.5555555555555556,2025,TRUE
Cleveland Cavaliers,2025-12-16,15,12,0.5555555555555556,2025,TRUE
Cleveland Cavaliers,2025-12-17,15,12,0.5555555555555556,2025,TRUE
Cleveland Cavaliers,2025-12-18,15,13,0.5357142857142857,2025,TRUE
Cleveland Cavaliers,2025-12-19,15,13,0.5357142857142857,2025,TRUE
Cleveland Cavaliers,2025-12-20,15,14,0.5172413793103449,2025,TRUE
Cleveland Cavaliers,2025-12-21,15,14,0.5172413793103449,2025,TRUE
Cleveland Cavaliers,2025-12-22,15,14,0.5172413793103449,2025,TRUE
Cleveland Cavaliers,2025-12-23,16,14,0.5333333333333333,2025,TRUE
Cleveland Cavaliers,2025-12-24,17,14,0.5483870967741935,2025,TRUE
Cleveland Cavaliers,2025-12-25,17,15,0.53125,2025,TRUE
Cleveland Cavaliers,2025-12-26,17,15,0.53125,2025,TRUE
Cleveland Cavaliers,2025-12-27,17,15,0.53125,2025,TRUE
Cleveland Cavaliers,2025-12-28,17,16,0.5151515151515151,2025,TRUE
Cleveland Cavaliers,2025-12-29,17,16,0.5151515151515151,2025,TRUE
Cleveland Cavaliers,2025-12-30,18,16,0.5294117647058824,2025,TRUE
Cleveland Cavaliers,2025-12-31,19,16,0.5428571428571428,2025,TRUE
Cleveland Cavaliers,2026-01-01,19,16,0.5428571428571428,2026,TRUE
Cleveland Cavaliers,2026-01-02,19,16,0.5428571428571428,2026,TRUE
Cleveland Cavaliers,2026-01-03,20,16,0.5555555555555556,2026,TRUE
Cleveland Cavaliers,2026-01-04,20,17,0.5405405405405406,2026,TRUE
Cleveland Cavaliers,2026-01-05,20,17,0.5405405405405406,2026,TRUE
Cleveland Cavaliers,2026-01-06,20,17,0.5405405405405406,2026,TRUE
Cleveland Cavaliers,2026-01-07,21,17,0.5526315789473685,2026,TRUE
Cleveland Cavaliers,2026-01-08,21,17,0.5526315789473685,2026,TRUE
Cleveland Cavaliers,2026-01-09,21,18,0.5384615384615384,2026,TRUE
Cleveland Cavaliers,2026-01-10,22,18,0.55,2026,TRUE
Cleveland Cavaliers,2026-01-11,22,18,0.55,2026,TRUE
Cleveland Cavaliers,2026-01-12,22,18,0.55,2026,TRUE
Cleveland Cavaliers,2026-01-13,22,19,0.5365853658536586,2026,TRUE
Cleveland Cavaliers,2026-01-14,22,19,0.5365853658536586,2026,TRUE
Cleveland Cavaliers,2026-01-15,23,19,0.5476190476190477,2026,TRUE
Cleveland Cavaliers,2026-01-16,23,19,0.5476190476190477,2026,TRUE
Cleveland Cavaliers,2026-01-17,24,19,0.5581395348837209,2026,TRUE
Cleveland Cavaliers,2026-01-18,24,19,0.5581395348837209,2026,TRUE
Cleveland Cavaliers,2026-01-19,24,20,0.5454545454545454,2026,TRUE
Cleveland Cavaliers,2026-01-20,24,20,0.5454545454545454,2026,TRUE
Cleveland Cavaliers,2026-01-21,24,20,0.5454545454545454,2026,TRUE
Cleveland Cavaliers,2026-01-22,25,20,0.5555555555555556,2026,TRUE
Cleveland Cavaliers,2026-01-23,25,20,0.5555555555555556,2026,TRUE
Cleveland Cavaliers,2026-01-24,26,20,0.5652173913043478,2026,TRUE
Cleveland Cavaliers,2026-01-25,27,20,0.574468085106383,2026,TRUE
Cleveland Cavaliers,2026-01-26,27,20,0.574468085106383,2026,TRUE
Cleveland Cavaliers,2026-01-27,28,20,0.5833333333333334,2026,TRUE
Cleveland Cavaliers,2026-01-28,28,20,0.5833333333333334,2026,TRUE
Cleveland Cavaliers,2026-01-29,29,20,0.5918367346938775,2026,TRUE
Cleveland Cavaliers,2026-01-30,29,20,0.5918367346938775,2026,TRUE
Cleveland Cavaliers,2026-01-31,29,21,0.58,2026,TRUE
Cleveland Cavaliers,2026-02-01,29,21,0.58,2026,TRUE
Cleveland Cavaliers,2026-02-02,30,21,0.5882352941176471,2026,TRUE
Cleveland Cavaliers,2026-02-03,30,21,0.5882352941176471,2026,TRUE
Cleveland Cavaliers,2026-02-04,30,21,0.5882352941176471,2026,TRUE
Cleveland Cavaliers,2026-02-05,31,21,0.5961538461538461,2026,TRUE
Cleveland Cavaliers,2026-02-06,31,21,0.5961538461538461,2026,TRUE
Cleveland Cavaliers,2026-02-07,31,21,0.5961538461538461,2026,TRUE
Cleveland Cavaliers,2026-02-08,32,21,0.6037735849056604,2026,TRUE
Cleveland Cavaliers,2026-02-10,33,21,0.6111111111111112,2026,TRUE
Cleveland Cavaliers,2026-02-11,33,21,0.6111111111111112,2026,TRUE
Cleveland Cavaliers,2026-02-12,34,21,0.6181818181818182,2026,TRUE
Cleveland Cavaliers,2026-02-13,34,21,0.6181818181818182,2026,TRUE
Cleveland Cavaliers,2026-02-15,34,21,0.6181818181818182,2026,TRUE
Cleveland Cavaliers,2026-02-16,34,21,0.6181818181818182,2026,TRUE
Cleveland Cavaliers,2026-02-20,35,21,0.625,2026,TRUE
Cleveland Cavaliers,2026-02-21,36,21,0.631578947368421,2026,TRUE
Cleveland Cavaliers,2026-02-22,36,22,0.6206896551724138,2026,TRUE
Cleveland Cavaliers,2026-02-23,36,22,0.6206896551724138,2026,TRUE
Cleveland Cavaliers,2026-02-24,36,22,0.6206896551724138,2026,TRUE
Cleveland Cavaliers,2026-02-25,37,22,0.6271186440677966,2026,TRUE
Cleveland Cavaliers,2026-02-26,37,23,0.6166666666666667,2026,TRUE
Cleveland Cavaliers,2026-02-27,37,23,0.6166666666666667,2026,TRUE
Cleveland Cavaliers,2026-02-28,37,24,0.6065573770491803,2026,TRUE
Cleveland Cavaliers,2026-03-01,38,24,0.6129032258064516,2026,TRUE
Cleveland Cavaliers,2026-03-02,38,24,0.6129032258064516,2026,TRUE
Cleveland Cavaliers,2026-03-03,38,24,0.6129032258064516,2026,TRUE
Cleveland Cavaliers,2026-03-04,39,24,0.6190476190476191,2026,TRUE
Cleveland Cavaliers,2026-03-05,39,24,0.6190476190476191,2026,TRUE
Cleveland Cavaliers,2026-03-06,39,24,0.6190476190476191,2026,TRUE
Cleveland Cavaliers,2026-03-07,39,24,0.6190476190476191,2026,TRUE
Cleveland Cavaliers,2026-03-08,39,25,0.609375,2026,TRUE
Cleveland Cavaliers,2026-03-09,40,25,0.6153846153846154,2026,TRUE
Cleveland Cavaliers,2026-03-10,40,25,0.6153846153846154,2026,TRUE
Cleveland Cavaliers,2026-03-11,40,26,0.6060606060606061,2026,TRUE
Cleveland Cavaliers,2026-03-12,40,26,0.6060606060606061,2026,TRUE
Cleveland Cavaliers,2026-03-13,41,26,0.6119402985074627,2026,TRUE
Cleveland Cavaliers,2026-03-14,41,26,0.6119402985074627,2026,TRUE
Cleveland Cavaliers,2026-03-15,41,27,0.6029411764705882,2026,TRUE
Cleveland Cavaliers,2026-03-16,41,27,0.6029411764705882,2026,TRUE
Cleveland Cavaliers,2026-03-17,41,27,0.6029411764705882,2026,TRUE
Cleveland Cavaliers,2026-03-18,42,27,0.6086956521739131,2026,TRUE
Cleveland Cavaliers,2026-03-19,42,27,0.6086956521739131,2026,TRUE
Cleveland Cavaliers,2026-03-20,43,27,0.6142857142857143,2026,TRUE
Cleveland Cavaliers,2026-03-21,44,27,0.6197183098591549,2026,TRUE
Cleveland Cavaliers,2026-03-22,44,27,0.6197183098591549,2026,TRUE
Cleveland Cavaliers,2026-03-23,44,27,0.6197183098591549,2026,TRUE
Cleveland Cavaliers,2026-03-24,44,27,0.6197183098591549,2026,TRUE
Cleveland Cavaliers,2026-03-25,45,27,0.625,2026,TRUE
Cleveland Cavaliers,2026-03-26,45,27,0.625,2026,TRUE
Cleveland Cavaliers,2026-03-27,46,28,0.6216216216216216,2026,TRUE
Cleveland Cavaliers,2026-03-28,46,28,0.6216216216216216,2026,TRUE
Cleveland Cavaliers,2026-03-29,46,28,0.6216216216216216,2026,TRUE
Cleveland Cavaliers,2026-03-30,46,28,0.6216216216216216,2026,TRUE
Cleveland Cavaliers,2026-03-31,47,28,0.6266666666666667,2026,TRUE
Cleveland Cavaliers,2026-04-01,47,29,0.618421052631579,2026,TRUE
Cleveland Cavaliers,2026-04-02,47,29,0.618421052631579,2026,TRUE
Cleveland Cavaliers,2026-04-03,48,29,0.6233766233766234,2026,TRUE
Cleveland Cavaliers,2026-04-04,48,29,0.6233766233766234,2026,TRUE
Cleveland Cavaliers,2026-04-05,49,29,0.6282051282051282,2026,TRUE
Cleveland Cavaliers,2026-04-06,49,29,0.6282051282051282,2026,TRUE
Cleveland Cavaliers,2026-04-07,50,29,0.6329113924050633,2026,TRUE
Cleveland Cavaliers,2026-04-08,51,29,0.6375,2026,TRUE
Cleveland Cavaliers,2026-04-09,51,29,0.6375,2026,TRUE
Cleveland Cavaliers,2026-04-10,51,30,0.6296296296296297,2026,TRUE
Cleveland Cavaliers,2026-04-11,51,30,0.6296296296296297,2026,TRUE
Cleveland Cavaliers,2026-04-12,52,30,0.6341463414634146,2026,TRUE
Cleveland Cavaliers,2026-04-13,52,30,0.6341463414634146,2026,TRUE
Cleveland Cavaliers,2026-04-14,52,30,0.6341463414634146,2026,TRUE
Cleveland Cavaliers,2026-04-15,52,30,0.6341463414634146,2026,TRUE
Cleveland Cavaliers,2026-04-16,52,30,0.6341463414634146,2026,TRUE
Cleveland Cavaliers,2026-04-17,52,30,0.6341463414634146,2026,TRUE
Cleveland Cavaliers,2026-04-18,52,30,0.6341463414634146,2026,TRUE
Cleveland Cavaliers,2026-04-19,52,30,0.6341463414634146,2026,TRUE
Cleveland Cavaliers,2026-04-20,52,30,0.6341463414634146,2026,TRUE
Cleveland Cavaliers,2026-04-21,52,30,0.6341463414634146,2026,TRUE
Cleveland Cavaliers,2026-04-22,52,30,0.6341463414634146,2026,TRUE
Cleveland Cavaliers,2026-04-23,52,30,0.6341463414634146,2026,TRUE
Dallas Mavericks,2025-10-21,NA,NA,NA,2025,TRUE
Dallas Mavericks,2025-10-22,NA,NA,NA,2025,TRUE
Dallas Mavericks,2025-10-23,0,1,0,2025,TRUE
Dallas Mavericks,2025-10-24,0,1,0,2025,TRUE
Dallas Mavericks,2025-10-25,0,2,0,2025,TRUE
Dallas Mavericks,2025-10-26,1,2,0.3333333333333333,2025,TRUE
Dallas Mavericks,2025-10-27,1,2,0.3333333333333333,2025,TRUE
Dallas Mavericks,2025-10-28,1,3,0.25,2025,TRUE
Dallas Mavericks,2025-10-29,1,3,0.25,2025,TRUE
Dallas Mavericks,2025-10-30,2,3,0.4,2025,TRUE
Dallas Mavericks,2025-10-31,2,3,0.4,2025,TRUE
Dallas Mavericks,2025-11-01,2,3,0.4,2025,TRUE
Dallas Mavericks,2025-11-02,2,4,0.3333333333333333,2025,TRUE
Dallas Mavericks,2025-11-03,2,4,0.3333333333333333,2025,TRUE
Dallas Mavericks,2025-11-04,2,5,0.2857142857142857,2025,TRUE
Dallas Mavericks,2025-11-05,2,5,0.2857142857142857,2025,TRUE
Dallas Mavericks,2025-11-06,2,6,0.25,2025,TRUE
Dallas Mavericks,2025-11-07,2,6,0.25,2025,TRUE
Dallas Mavericks,2025-11-08,2,7,0.2222222222222222,2025,TRUE
Dallas Mavericks,2025-11-09,3,7,0.3,2025,TRUE
Dallas Mavericks,2025-11-10,3,7,0.3,2025,TRUE
Dallas Mavericks,2025-11-11,3,8,0.2727272727272727,2025,TRUE
Dallas Mavericks,2025-11-12,3,8,0.2727272727272727,2025,TRUE
Dallas Mavericks,2025-11-13,3,9,0.25,2025,TRUE
Dallas Mavericks,2025-11-14,3,9,0.25,2025,TRUE
Dallas Mavericks,2025-11-15,3,10,0.23076923076923078,2025,TRUE
Dallas Mavericks,2025-11-16,3,10,0.23076923076923078,2025,TRUE
Dallas Mavericks,2025-11-17,4,10,0.2857142857142857,2025,TRUE
Dallas Mavericks,2025-11-18,4,11,0.26666666666666666,2025,TRUE
Dallas Mavericks,2025-11-19,4,11,0.26666666666666666,2025,TRUE
Dallas Mavericks,2025-11-20,4,12,0.25,2025,TRUE
Dallas Mavericks,2025-11-21,4,12,0.25,2025,TRUE
Dallas Mavericks,2025-11-22,5,12,0.29411764705882354,2025,TRUE
Dallas Mavericks,2025-11-23,5,13,0.2777777777777778,2025,TRUE
Dallas Mavericks,2025-11-24,5,13,0.2777777777777778,2025,TRUE
Dallas Mavericks,2025-11-25,5,14,0.2631578947368421,2025,TRUE
Dallas Mavericks,2025-11-26,5,14,0.2631578947368421,2025,TRUE
Dallas Mavericks,2025-11-27,5,14,0.2631578947368421,2025,TRUE
Dallas Mavericks,2025-11-29,5,15,0.25,2025,TRUE
Dallas Mavericks,2025-11-30,6,15,0.2857142857142857,2025,TRUE
Dallas Mavericks,2025-12-01,6,15,0.2857142857142857,2025,TRUE
Dallas Mavericks,2025-12-02,7,15,0.3181818181818182,2025,TRUE
Dallas Mavericks,2025-12-03,7,15,0.3181818181818182,2025,TRUE
Dallas Mavericks,2025-12-04,8,15,0.34782608695652173,2025,TRUE
Dallas Mavericks,2025-12-05,8,15,0.34782608695652173,2025,TRUE
Dallas Mavericks,2025-12-06,8,16,0.3333333333333333,2025,TRUE
Dallas Mavericks,2025-12-07,9,16,0.36,2025,TRUE
Dallas Mavericks,2025-12-08,9,16,0.36,2025,TRUE
Dallas Mavericks,2025-12-09,9,16,0.36,2025,TRUE
Dallas Mavericks,2025-12-10,9,16,0.36,2025,TRUE
Dallas Mavericks,2025-12-11,9,16,0.36,2025,TRUE
Dallas Mavericks,2025-12-12,9,16,0.36,2025,TRUE
Dallas Mavericks,2025-12-13,10,16,0.38461538461538464,2025,TRUE
Dallas Mavericks,2025-12-14,10,16,0.38461538461538464,2025,TRUE
Dallas Mavericks,2025-12-15,10,16,0.38461538461538464,2025,TRUE
Dallas Mavericks,2025-12-16,10,17,0.37037037037037035,2025,TRUE
Dallas Mavericks,2025-12-17,10,17,0.37037037037037035,2025,TRUE
Dallas Mavericks,2025-12-18,10,17,0.37037037037037035,2025,TRUE
Dallas Mavericks,2025-12-19,11,17,0.39285714285714285,2025,TRUE
Dallas Mavericks,2025-12-20,11,17,0.39285714285714285,2025,TRUE
Dallas Mavericks,2025-12-21,11,18,0.3793103448275862,2025,TRUE
Dallas Mavericks,2025-12-22,11,18,0.3793103448275862,2025,TRUE
Dallas Mavericks,2025-12-23,11,19,0.36666666666666664,2025,TRUE
Dallas Mavericks,2025-12-24,12,19,0.3870967741935484,2025,TRUE
Dallas Mavericks,2025-12-25,12,20,0.375,2025,TRUE
Dallas Mavericks,2025-12-26,12,20,0.375,2025,TRUE
Dallas Mavericks,2025-12-27,12,21,0.36363636363636365,2025,TRUE
Dallas Mavericks,2025-12-28,12,21,0.36363636363636365,2025,TRUE
Dallas Mavericks,2025-12-29,12,21,0.36363636363636365,2025,TRUE
Dallas Mavericks,2025-12-30,12,22,0.35294117647058826,2025,TRUE
Dallas Mavericks,2025-12-31,12,22,0.35294117647058826,2025,TRUE
Dallas Mavericks,2026-01-01,12,22,0.35294117647058826,2026,FALSE
Dallas Mavericks,2026-01-02,12,23,0.34285714285714286,2026,FALSE
Dallas Mavericks,2026-01-03,12,23,0.34285714285714286,2026,FALSE
Dallas Mavericks,2026-01-04,13,23,0.3611111111111111,2026,FALSE
Dallas Mavericks,2026-01-05,13,23,0.3611111111111111,2026,FALSE
Dallas Mavericks,2026-01-06,13,23,0.3611111111111111,2026,FALSE
Dallas Mavericks,2026-01-07,14,23,0.3783783783783784,2026,FALSE
Dallas Mavericks,2026-01-08,14,23,0.3783783783783784,2026,FALSE
Dallas Mavericks,2026-01-09,14,24,0.3684210526315789,2026,FALSE
Dallas Mavericks,2026-01-10,14,24,0.3684210526315789,2026,FALSE
Dallas Mavericks,2026-01-11,14,25,0.358974358974359,2026,FALSE
Dallas Mavericks,2026-01-12,14,25,0.358974358974359,2026,FALSE
Dallas Mavericks,2026-01-13,15,25,0.375,2026,FALSE
Dallas Mavericks,2026-01-14,15,25,0.375,2026,FALSE
Dallas Mavericks,2026-01-15,15,26,0.36585365853658536,2026,FALSE
Dallas Mavericks,2026-01-16,16,26,0.38095238095238093,2026,FALSE
Dallas Mavericks,2026-01-17,17,26,0.3953488372093023,2026,FALSE
Dallas Mavericks,2026-01-18,17,26,0.3953488372093023,2026,FALSE
Dallas Mavericks,2026-01-19,18,26,0.4090909090909091,2026,FALSE
Dallas Mavericks,2026-01-20,18,26,0.4090909090909091,2026,FALSE
Dallas Mavericks,2026-01-21,18,26,0.4090909090909091,2026,FALSE
Dallas Mavericks,2026-01-22,18,26,0.4090909090909091,2026,FALSE
Dallas Mavericks,2026-01-23,19,26,0.4222222222222222,2026,FALSE
Dallas Mavericks,2026-01-24,19,26,0.4222222222222222,2026,FALSE
Dallas Mavericks,2026-01-25,19,27,0.41304347826086957,2026,FALSE
Dallas Mavericks,2026-01-26,19,27,0.41304347826086957,2026,FALSE
Dallas Mavericks,2026-01-27,19,27,0.41304347826086957,2026,FALSE
Dallas Mavericks,2026-01-28,19,27,0.41304347826086957,2026,FALSE
Dallas Mavericks,2026-01-29,19,28,0.40425531914893614,2026,FALSE
Dallas Mavericks,2026-01-30,19,29,0.3958333333333333,2026,FALSE
Dallas Mavericks,2026-01-31,19,29,0.3958333333333333,2026,FALSE
Dallas Mavericks,2026-02-01,19,30,0.3877551020408163,2026,FALSE
Dallas Mavericks,2026-02-02,19,30,0.3877551020408163,2026,FALSE
Dallas Mavericks,2026-02-03,19,30,0.3877551020408163,2026,FALSE
Dallas Mavericks,2026-02-04,19,31,0.38,2026,FALSE
Dallas Mavericks,2026-02-05,19,31,0.38,2026,FALSE
Dallas Mavericks,2026-02-06,19,32,0.37254901960784315,2026,FALSE
Dallas Mavericks,2026-02-07,19,33,0.36538461538461536,2026,FALSE
Dallas Mavericks,2026-02-08,19,33,0.36538461538461536,2026,FALSE
Dallas Mavericks,2026-02-10,19,33,0.36538461538461536,2026,FALSE
Dallas Mavericks,2026-02-11,19,34,0.3584905660377358,2026,FALSE
Dallas Mavericks,2026-02-12,19,34,0.3584905660377358,2026,FALSE
Dallas Mavericks,2026-02-13,19,35,0.35185185185185186,2026,FALSE
Dallas Mavericks,2026-02-15,19,35,0.35185185185185186,2026,FALSE
Dallas Mavericks,2026-02-16,19,35,0.35185185185185186,2026,FALSE
Dallas Mavericks,2026-02-20,19,35,0.35185185185185186,2026,FALSE
Dallas Mavericks,2026-02-21,19,36,0.34545454545454546,2026,FALSE
Dallas Mavericks,2026-02-22,20,36,0.35714285714285715,2026,FALSE
Dallas Mavericks,2026-02-23,20,36,0.35714285714285715,2026,FALSE
Dallas Mavericks,2026-02-24,20,36,0.35714285714285715,2026,FALSE
Dallas Mavericks,2026-02-25,21,36,0.3684210526315789,2026,FALSE
Dallas Mavericks,2026-02-26,21,36,0.3684210526315789,2026,FALSE
Dallas Mavericks,2026-02-27,21,37,0.3620689655172414,2026,FALSE
Dallas Mavericks,2026-02-28,21,38,0.3559322033898305,2026,FALSE
Dallas Mavericks,2026-03-01,21,38,0.3559322033898305,2026,FALSE
Dallas Mavericks,2026-03-02,21,39,0.35,2026,FALSE
Dallas Mavericks,2026-03-03,21,39,0.35,2026,FALSE
Dallas Mavericks,2026-03-04,21,40,0.3442622950819672,2026,FALSE
Dallas Mavericks,2026-03-05,21,40,0.3442622950819672,2026,FALSE
Dallas Mavericks,2026-03-06,21,41,0.3387096774193548,2026,FALSE
Dallas Mavericks,2026-03-07,21,42,0.3333333333333333,2026,FALSE
Dallas Mavericks,2026-03-08,21,43,0.328125,2026,FALSE
Dallas Mavericks,2026-03-09,21,43,0.328125,2026,FALSE
Dallas Mavericks,2026-03-10,21,44,0.3230769230769231,2026,FALSE
Dallas Mavericks,2026-03-11,21,44,0.3230769230769231,2026,FALSE
Dallas Mavericks,2026-03-12,21,44,0.3230769230769231,2026,FALSE
Dallas Mavericks,2026-03-13,22,44,0.3333333333333333,2026,FALSE
Dallas Mavericks,2026-03-14,22,44,0.3333333333333333,2026,FALSE
Dallas Mavericks,2026-03-15,23,45,0.3382352941176471,2026,FALSE
Dallas Mavericks,2026-03-16,23,45,0.3382352941176471,2026,FALSE
Dallas Mavericks,2026-03-17,23,46,0.3333333333333333,2026,FALSE
Dallas Mavericks,2026-03-18,23,46,0.3333333333333333,2026,FALSE
Dallas Mavericks,2026-03-19,23,47,0.32857142857142857,2026,FALSE
Dallas Mavericks,2026-03-20,23,47,0.32857142857142857,2026,FALSE
Dallas Mavericks,2026-03-21,23,47,0.32857142857142857,2026,FALSE
Dallas Mavericks,2026-03-22,23,48,0.323943661971831,2026,FALSE
Dallas Mavericks,2026-03-23,23,48,0.323943661971831,2026,FALSE
Dallas Mavericks,2026-03-24,23,49,0.3194444444444444,2026,FALSE
Dallas Mavericks,2026-03-25,23,49,0.3194444444444444,2026,FALSE
Dallas Mavericks,2026-03-26,23,50,0.3150684931506849,2026,FALSE
Dallas Mavericks,2026-03-27,23,50,0.3150684931506849,2026,FALSE
Dallas Mavericks,2026-03-28,24,50,0.32432432432432434,2026,FALSE
Dallas Mavericks,2026-03-29,24,50,0.32432432432432434,2026,FALSE
Dallas Mavericks,2026-03-30,24,50,0.32432432432432434,2026,FALSE
Dallas Mavericks,2026-03-31,24,51,0.32,2026,FALSE
Dallas Mavericks,2026-04-01,24,52,0.3157894736842105,2026,FALSE
Dallas Mavericks,2026-04-02,24,52,0.3157894736842105,2026,FALSE
Dallas Mavericks,2026-04-03,24,52,0.3157894736842105,2026,FALSE
Dallas Mavericks,2026-04-04,24,53,0.3116883116883117,2026,FALSE
Dallas Mavericks,2026-04-05,25,53,0.32051282051282054,2026,FALSE
Dallas Mavericks,2026-04-06,25,53,0.32051282051282054,2026,FALSE
Dallas Mavericks,2026-04-07,25,53,0.32051282051282054,2026,FALSE
Dallas Mavericks,2026-04-08,25,54,0.31645569620253167,2026,FALSE
Dallas Mavericks,2026-04-09,25,55,0.3125,2026,FALSE
Dallas Mavericks,2026-04-10,25,55,0.3125,2026,FALSE
Dallas Mavericks,2026-04-11,25,56,0.30864197530864196,2026,FALSE
Dallas Mavericks,2026-04-12,25,56,0.30864197530864196,2026,FALSE
Dallas Mavericks,2026-04-13,26,56,0.3170731707317073,2026,FALSE
Dallas Mavericks,2026-04-14,26,56,0.3170731707317073,2026,FALSE
Dallas Mavericks,2026-04-15,26,56,0.3170731707317073,2026,FALSE
Dallas Mavericks,2026-04-16,26,56,0.3170731707317073,2026,FALSE
Dallas Mavericks,2026-04-17,26,56,0.3170731707317073,2026,FALSE
Dallas Mavericks,2026-04-18,26,56,0.3170731707317073,2026,FALSE
Dallas Mavericks,2026-04-19,26,56,0.3170731707317073,2026,FALSE
Dallas Mavericks,2026-04-20,26,56,0.3170731707317073,2026,FALSE
Dallas Mavericks,2026-04-21,26,56,0.3170731707317073,2026,FALSE
Dallas Mavericks,2026-04-22,26,56,0.3170731707317073,2026,FALSE
Dallas Mavericks,2026-04-23,26,56,0.3170731707317073,2026,FALSE
Denver Nuggets,2025-10-21,NA,NA,NA,2025,TRUE
Denver Nuggets,2025-10-22,NA,NA,NA,2025,TRUE
Denver Nuggets,2025-10-23,NA,NA,NA,2025,TRUE
Denver Nuggets,2025-10-24,0,1,0,2025,TRUE
Denver Nuggets,2025-10-25,0,1,0,2025,TRUE
Denver Nuggets,2025-10-26,1,1,0.5,2025,TRUE
Denver Nuggets,2025-10-27,1,1,0.5,2025,TRUE
Denver Nuggets,2025-10-28,2,1,0.6666666666666666,2025,TRUE
Denver Nuggets,2025-10-29,2,1,0.6666666666666666,2025,TRUE
Denver Nuggets,2025-10-30,3,1,0.75,2025,TRUE
Denver Nuggets,2025-10-31,3,1,0.75,2025,TRUE
Denver Nuggets,2025-11-01,3,2,0.6,2025,TRUE
Denver Nuggets,2025-11-02,3,2,0.6,2025,TRUE
Denver Nuggets,2025-11-03,3,2,0.6,2025,TRUE
Denver Nuggets,2025-11-04,4,2,0.6666666666666666,2025,TRUE
Denver Nuggets,2025-11-05,4,2,0.6666666666666666,2025,TRUE
Denver Nuggets,2025-11-06,5,2,0.7142857142857143,2025,TRUE
Denver Nuggets,2025-11-07,5,2,0.7142857142857143,2025,TRUE
Denver Nuggets,2025-11-08,6,2,0.75,2025,TRUE
Denver Nuggets,2025-11-09,7,2,0.7777777777777778,2025,TRUE
Denver Nuggets,2025-11-10,7,2,0.7777777777777778,2025,TRUE
Denver Nuggets,2025-11-11,7,2,0.7777777777777778,2025,TRUE
Denver Nuggets,2025-11-12,8,2,0.8,2025,TRUE
Denver Nuggets,2025-11-13,9,2,0.8181818181818182,2025,TRUE
Denver Nuggets,2025-11-14,9,2,0.8181818181818182,2025,TRUE
Denver Nuggets,2025-11-15,9,2,0.8181818181818182,2025,TRUE
Denver Nuggets,2025-11-16,10,2,0.8333333333333334,2025,TRUE
Denver Nuggets,2025-11-17,10,2,0.8333333333333334,2025,TRUE
Denver Nuggets,2025-11-18,10,3,0.7692307692307693,2025,TRUE
Denver Nuggets,2025-11-19,10,3,0.7692307692307693,2025,TRUE
Denver Nuggets,2025-11-20,11,3,0.7857142857142857,2025,TRUE
Denver Nuggets,2025-11-21,11,3,0.7857142857142857,2025,TRUE
Denver Nuggets,2025-11-22,12,3,0.8,2025,TRUE
Denver Nuggets,2025-11-23,12,4,0.75,2025,TRUE
Denver Nuggets,2025-11-24,12,4,0.75,2025,TRUE
Denver Nuggets,2025-11-25,13,4,0.7647058823529411,2025,TRUE
Denver Nuggets,2025-11-26,13,4,0.7647058823529411,2025,TRUE
Denver Nuggets,2025-11-27,13,4,0.7647058823529411,2025,TRUE
Denver Nuggets,2025-11-29,13,5,0.7222222222222222,2025,TRUE
Denver Nuggets,2025-11-30,14,5,0.7368421052631579,2025,TRUE
Denver Nuggets,2025-12-01,14,5,0.7368421052631579,2025,TRUE
Denver Nuggets,2025-12-02,14,6,0.7,2025,TRUE
Denver Nuggets,2025-12-03,14,6,0.7,2025,TRUE
Denver Nuggets,2025-12-04,15,6,0.7142857142857143,2025,TRUE
Denver Nuggets,2025-12-05,15,6,0.7142857142857143,2025,TRUE
Denver Nuggets,2025-12-06,16,6,0.7272727272727273,2025,TRUE
Denver Nuggets,2025-12-07,17,6,0.7391304347826086,2025,TRUE
Denver Nuggets,2025-12-08,17,6,0.7391304347826086,2025,TRUE
Denver Nuggets,2025-12-09,17,6,0.7391304347826086,2025,TRUE
Denver Nuggets,2025-12-10,17,6,0.7391304347826086,2025,TRUE
Denver Nuggets,2025-12-11,17,6,0.7391304347826086,2025,TRUE
Denver Nuggets,2025-12-12,18,6,0.75,2025,TRUE
Denver Nuggets,2025-12-13,18,6,0.75,2025,TRUE
Denver Nuggets,2025-12-14,18,6,0.75,2025,TRUE
Denver Nuggets,2025-12-15,18,6,0.75,2025,TRUE
Denver Nuggets,2025-12-16,19,6,0.76,2025,TRUE
Denver Nuggets,2025-12-17,19,6,0.76,2025,TRUE
Denver Nuggets,2025-12-18,19,6,0.76,2025,TRUE
Denver Nuggets,2025-12-19,20,6,0.7692307692307693,2025,TRUE
Denver Nuggets,2025-12-20,20,7,0.7407407407407407,2025,TRUE
Denver Nuggets,2025-12-21,20,7,0.7407407407407407,2025,TRUE
Denver Nuggets,2025-12-22,20,7,0.7407407407407407,2025,TRUE
Denver Nuggets,2025-12-23,21,7,0.75,2025,TRUE
Denver Nuggets,2025-12-24,21,8,0.7241379310344828,2025,TRUE
Denver Nuggets,2025-12-25,21,8,0.7241379310344828,2025,TRUE
Denver Nuggets,2025-12-26,22,8,0.7333333333333333,2025,TRUE
Denver Nuggets,2025-12-27,22,8,0.7333333333333333,2025,TRUE
Denver Nuggets,2025-12-28,22,9,0.7096774193548387,2025,TRUE
Denver Nuggets,2025-12-29,22,9,0.7096774193548387,2025,TRUE
Denver Nuggets,2025-12-30,22,10,0.6875,2025,TRUE
Denver Nuggets,2025-12-31,22,10,0.6875,2025,TRUE
Denver Nuggets,2026-01-01,54,28,0.6585365853658537,2026,TRUE
Denver Nuggets,2026-01-02,54,28,0.6585365853658537,2026,TRUE
Denver Nuggets,2026-01-03,23,11,0.6764705882352942,2026,TRUE
Denver Nuggets,2026-01-04,23,12,0.6571428571428571,2026,TRUE
Denver Nuggets,2026-01-05,23,12,0.6571428571428571,2026,TRUE
Denver Nuggets,2026-01-06,24,12,0.6666666666666666,2026,TRUE
Denver Nuggets,2026-01-07,24,12,0.6666666666666666,2026,TRUE
Denver Nuggets,2026-01-08,25,12,0.6756756756756757,2026,TRUE
Denver Nuggets,2026-01-09,25,12,0.6756756756756757,2026,TRUE
Denver Nuggets,2026-01-10,25,13,0.6578947368421053,2026,TRUE
Denver Nuggets,2026-01-11,25,13,0.6578947368421053,2026,TRUE
Denver Nuggets,2026-01-12,26,13,0.6666666666666666,2026,TRUE
Denver Nuggets,2026-01-13,26,13,0.6666666666666666,2026,TRUE
Denver Nuggets,2026-01-14,27,13,0.675,2026,TRUE
Denver Nuggets,2026-01-15,28,13,0.6829268292682927,2026,TRUE
Denver Nuggets,2026-01-16,28,13,0.6829268292682927,2026,TRUE
Denver Nuggets,2026-01-17,28,13,0.6829268292682927,2026,TRUE
Denver Nuggets,2026-01-18,29,13,0.6904761904761905,2026,TRUE
Denver Nuggets,2026-01-19,29,14,0.6744186046511628,2026,TRUE
Denver Nuggets,2026-01-20,29,14,0.6744186046511628,2026,TRUE
Denver Nuggets,2026-01-21,29,15,0.6590909090909091,2026,TRUE
Denver Nuggets,2026-01-22,29,15,0.6590909090909091,2026,TRUE
Denver Nuggets,2026-01-23,30,15,0.6666666666666666,2026,TRUE
Denver Nuggets,2026-01-24,31,15,0.6739130434782609,2026,TRUE
Denver Nuggets,2026-01-25,31,15,0.6739130434782609,2026,TRUE
Denver Nuggets,2026-01-26,31,15,0.6739130434782609,2026,TRUE
Denver Nuggets,2026-01-27,31,15,0.6739130434782609,2026,TRUE
Denver Nuggets,2026-01-28,31,16,0.6595744680851063,2026,TRUE
Denver Nuggets,2026-01-29,31,16,0.6595744680851063,2026,TRUE
Denver Nuggets,2026-01-30,32,16,0.6666666666666666,2026,TRUE
Denver Nuggets,2026-01-31,33,16,0.673469387755102,2026,TRUE
Denver Nuggets,2026-02-01,33,16,0.673469387755102,2026,TRUE
Denver Nuggets,2026-02-02,33,17,0.66,2026,TRUE
Denver Nuggets,2026-02-03,33,17,0.66,2026,TRUE
Denver Nuggets,2026-02-04,33,18,0.6470588235294118,2026,TRUE
Denver Nuggets,2026-02-05,33,19,0.6346153846153846,2026,TRUE
Denver Nuggets,2026-02-06,33,19,0.6346153846153846,2026,TRUE
Denver Nuggets,2026-02-07,33,19,0.6346153846153846,2026,TRUE
Denver Nuggets,2026-02-08,34,19,0.6415094339622641,2026,TRUE
Denver Nuggets,2026-02-10,34,20,0.6296296296296297,2026,TRUE
Denver Nuggets,2026-02-11,34,20,0.6296296296296297,2026,TRUE
Denver Nuggets,2026-02-12,35,20,0.6363636363636364,2026,TRUE
Denver Nuggets,2026-02-13,35,20,0.6363636363636364,2026,TRUE
Denver Nuggets,2026-02-15,35,20,0.6363636363636364,2026,TRUE
Denver Nuggets,2026-02-16,35,20,0.6363636363636364,2026,TRUE
Denver Nuggets,2026-02-20,35,21,0.625,2026,TRUE
Denver Nuggets,2026-02-21,36,21,0.631578947368421,2026,TRUE
Denver Nuggets,2026-02-22,36,22,0.6206896551724138,2026,TRUE
Denver Nuggets,2026-02-23,36,22,0.6206896551724138,2026,TRUE
Denver Nuggets,2026-02-24,36,22,0.6206896551724138,2026,TRUE
Denver Nuggets,2026-02-25,36,22,0.6206896551724138,2026,TRUE
Denver Nuggets,2026-02-26,37,22,0.6271186440677966,2026,TRUE
Denver Nuggets,2026-02-27,37,22,0.6271186440677966,2026,TRUE
Denver Nuggets,2026-02-28,37,23,0.6166666666666667,2026,TRUE
Denver Nuggets,2026-03-01,37,24,0.6065573770491803,2026,TRUE
Denver Nuggets,2026-03-02,37,24,0.6065573770491803,2026,TRUE
Denver Nuggets,2026-03-03,38,24,0.6129032258064516,2026,TRUE
Denver Nuggets,2026-03-04,38,24,0.6129032258064516,2026,TRUE
Denver Nuggets,2026-03-05,38,24,0.6129032258064516,2026,TRUE
Denver Nuggets,2026-03-06,39,24,0.6190476190476191,2026,TRUE
Denver Nuggets,2026-03-07,39,25,0.609375,2026,TRUE
Denver Nuggets,2026-03-08,39,25,0.609375,2026,TRUE
Denver Nuggets,2026-03-09,39,26,0.6,2026,TRUE
Denver Nuggets,2026-03-10,39,26,0.6,2026,TRUE
Denver Nuggets,2026-03-11,39,26,0.6,2026,TRUE
Denver Nuggets,2026-03-12,40,26,0.6060606060606061,2026,TRUE
Denver Nuggets,2026-03-13,41,26,0.6119402985074627,2026,TRUE
Denver Nuggets,2026-03-14,41,26,0.6119402985074627,2026,TRUE
Denver Nuggets,2026-03-15,41,27,0.6029411764705882,2026,TRUE
Denver Nuggets,2026-03-16,41,27,0.6029411764705882,2026,TRUE
Denver Nuggets,2026-03-17,41,27,0.6029411764705882,2026,TRUE
Denver Nuggets,2026-03-18,42,27,0.6086956521739131,2026,TRUE
Denver Nuggets,2026-03-19,42,28,0.6,2026,TRUE
Denver Nuggets,2026-03-20,42,28,0.6,2026,TRUE
Denver Nuggets,2026-03-21,43,28,0.6056338028169014,2026,TRUE
Denver Nuggets,2026-03-22,44,28,0.6111111111111112,2026,TRUE
Denver Nuggets,2026-03-23,44,28,0.6111111111111112,2026,TRUE
Denver Nuggets,2026-03-24,44,28,0.6111111111111112,2026,TRUE
Denver Nuggets,2026-03-25,45,28,0.6164383561643836,2026,TRUE
Denver Nuggets,2026-03-26,46,28,0.6216216216216216,2026,TRUE
Denver Nuggets,2026-03-27,46,28,0.6216216216216216,2026,TRUE
Denver Nuggets,2026-03-28,47,28,0.6266666666666667,2026,TRUE
Denver Nuggets,2026-03-29,47,28,0.6266666666666667,2026,TRUE
Denver Nuggets,2026-03-30,48,28,0.631578947368421,2026,TRUE
Denver Nuggets,2026-03-31,48,28,0.631578947368421,2026,TRUE
Denver Nuggets,2026-04-01,48,28,0.631578947368421,2026,TRUE
Denver Nuggets,2026-04-02,49,28,0.6363636363636364,2026,TRUE
Denver Nuggets,2026-04-03,49,28,0.6363636363636364,2026,TRUE
Denver Nuggets,2026-04-04,50,28,0.6410256410256411,2026,TRUE
Denver Nuggets,2026-04-05,50,28,0.6410256410256411,2026,TRUE
Denver Nuggets,2026-04-06,50,28,0.6410256410256411,2026,TRUE
Denver Nuggets,2026-04-07,51,28,0.6455696202531646,2026,TRUE
Denver Nuggets,2026-04-08,51,28,0.6455696202531646,2026,TRUE
Denver Nuggets,2026-04-09,52,28,0.65,2026,TRUE
Denver Nuggets,2026-04-10,52,28,0.65,2026,TRUE
Denver Nuggets,2026-04-11,53,28,0.654320987654321,2026,TRUE
Denver Nuggets,2026-04-12,53,28,0.654320987654321,2026,TRUE
Denver Nuggets,2026-04-13,54,28,0.6585365853658537,2026,TRUE
Denver Nuggets,2026-04-14,54,28,0.6585365853658537,2026,TRUE
Denver Nuggets,2026-04-15,54,28,0.6585365853658537,2026,TRUE
Denver Nuggets,2026-04-16,54,28,0.6585365853658537,2026,TRUE
Denver Nuggets,2026-04-17,54,28,0.6585365853658537,2026,TRUE
Denver Nuggets,2026-04-18,54,28,0.6585365853658537,2026,TRUE
Denver Nuggets,2026-04-19,54,28,0.6585365853658537,2026,TRUE
Denver Nuggets,2026-04-20,54,28,0.6585365853658537,2026,TRUE
Denver Nuggets,2026-04-21,54,28,0.6585365853658537,2026,TRUE
Denver Nuggets,2026-04-22,54,28,0.6585365853658537,2026,TRUE
Denver Nuggets,2026-04-23,54,28,0.6585365853658537,2026,TRUE
Detroit Pistons,2025-10-21,NA,NA,NA,2025,TRUE
Detroit Pistons,2025-10-22,NA,NA,NA,2025,TRUE
Detroit Pistons,2025-10-23,0,1,0,2025,TRUE
Detroit Pistons,2025-10-24,0,1,0,2025,TRUE
Detroit Pistons,2025-10-25,1,1,0.5,2025,TRUE
Detroit Pistons,2025-10-26,2,1,0.6666666666666666,2025,TRUE
Detroit Pistons,2025-10-27,2,2,0.5,2025,TRUE
Detroit Pistons,2025-10-28,2,2,0.5,2025,TRUE
Detroit Pistons,2025-10-29,3,2,0.6,2025,TRUE
Detroit Pistons,2025-10-30,3,2,0.6,2025,TRUE
Detroit Pistons,2025-10-31,3,2,0.6,2025,TRUE
Detroit Pistons,2025-11-01,3,2,0.6,2025,TRUE
Detroit Pistons,2025-11-02,4,2,0.6666666666666666,2025,TRUE
Detroit Pistons,2025-11-03,4,2,0.6666666666666666,2025,TRUE
Detroit Pistons,2025-11-04,5,2,0.7142857142857143,2025,TRUE
Detroit Pistons,2025-11-05,5,2,0.7142857142857143,2025,TRUE
Detroit Pistons,2025-11-06,6,2,0.75,2025,TRUE
Detroit Pistons,2025-11-07,6,2,0.75,2025,TRUE
Detroit Pistons,2025-11-08,7,2,0.7777777777777778,2025,TRUE
Detroit Pistons,2025-11-09,7,2,0.7777777777777778,2025,TRUE
Detroit Pistons,2025-11-10,8,2,0.8,2025,TRUE
Detroit Pistons,2025-11-11,9,2,0.8181818181818182,2025,TRUE
Detroit Pistons,2025-11-12,9,2,0.8181818181818182,2025,TRUE
Detroit Pistons,2025-11-13,10,2,0.8333333333333334,2025,TRUE
Detroit Pistons,2025-11-14,10,2,0.8333333333333334,2025,TRUE
Detroit Pistons,2025-11-15,11,2,0.8461538461538461,2025,TRUE
Detroit Pistons,2025-11-16,11,2,0.8461538461538461,2025,TRUE
Detroit Pistons,2025-11-17,11,2,0.8461538461538461,2025,TRUE
Detroit Pistons,2025-11-18,12,2,0.8571428571428571,2025,TRUE
Detroit Pistons,2025-11-19,13,2,0.8666666666666667,2025,TRUE
Detroit Pistons,2025-11-20,13,2,0.8666666666666667,2025,TRUE
Detroit Pistons,2025-11-21,13,2,0.8666666666666667,2025,TRUE
Detroit Pistons,2025-11-22,13,2,0.8666666666666667,2025,TRUE
Detroit Pistons,2025-11-23,14,2,0.875,2025,TRUE
Detroit Pistons,2025-11-24,14,2,0.875,2025,TRUE
Detroit Pistons,2025-11-25,15,2,0.8823529411764706,2025,TRUE
Detroit Pistons,2025-11-26,15,3,0.8333333333333334,2025,TRUE
Detroit Pistons,2025-11-27,15,3,0.8333333333333334,2025,TRUE
Detroit Pistons,2025-11-29,15,4,0.7894736842105263,2025,TRUE
Detroit Pistons,2025-11-30,16,4,0.8,2025,TRUE
Detroit Pistons,2025-12-01,16,4,0.8,2025,TRUE
Detroit Pistons,2025-12-02,17,4,0.8095238095238095,2025,TRUE
Detroit Pistons,2025-12-03,17,4,0.8095238095238095,2025,TRUE
Detroit Pistons,2025-12-04,17,5,0.7727272727272727,2025,TRUE
Detroit Pistons,2025-12-05,17,5,0.7727272727272727,2025,TRUE
Detroit Pistons,2025-12-06,18,5,0.782608695652174,2025,TRUE
Detroit Pistons,2025-12-07,19,5,0.7916666666666666,2025,TRUE
Detroit Pistons,2025-12-08,19,5,0.7916666666666666,2025,TRUE
Detroit Pistons,2025-12-09,19,5,0.7916666666666666,2025,TRUE
Detroit Pistons,2025-12-10,19,5,0.7916666666666666,2025,TRUE
Detroit Pistons,2025-12-11,19,5,0.7916666666666666,2025,TRUE
Detroit Pistons,2025-12-12,19,5,0.7916666666666666,2025,TRUE
Detroit Pistons,2025-12-13,20,5,0.8,2025,TRUE
Detroit Pistons,2025-12-14,20,5,0.8,2025,TRUE
Detroit Pistons,2025-12-15,20,5,0.8,2025,TRUE
Detroit Pistons,2025-12-16,21,5,0.8076923076923077,2025,TRUE
Detroit Pistons,2025-12-17,21,5,0.8076923076923077,2025,TRUE
Detroit Pistons,2025-12-18,21,5,0.8076923076923077,2025,TRUE
Detroit Pistons,2025-12-19,21,6,0.7777777777777778,2025,TRUE
Detroit Pistons,2025-12-20,21,6,0.7777777777777778,2025,TRUE
Detroit Pistons,2025-12-21,22,6,0.7857142857142857,2025,TRUE
Detroit Pistons,2025-12-22,22,6,0.7857142857142857,2025,TRUE
Detroit Pistons,2025-12-23,23,6,0.7931034482758621,2025,TRUE
Detroit Pistons,2025-12-24,24,6,0.8,2025,TRUE
Detroit Pistons,2025-12-25,24,6,0.8,2025,TRUE
Detroit Pistons,2025-12-26,24,6,0.8,2025,TRUE
Detroit Pistons,2025-12-27,24,7,0.7741935483870968,2025,TRUE
Detroit Pistons,2025-12-28,24,7,0.7741935483870968,2025,TRUE
Detroit Pistons,2025-12-29,24,8,0.75,2025,TRUE
Detroit Pistons,2025-12-30,24,8,0.75,2025,TRUE
Detroit Pistons,2025-12-31,25,8,0.7575757575757576,2025,TRUE
Detroit Pistons,2026-01-01,25,8,0.7575757575757576,2026,TRUE
Detroit Pistons,2026-01-02,25,9,0.7352941176470589,2026,TRUE
Detroit Pistons,2026-01-03,25,9,0.7352941176470589,2026,TRUE
Detroit Pistons,2026-01-04,26,9,0.7428571428571429,2026,TRUE
Detroit Pistons,2026-01-05,26,9,0.7428571428571429,2026,TRUE
Detroit Pistons,2026-01-06,27,9,0.75,2026,TRUE
Detroit Pistons,2026-01-07,27,9,0.75,2026,TRUE
Detroit Pistons,2026-01-08,28,9,0.7567567567567568,2026,TRUE
Detroit Pistons,2026-01-09,28,9,0.7567567567567568,2026,TRUE
Detroit Pistons,2026-01-10,28,9,0.7567567567567568,2026,TRUE
Detroit Pistons,2026-01-11,28,10,0.7368421052631579,2026,TRUE
Detroit Pistons,2026-01-12,28,10,0.7368421052631579,2026,TRUE
Detroit Pistons,2026-01-13,28,10,0.7368421052631579,2026,TRUE
Detroit Pistons,2026-01-14,28,10,0.7368421052631579,2026,TRUE
Detroit Pistons,2026-01-15,28,10,0.7368421052631579,2026,TRUE
Detroit Pistons,2026-01-16,29,10,0.7435897435897436,2026,TRUE
Detroit Pistons,2026-01-17,29,10,0.7435897435897436,2026,TRUE
Detroit Pistons,2026-01-18,30,10,0.75,2026,TRUE
Detroit Pistons,2026-01-19,30,10,0.75,2026,TRUE
Detroit Pistons,2026-01-20,31,10,0.7560975609756098,2026,TRUE
Detroit Pistons,2026-01-21,31,10,0.7560975609756098,2026,TRUE
Detroit Pistons,2026-01-22,32,10,0.7619047619047619,2026,TRUE
Detroit Pistons,2026-01-23,32,10,0.7619047619047619,2026,TRUE
Detroit Pistons,2026-01-24,32,11,0.7441860465116279,2026,TRUE
Detroit Pistons,2026-01-25,33,11,0.75,2026,TRUE
Detroit Pistons,2026-01-26,33,11,0.75,2026,TRUE
Detroit Pistons,2026-01-27,33,11,0.75,2026,TRUE
Detroit Pistons,2026-01-28,34,11,0.7555555555555555,2026,TRUE
Detroit Pistons,2026-01-29,34,11,0.7555555555555555,2026,TRUE
Detroit Pistons,2026-01-30,34,12,0.7391304347826086,2026,TRUE
Detroit Pistons,2026-01-31,35,12,0.7446808510638298,2026,TRUE
Detroit Pistons,2026-02-01,36,12,0.75,2026,TRUE
Detroit Pistons,2026-02-02,36,12,0.75,2026,TRUE
Detroit Pistons,2026-02-03,36,12,0.75,2026,TRUE
Detroit Pistons,2026-02-04,37,12,0.7551020408163265,2026,TRUE
Detroit Pistons,2026-02-05,37,12,0.7551020408163265,2026,TRUE
Detroit Pistons,2026-02-06,37,13,0.74,2026,TRUE
Detroit Pistons,2026-02-07,38,13,0.7450980392156863,2026,TRUE
Detroit Pistons,2026-02-08,38,13,0.7450980392156863,2026,TRUE
Detroit Pistons,2026-02-10,39,13,0.75,2026,TRUE
Detroit Pistons,2026-02-11,39,13,0.75,2026,TRUE
Detroit Pistons,2026-02-12,40,13,0.7547169811320755,2026,TRUE
Detroit Pistons,2026-02-13,40,13,0.7547169811320755,2026,TRUE
Detroit Pistons,2026-02-15,40,13,0.7547169811320755,2026,TRUE
Detroit Pistons,2026-02-16,40,13,0.7547169811320755,2026,TRUE
Detroit Pistons,2026-02-20,41,13,0.7592592592592593,2026,TRUE
Detroit Pistons,2026-02-21,41,13,0.7592592592592593,2026,TRUE
Detroit Pistons,2026-02-22,42,13,0.7636363636363637,2026,TRUE
Detroit Pistons,2026-02-23,42,13,0.7636363636363637,2026,TRUE
Detroit Pistons,2026-02-24,42,14,0.75,2026,TRUE
Detroit Pistons,2026-02-25,42,14,0.75,2026,TRUE
Detroit Pistons,2026-02-26,43,14,0.7543859649122807,2026,TRUE
Detroit Pistons,2026-02-27,43,14,0.7543859649122807,2026,TRUE
Detroit Pistons,2026-02-28,44,14,0.7586206896551724,2026,TRUE
Detroit Pistons,2026-03-01,45,14,0.7627118644067796,2026,TRUE
Detroit Pistons,2026-03-02,45,14,0.7627118644067796,2026,TRUE
Detroit Pistons,2026-03-03,45,14,0.7627118644067796,2026,TRUE
Detroit Pistons,2026-03-04,45,15,0.75,2026,TRUE
Detroit Pistons,2026-03-05,45,15,0.75,2026,TRUE
Detroit Pistons,2026-03-06,45,16,0.7377049180327869,2026,TRUE
Detroit Pistons,2026-03-07,45,17,0.7258064516129032,2026,TRUE
Detroit Pistons,2026-03-08,45,18,0.7142857142857143,2026,TRUE
Detroit Pistons,2026-03-09,45,18,0.7142857142857143,2026,TRUE
Detroit Pistons,2026-03-10,46,18,0.71875,2026,TRUE
Detroit Pistons,2026-03-11,46,18,0.71875,2026,TRUE
Detroit Pistons,2026-03-12,47,18,0.7230769230769231,2026,TRUE
Detroit Pistons,2026-03-13,48,18,0.7272727272727273,2026,TRUE
Detroit Pistons,2026-03-14,48,18,0.7272727272727273,2026,TRUE
Detroit Pistons,2026-03-15,48,19,0.7164179104477612,2026,TRUE
Detroit Pistons,2026-03-16,48,19,0.7164179104477612,2026,TRUE
Detroit Pistons,2026-03-17,49,19,0.7205882352941176,2026,TRUE
Detroit Pistons,2026-03-18,49,19,0.7205882352941176,2026,TRUE
Detroit Pistons,2026-03-19,50,19,0.7246376811594203,2026,TRUE
Detroit Pistons,2026-03-20,51,19,0.7285714285714285,2026,TRUE
Detroit Pistons,2026-03-21,51,19,0.7285714285714285,2026,TRUE
Detroit Pistons,2026-03-22,51,19,0.7285714285714285,2026,TRUE
Detroit Pistons,2026-03-23,52,19,0.7323943661971831,2026,TRUE
Detroit Pistons,2026-03-24,52,19,0.7323943661971831,2026,TRUE
Detroit Pistons,2026-03-25,52,20,0.7222222222222222,2026,TRUE
Detroit Pistons,2026-03-26,53,20,0.726027397260274,2026,TRUE
Detroit Pistons,2026-03-27,53,20,0.726027397260274,2026,TRUE
Detroit Pistons,2026-03-28,54,20,0.7297297297297297,2026,TRUE
Detroit Pistons,2026-03-29,54,20,0.7297297297297297,2026,TRUE
Detroit Pistons,2026-03-30,54,20,0.7297297297297297,2026,TRUE
Detroit Pistons,2026-03-31,54,21,0.72,2026,TRUE
Detroit Pistons,2026-04-01,55,21,0.7236842105263158,2026,TRUE
Detroit Pistons,2026-04-02,56,21,0.7272727272727273,2026,TRUE
Detroit Pistons,2026-04-03,56,21,0.7272727272727273,2026,TRUE
Detroit Pistons,2026-04-04,57,21,0.7307692307692307,2026,TRUE
Detroit Pistons,2026-04-05,57,21,0.7307692307692307,2026,TRUE
Detroit Pistons,2026-04-06,57,22,0.7215189873417721,2026,TRUE
Detroit Pistons,2026-04-07,57,22,0.7215189873417721,2026,TRUE
Detroit Pistons,2026-04-08,58,22,0.725,2026,TRUE
Detroit Pistons,2026-04-09,58,22,0.725,2026,TRUE
Detroit Pistons,2026-04-10,59,22,0.7283950617283951,2026,TRUE
Detroit Pistons,2026-04-11,59,22,0.7283950617283951,2026,TRUE
Detroit Pistons,2026-04-12,60,22,0.7317073170731707,2026,TRUE
Detroit Pistons,2026-04-13,60,22,0.7317073170731707,2026,TRUE
Detroit Pistons,2026-04-14,60,22,0.7317073170731707,2026,TRUE
Detroit Pistons,2026-04-15,60,22,0.7317073170731707,2026,TRUE
Detroit Pistons,2026-04-16,60,22,0.7317073170731707,2026,TRUE
Detroit Pistons,2026-04-17,60,22,0.7317073170731707,2026,TRUE
Detroit Pistons,2026-04-18,60,22,0.7317073170731707,2026,TRUE
Detroit Pistons,2026-04-19,60,22,0.7317073170731707,2026,TRUE
Detroit Pistons,2026-04-20,60,22,0.7317073170731707,2026,TRUE
Detroit Pistons,2026-04-21,60,22,0.7317073170731707,2026,TRUE
Detroit Pistons,2026-04-22,60,22,0.7317073170731707,2026,TRUE
Detroit Pistons,2026-04-23,60,22,0.7317073170731707,2026,TRUE
Golden State Warriors,2025-10-21,NA,NA,NA,2025,TRUE
Golden State Warriors,2025-10-22,1,0,1,2025,TRUE
Golden State Warriors,2025-10-23,1,0,1,2025,TRUE
Golden State Warriors,2025-10-24,2,0,1,2025,TRUE
Golden State Warriors,2025-10-25,2,1,0.6666666666666666,2025,TRUE
Golden State Warriors,2025-10-26,2,1,0.6666666666666666,2025,TRUE
Golden State Warriors,2025-10-27,2,1,0.6666666666666666,2025,TRUE
Golden State Warriors,2025-10-28,3,1,0.75,2025,TRUE
Golden State Warriors,2025-10-29,4,1,0.8,2025,TRUE
Golden State Warriors,2025-10-30,4,1,0.8,2025,TRUE
Golden State Warriors,2025-10-31,4,2,0.6666666666666666,2025,TRUE
Golden State Warriors,2025-11-01,4,3,0.5714285714285714,2025,TRUE
Golden State Warriors,2025-11-02,4,3,0.5714285714285714,2025,TRUE
Golden State Warriors,2025-11-03,4,3,0.5714285714285714,2025,TRUE
Golden State Warriors,2025-11-04,4,3,0.5714285714285714,2025,TRUE
Golden State Warriors,2025-11-05,5,3,0.625,2025,TRUE
Golden State Warriors,2025-11-06,5,4,0.5555555555555556,2025,TRUE
Golden State Warriors,2025-11-07,5,4,0.5555555555555556,2025,TRUE
Golden State Warriors,2025-11-08,5,5,0.5,2025,TRUE
Golden State Warriors,2025-11-09,5,5,0.5,2025,TRUE
Golden State Warriors,2025-11-10,6,5,0.5454545454545454,2025,TRUE
Golden State Warriors,2025-11-11,6,5,0.5454545454545454,2025,TRUE
Golden State Warriors,2025-11-12,6,6,0.5,2025,TRUE
Golden State Warriors,2025-11-13,7,6,0.5384615384615384,2025,TRUE
Golden State Warriors,2025-11-14,7,6,0.5384615384615384,2025,TRUE
Golden State Warriors,2025-11-15,8,6,0.5714285714285714,2025,TRUE
Golden State Warriors,2025-11-16,8,6,0.5714285714285714,2025,TRUE
Golden State Warriors,2025-11-17,9,6,0.6,2025,TRUE
Golden State Warriors,2025-11-18,9,6,0.6,2025,TRUE
Golden State Warriors,2025-11-19,9,7,0.5625,2025,TRUE
Golden State Warriors,2025-11-20,9,8,0.5294117647058824,2025,TRUE
Golden State Warriors,2025-11-21,9,8,0.5294117647058824,2025,TRUE
Golden State Warriors,2025-11-22,9,9,0.5,2025,TRUE
Golden State Warriors,2025-11-23,9,9,0.5,2025,TRUE
Golden State Warriors,2025-11-24,9,9,0.5,2025,TRUE
Golden State Warriors,2025-11-25,10,9,0.5263157894736842,2025,TRUE
Golden State Warriors,2025-11-26,10,9,0.5263157894736842,2025,TRUE
Golden State Warriors,2025-11-27,10,10,0.5,2025,TRUE
Golden State Warriors,2025-11-29,10,10,0.5,2025,TRUE
Golden State Warriors,2025-11-30,11,10,0.5238095238095238,2025,TRUE
Golden State Warriors,2025-12-01,11,10,0.5238095238095238,2025,TRUE
Golden State Warriors,2025-12-02,11,10,0.5238095238095238,2025,TRUE
Golden State Warriors,2025-12-03,11,11,0.5,2025,TRUE
Golden State Warriors,2025-12-04,11,11,0.5,2025,TRUE
Golden State Warriors,2025-12-05,11,12,0.4782608695652174,2025,TRUE
Golden State Warriors,2025-12-06,11,12,0.4782608695652174,2025,TRUE
Golden State Warriors,2025-12-07,12,12,0.5,2025,TRUE
Golden State Warriors,2025-12-08,13,12,0.52,2025,TRUE
Golden State Warriors,2025-12-09,13,12,0.52,2025,TRUE
Golden State Warriors,2025-12-10,13,12,0.52,2025,TRUE
Golden State Warriors,2025-12-11,13,12,0.52,2025,TRUE
Golden State Warriors,2025-12-12,13,12,0.52,2025,TRUE
Golden State Warriors,2025-12-13,13,13,0.5,2025,TRUE
Golden State Warriors,2025-12-14,13,13,0.5,2025,TRUE
Golden State Warriors,2025-12-15,13,14,0.48148148148148145,2025,TRUE
Golden State Warriors,2025-12-16,13,14,0.48148148148148145,2025,TRUE
Golden State Warriors,2025-12-17,13,14,0.48148148148148145,2025,TRUE
Golden State Warriors,2025-12-18,13,14,0.48148148148148145,2025,TRUE
Golden State Warriors,2025-12-19,13,15,0.4642857142857143,2025,TRUE
Golden State Warriors,2025-12-20,13,15,0.4642857142857143,2025,TRUE
Golden State Warriors,2025-12-21,14,15,0.4827586206896552,2025,TRUE
Golden State Warriors,2025-12-22,14,15,0.4827586206896552,2025,TRUE
Golden State Warriors,2025-12-23,15,15,0.5,2025,TRUE
Golden State Warriors,2025-12-24,15,15,0.5,2025,TRUE
Golden State Warriors,2025-12-25,16,15,0.5161290322580645,2025,TRUE
Golden State Warriors,2025-12-26,16,15,0.5161290322580645,2025,TRUE
Golden State Warriors,2025-12-27,16,15,0.5161290322580645,2025,TRUE
Golden State Warriors,2025-12-28,16,16,0.5,2025,TRUE
Golden State Warriors,2025-12-29,16,16,0.5,2025,TRUE
Golden State Warriors,2025-12-30,17,16,0.5151515151515151,2025,TRUE
Golden State Warriors,2025-12-31,18,16,0.5294117647058824,2025,TRUE
Golden State Warriors,2026-01-01,18,16,0.5294117647058824,2026,TRUE
Golden State Warriors,2026-01-02,18,16,0.5294117647058824,2026,TRUE
Golden State Warriors,2026-01-03,18,17,0.5142857142857142,2026,TRUE
Golden State Warriors,2026-01-04,19,17,0.5277777777777778,2026,TRUE
Golden State Warriors,2026-01-05,19,17,0.5277777777777778,2026,TRUE
Golden State Warriors,2026-01-06,19,18,0.5135135135135135,2026,TRUE
Golden State Warriors,2026-01-07,19,18,0.5135135135135135,2026,TRUE
Golden State Warriors,2026-01-08,20,18,0.5263157894736842,2026,TRUE
Golden State Warriors,2026-01-09,20,18,0.5263157894736842,2026,TRUE
Golden State Warriors,2026-01-10,21,18,0.5384615384615384,2026,TRUE
Golden State Warriors,2026-01-11,21,18,0.5384615384615384,2026,TRUE
Golden State Warriors,2026-01-12,21,19,0.525,2026,TRUE
Golden State Warriors,2026-01-13,21,19,0.525,2026,TRUE
Golden State Warriors,2026-01-14,22,19,0.5365853658536586,2026,TRUE
Golden State Warriors,2026-01-15,22,19,0.5365853658536586,2026,TRUE
Golden State Warriors,2026-01-16,23,19,0.5476190476190477,2026,TRUE
Golden State Warriors,2026-01-17,23,19,0.5476190476190477,2026,TRUE
Golden State Warriors,2026-01-18,24,19,0.5581395348837209,2026,TRUE
Golden State Warriors,2026-01-19,24,19,0.5581395348837209,2026,TRUE
Golden State Warriors,2026-01-20,25,19,0.5681818181818182,2026,TRUE
Golden State Warriors,2026-01-21,25,20,0.5555555555555556,2026,TRUE
Golden State Warriors,2026-01-22,25,20,0.5555555555555556,2026,TRUE
Golden State Warriors,2026-01-23,25,21,0.5434782608695652,2026,TRUE
Golden State Warriors,2026-01-24,25,21,0.5434782608695652,2026,TRUE
Golden State Warriors,2026-01-25,26,21,0.5531914893617021,2026,TRUE
Golden State Warriors,2026-01-26,26,21,0.5531914893617021,2026,TRUE
Golden State Warriors,2026-01-27,26,22,0.5416666666666666,2026,TRUE
Golden State Warriors,2026-01-28,26,22,0.5416666666666666,2026,TRUE
Golden State Warriors,2026-01-29,27,22,0.5510204081632653,2026,TRUE
Golden State Warriors,2026-01-30,27,22,0.5510204081632653,2026,TRUE
Golden State Warriors,2026-01-31,27,23,0.54,2026,TRUE
Golden State Warriors,2026-02-01,27,23,0.54,2026,TRUE
Golden State Warriors,2026-02-02,27,23,0.54,2026,TRUE
Golden State Warriors,2026-02-03,27,23,0.54,2026,TRUE
Golden State Warriors,2026-02-04,27,24,0.5294117647058824,2026,TRUE
Golden State Warriors,2026-02-05,27,24,0.5294117647058824,2026,TRUE
Golden State Warriors,2026-02-06,28,24,0.5384615384615384,2026,TRUE
Golden State Warriors,2026-02-07,28,24,0.5384615384615384,2026,TRUE
Golden State Warriors,2026-02-08,28,25,0.5283018867924528,2026,TRUE
Golden State Warriors,2026-02-10,29,25,0.5370370370370371,2026,TRUE
Golden State Warriors,2026-02-11,29,25,0.5370370370370371,2026,TRUE
Golden State Warriors,2026-02-12,29,26,0.5272727272727272,2026,TRUE
Golden State Warriors,2026-02-13,29,26,0.5272727272727272,2026,TRUE
Golden State Warriors,2026-02-15,29,26,0.5272727272727272,2026,TRUE
Golden State Warriors,2026-02-16,29,26,0.5272727272727272,2026,TRUE
Golden State Warriors,2026-02-20,29,27,0.5178571428571429,2026,TRUE
Golden State Warriors,2026-02-21,29,27,0.5178571428571429,2026,TRUE
Golden State Warriors,2026-02-22,30,27,0.5263157894736842,2026,TRUE
Golden State Warriors,2026-02-23,30,27,0.5263157894736842,2026,TRUE
Golden State Warriors,2026-02-24,30,27,0.5263157894736842,2026,TRUE
Golden State Warriors,2026-02-25,30,28,0.5172413793103449,2026,TRUE
Golden State Warriors,2026-02-26,31,28,0.5254237288135594,2026,TRUE
Golden State Warriors,2026-02-27,31,28,0.5254237288135594,2026,TRUE
Golden State Warriors,2026-02-28,31,28,0.5254237288135594,2026,TRUE
Golden State Warriors,2026-03-01,31,29,0.5166666666666667,2026,TRUE
Golden State Warriors,2026-03-02,31,29,0.5166666666666667,2026,TRUE
Golden State Warriors,2026-03-03,31,30,0.5081967213114754,2026,TRUE
Golden State Warriors,2026-03-04,31,30,0.5081967213114754,2026,TRUE
Golden State Warriors,2026-03-05,31,30,0.5081967213114754,2026,TRUE
Golden State Warriors,2026-03-06,32,30,0.5161290322580645,2026,TRUE
Golden State Warriors,2026-03-07,32,30,0.5161290322580645,2026,TRUE
Golden State Warriors,2026-03-08,32,31,0.5079365079365079,2026,TRUE
Golden State Warriors,2026-03-09,32,31,0.5079365079365079,2026,TRUE
Golden State Warriors,2026-03-10,32,32,0.5,2026,TRUE
Golden State Warriors,2026-03-11,32,33,0.49230769230769234,2026,TRUE
Golden State Warriors,2026-03-12,32,33,0.49230769230769234,2026,TRUE
Golden State Warriors,2026-03-13,32,33,0.49230769230769234,2026,TRUE
Golden State Warriors,2026-03-14,32,34,0.48484848484848486,2026,TRUE
Golden State Warriors,2026-03-15,32,34,0.48484848484848486,2026,TRUE
Golden State Warriors,2026-03-16,32,35,0.47761194029850745,2026,TRUE
Golden State Warriors,2026-03-17,32,35,0.47761194029850745,2026,TRUE
Golden State Warriors,2026-03-18,33,36,0.4782608695652174,2026,TRUE
Golden State Warriors,2026-03-19,33,36,0.4782608695652174,2026,TRUE
Golden State Warriors,2026-03-20,33,37,0.4714285714285714,2026,TRUE
Golden State Warriors,2026-03-21,33,37,0.4714285714285714,2026,TRUE
Golden State Warriors,2026-03-22,33,38,0.4647887323943662,2026,TRUE
Golden State Warriors,2026-03-23,33,38,0.4647887323943662,2026,TRUE
Golden State Warriors,2026-03-24,34,38,0.4722222222222222,2026,TRUE
Golden State Warriors,2026-03-25,34,38,0.4722222222222222,2026,TRUE
Golden State Warriors,2026-03-26,35,38,0.4794520547945205,2026,TRUE
Golden State Warriors,2026-03-27,35,38,0.4794520547945205,2026,TRUE
Golden State Warriors,2026-03-28,36,38,0.4864864864864865,2026,TRUE
Golden State Warriors,2026-03-29,36,38,0.4864864864864865,2026,TRUE
Golden State Warriors,2026-03-30,36,39,0.48,2026,TRUE
Golden State Warriors,2026-03-31,36,39,0.48,2026,TRUE
Golden State Warriors,2026-04-01,36,39,0.48,2026,TRUE
Golden State Warriors,2026-04-02,36,40,0.47368421052631576,2026,TRUE
Golden State Warriors,2026-04-03,36,41,0.4675324675324675,2026,TRUE
Golden State Warriors,2026-04-04,36,41,0.4675324675324675,2026,TRUE
Golden State Warriors,2026-04-05,36,41,0.4675324675324675,2026,TRUE
Golden State Warriors,2026-04-06,36,42,0.46153846153846156,2026,TRUE
Golden State Warriors,2026-04-07,36,42,0.46153846153846156,2026,TRUE
Golden State Warriors,2026-04-08,37,42,0.46835443037974683,2026,TRUE
Golden State Warriors,2026-04-09,37,42,0.46835443037974683,2026,TRUE
Golden State Warriors,2026-04-10,37,43,0.4625,2026,TRUE
Golden State Warriors,2026-04-11,37,44,0.4567901234567901,2026,TRUE
Golden State Warriors,2026-04-12,37,44,0.4567901234567901,2026,TRUE
Golden State Warriors,2026-04-13,37,45,0.45121951219512196,2026,TRUE
Golden State Warriors,2026-04-14,37,45,0.45121951219512196,2026,TRUE
Golden State Warriors,2026-04-15,37,45,0.45121951219512196,2026,TRUE
Golden State Warriors,2026-04-16,37,45,0.45121951219512196,2026,TRUE
Golden State Warriors,2026-04-17,37,45,0.45121951219512196,2026,TRUE
Golden State Warriors,2026-04-18,37,45,0.45121951219512196,2026,TRUE
Golden State Warriors,2026-04-19,37,45,0.45121951219512196,2026,TRUE
Golden State Warriors,2026-04-20,37,45,0.45121951219512196,2026,TRUE
Golden State Warriors,2026-04-21,37,45,0.45121951219512196,2026,TRUE
Golden State Warriors,2026-04-22,37,45,0.45121951219512196,2026,TRUE
Golden State Warriors,2026-04-23,37,45,0.45121951219512196,2026,TRUE
Houston Rockets,2025-10-21,0,1,0,2025,TRUE
Houston Rockets,2025-10-22,0,1,0,2025,TRUE
Houston Rockets,2025-10-23,0,1,0,2025,TRUE
Houston Rockets,2025-10-24,0,1,0,2025,TRUE
Houston Rockets,2025-10-25,0,2,0,2025,TRUE
Houston Rockets,2025-10-26,0,2,0,2025,TRUE
Houston Rockets,2025-10-27,0,2,0,2025,TRUE
Houston Rockets,2025-10-28,1,2,0.3333333333333333,2025,TRUE
Houston Rockets,2025-10-29,2,2,0.5,2025,TRUE
Houston Rockets,2025-10-30,2,2,0.5,2025,TRUE
Houston Rockets,2025-10-31,2,2,0.5,2025,TRUE
Houston Rockets,2025-11-01,2,2,0.5,2025,TRUE
Houston Rockets,2025-11-02,3,2,0.6,2025,TRUE
Houston Rockets,2025-11-03,3,2,0.6,2025,TRUE
Houston Rockets,2025-11-04,4,2,0.6666666666666666,2025,TRUE
Houston Rockets,2025-11-05,4,2,0.6666666666666666,2025,TRUE
Houston Rockets,2025-11-06,5,2,0.7142857142857143,2025,TRUE
Houston Rockets,2025-11-07,5,2,0.7142857142857143,2025,TRUE
Houston Rockets,2025-11-08,5,3,0.625,2025,TRUE
Houston Rockets,2025-11-09,6,3,0.6666666666666666,2025,TRUE
Houston Rockets,2025-11-10,6,3,0.6666666666666666,2025,TRUE
Houston Rockets,2025-11-11,6,3,0.6666666666666666,2025,TRUE
Houston Rockets,2025-11-12,6,3,0.6666666666666666,2025,TRUE
Houston Rockets,2025-11-13,7,3,0.7,2025,TRUE
Houston Rockets,2025-11-14,7,3,0.7,2025,TRUE
Houston Rockets,2025-11-15,8,3,0.7272727272727273,2025,TRUE
Houston Rockets,2025-11-16,8,3,0.7272727272727273,2025,TRUE
Houston Rockets,2025-11-17,9,3,0.75,2025,TRUE
Houston Rockets,2025-11-18,9,3,0.75,2025,TRUE
Houston Rockets,2025-11-19,9,3,0.75,2025,TRUE
Houston Rockets,2025-11-20,10,3,0.7692307692307693,2025,TRUE
Houston Rockets,2025-11-21,10,3,0.7692307692307693,2025,TRUE
Houston Rockets,2025-11-22,10,4,0.7142857142857143,2025,TRUE
Houston Rockets,2025-11-23,10,4,0.7142857142857143,2025,TRUE
Houston Rockets,2025-11-24,10,4,0.7142857142857143,2025,TRUE
Houston Rockets,2025-11-25,11,4,0.7333333333333333,2025,TRUE
Houston Rockets,2025-11-26,11,4,0.7333333333333333,2025,TRUE
Houston Rockets,2025-11-27,12,4,0.75,2025,TRUE
Houston Rockets,2025-11-29,12,4,0.75,2025,TRUE
Houston Rockets,2025-11-30,13,4,0.7647058823529411,2025,TRUE
Houston Rockets,2025-12-01,13,4,0.7647058823529411,2025,TRUE
Houston Rockets,2025-12-02,13,5,0.7222222222222222,2025,TRUE
Houston Rockets,2025-12-03,13,5,0.7222222222222222,2025,TRUE
Houston Rockets,2025-12-04,14,5,0.7368421052631579,2025,TRUE
Houston Rockets,2025-12-05,14,5,0.7368421052631579,2025,TRUE
Houston Rockets,2025-12-06,15,5,0.75,2025,TRUE
Houston Rockets,2025-12-07,15,6,0.7142857142857143,2025,TRUE
Houston Rockets,2025-12-08,15,6,0.7142857142857143,2025,TRUE
Houston Rockets,2025-12-09,15,6,0.7142857142857143,2025,TRUE
Houston Rockets,2025-12-10,15,6,0.7142857142857143,2025,TRUE
Houston Rockets,2025-12-11,15,6,0.7142857142857143,2025,TRUE
Houston Rockets,2025-12-12,16,6,0.7272727272727273,2025,TRUE
Houston Rockets,2025-12-13,16,6,0.7272727272727273,2025,TRUE
Houston Rockets,2025-12-14,16,6,0.7272727272727273,2025,TRUE
Houston Rockets,2025-12-15,16,6,0.7272727272727273,2025,TRUE
Houston Rockets,2025-12-16,16,7,0.6956521739130435,2025,TRUE
Houston Rockets,2025-12-17,16,7,0.6956521739130435,2025,TRUE
Houston Rockets,2025-12-18,16,7,0.6956521739130435,2025,TRUE
Houston Rockets,2025-12-19,16,8,0.6666666666666666,2025,TRUE
Houston Rockets,2025-12-20,17,8,0.68,2025,TRUE
Houston Rockets,2025-12-21,17,8,0.68,2025,TRUE
Houston Rockets,2025-12-22,17,9,0.6538461538461539,2025,TRUE
Houston Rockets,2025-12-23,17,9,0.6538461538461539,2025,TRUE
Houston Rockets,2025-12-24,17,10,0.6296296296296297,2025,TRUE
Houston Rockets,2025-12-25,17,10,0.6296296296296297,2025,TRUE
Houston Rockets,2025-12-26,18,10,0.6428571428571429,2025,TRUE
Houston Rockets,2025-12-27,18,10,0.6428571428571429,2025,TRUE
Houston Rockets,2025-12-28,19,10,0.6551724137931034,2025,TRUE
Houston Rockets,2025-12-29,19,10,0.6551724137931034,2025,TRUE
Houston Rockets,2025-12-30,20,10,0.6666666666666666,2025,TRUE
Houston Rockets,2025-12-31,20,10,0.6666666666666666,2025,TRUE
Houston Rockets,2026-01-01,21,10,0.6774193548387096,2026,TRUE
Houston Rockets,2026-01-02,21,10,0.6774193548387096,2026,TRUE
Houston Rockets,2026-01-03,21,10,0.6774193548387096,2026,TRUE
Houston Rockets,2026-01-04,21,11,0.65625,2026,TRUE
Houston Rockets,2026-01-05,21,11,0.65625,2026,TRUE
Houston Rockets,2026-01-06,22,11,0.6666666666666666,2026,TRUE
Houston Rockets,2026-01-07,22,11,0.6666666666666666,2026,TRUE
Houston Rockets,2026-01-08,22,12,0.6470588235294118,2026,TRUE
Houston Rockets,2026-01-09,22,12,0.6470588235294118,2026,TRUE
Houston Rockets,2026-01-10,22,13,0.6285714285714286,2026,TRUE
Houston Rockets,2026-01-11,22,13,0.6285714285714286,2026,TRUE
Houston Rockets,2026-01-12,22,14,0.6111111111111112,2026,TRUE
Houston Rockets,2026-01-13,22,14,0.6111111111111112,2026,TRUE
Houston Rockets,2026-01-14,23,14,0.6216216216216216,2026,TRUE
Houston Rockets,2026-01-15,23,14,0.6216216216216216,2026,TRUE
Houston Rockets,2026-01-16,23,15,0.6052631578947368,2026,TRUE
Houston Rockets,2026-01-17,24,15,0.6153846153846154,2026,TRUE
Houston Rockets,2026-01-18,24,15,0.6153846153846154,2026,TRUE
Houston Rockets,2026-01-19,25,15,0.625,2026,TRUE
Houston Rockets,2026-01-20,25,15,0.625,2026,TRUE
Houston Rockets,2026-01-21,26,15,0.6341463414634146,2026,TRUE
Houston Rockets,2026-01-22,26,15,0.6341463414634146,2026,TRUE
Houston Rockets,2026-01-23,26,16,0.6190476190476191,2026,TRUE
Houston Rockets,2026-01-24,27,16,0.627906976744186,2026,TRUE
Houston Rockets,2026-01-25,27,16,0.627906976744186,2026,TRUE
Houston Rockets,2026-01-26,27,16,0.627906976744186,2026,TRUE
Houston Rockets,2026-01-27,28,16,0.6363636363636364,2026,TRUE
Houston Rockets,2026-01-28,28,16,0.6363636363636364,2026,TRUE
Houston Rockets,2026-01-29,28,17,0.6222222222222222,2026,TRUE
Houston Rockets,2026-01-30,29,17,0.6304347826086957,2026,TRUE
Houston Rockets,2026-01-31,29,17,0.6304347826086957,2026,TRUE
Houston Rockets,2026-02-01,30,17,0.6382978723404256,2026,TRUE
Houston Rockets,2026-02-02,30,17,0.6382978723404256,2026,TRUE
Houston Rockets,2026-02-03,31,17,0.6458333333333334,2026,TRUE
Houston Rockets,2026-02-04,31,17,0.6458333333333334,2026,TRUE
Houston Rockets,2026-02-05,31,18,0.6326530612244898,2026,TRUE
Houston Rockets,2026-02-06,31,19,0.62,2026,TRUE
Houston Rockets,2026-02-07,32,19,0.6274509803921569,2026,TRUE
Houston Rockets,2026-02-08,32,19,0.6274509803921569,2026,TRUE
Houston Rockets,2026-02-10,32,19,0.6274509803921569,2026,TRUE
Houston Rockets,2026-02-11,33,19,0.6346153846153846,2026,TRUE
Houston Rockets,2026-02-12,33,20,0.6226415094339622,2026,TRUE
Houston Rockets,2026-02-13,33,20,0.6226415094339622,2026,TRUE
Houston Rockets,2026-02-15,33,20,0.6226415094339622,2026,TRUE
Houston Rockets,2026-02-16,33,20,0.6226415094339622,2026,TRUE
Houston Rockets,2026-02-20,34,20,0.6296296296296297,2026,TRUE
Houston Rockets,2026-02-21,34,20,0.6296296296296297,2026,TRUE
Houston Rockets,2026-02-22,34,21,0.6181818181818182,2026,TRUE
Houston Rockets,2026-02-23,34,21,0.6181818181818182,2026,TRUE
Houston Rockets,2026-02-24,35,21,0.625,2026,TRUE
Houston Rockets,2026-02-25,35,21,0.625,2026,TRUE
Houston Rockets,2026-02-26,36,21,0.631578947368421,2026,TRUE
Houston Rockets,2026-02-27,37,21,0.6379310344827587,2026,TRUE
Houston Rockets,2026-02-28,37,22,0.6271186440677966,2026,TRUE
Houston Rockets,2026-03-01,37,22,0.6271186440677966,2026,TRUE
Houston Rockets,2026-03-02,37,22,0.6271186440677966,2026,TRUE
Houston Rockets,2026-03-03,38,22,0.6333333333333333,2026,TRUE
Houston Rockets,2026-03-04,38,22,0.6333333333333333,2026,TRUE
Houston Rockets,2026-03-05,38,22,0.6333333333333333,2026,TRUE
Houston Rockets,2026-03-06,38,23,0.6229508196721312,2026,TRUE
Houston Rockets,2026-03-07,39,23,0.6290322580645161,2026,TRUE
Houston Rockets,2026-03-08,39,23,0.6290322580645161,2026,TRUE
Houston Rockets,2026-03-09,39,24,0.6190476190476191,2026,TRUE
Houston Rockets,2026-03-10,39,24,0.6190476190476191,2026,TRUE
Houston Rockets,2026-03-11,40,24,0.625,2026,TRUE
Houston Rockets,2026-03-12,40,25,0.6153846153846154,2026,TRUE
Houston Rockets,2026-03-13,40,25,0.6153846153846154,2026,TRUE
Houston Rockets,2026-03-14,41,25,0.6212121212121212,2026,TRUE
Houston Rockets,2026-03-15,41,25,0.6212121212121212,2026,TRUE
Houston Rockets,2026-03-16,41,25,0.6212121212121212,2026,TRUE
Houston Rockets,2026-03-17,41,26,0.6119402985074627,2026,TRUE
Houston Rockets,2026-03-18,41,26,0.6119402985074627,2026,TRUE
Houston Rockets,2026-03-19,41,27,0.6029411764705882,2026,TRUE
Houston Rockets,2026-03-20,41,27,0.6029411764705882,2026,TRUE
Houston Rockets,2026-03-21,42,27,0.6086956521739131,2026,TRUE
Houston Rockets,2026-03-22,43,27,0.6142857142857143,2026,TRUE
Houston Rockets,2026-03-23,43,27,0.6142857142857143,2026,TRUE
Houston Rockets,2026-03-24,43,28,0.6056338028169014,2026,TRUE
Houston Rockets,2026-03-25,43,28,0.6056338028169014,2026,TRUE
Houston Rockets,2026-03-26,43,29,0.5972222222222222,2026,TRUE
Houston Rockets,2026-03-27,43,29,0.5972222222222222,2026,TRUE
Houston Rockets,2026-03-28,44,29,0.6027397260273972,2026,TRUE
Houston Rockets,2026-03-29,45,29,0.6081081081081081,2026,TRUE
Houston Rockets,2026-03-30,45,29,0.6081081081081081,2026,TRUE
Houston Rockets,2026-03-31,45,29,0.6081081081081081,2026,TRUE
Houston Rockets,2026-04-01,46,29,0.6133333333333333,2026,TRUE
Houston Rockets,2026-04-02,47,29,0.618421052631579,2026,TRUE
Houston Rockets,2026-04-03,47,29,0.618421052631579,2026,TRUE
Houston Rockets,2026-04-04,48,29,0.6233766233766234,2026,TRUE
Houston Rockets,2026-04-05,48,29,0.6233766233766234,2026,TRUE
Houston Rockets,2026-04-06,49,29,0.6282051282051282,2026,TRUE
Houston Rockets,2026-04-07,49,29,0.6282051282051282,2026,TRUE
Houston Rockets,2026-04-08,50,29,0.6329113924050633,2026,TRUE
Houston Rockets,2026-04-09,50,29,0.6329113924050633,2026,TRUE
Houston Rockets,2026-04-10,51,29,0.6375,2026,TRUE
Houston Rockets,2026-04-11,51,30,0.6296296296296297,2026,TRUE
Houston Rockets,2026-04-12,51,30,0.6296296296296297,2026,TRUE
Houston Rockets,2026-04-13,52,30,0.6341463414634146,2026,TRUE
Houston Rockets,2026-04-14,52,30,0.6341463414634146,2026,TRUE
Houston Rockets,2026-04-15,52,30,0.6341463414634146,2026,TRUE
Houston Rockets,2026-04-16,52,30,0.6341463414634146,2026,TRUE
Houston Rockets,2026-04-17,52,30,0.6341463414634146,2026,TRUE
Houston Rockets,2026-04-18,52,30,0.6341463414634146,2026,TRUE
Houston Rockets,2026-04-19,52,30,0.6341463414634146,2026,TRUE
Houston Rockets,2026-04-20,52,30,0.6341463414634146,2026,TRUE
Houston Rockets,2026-04-21,52,30,0.6341463414634146,2026,TRUE
Houston Rockets,2026-04-22,52,30,0.6341463414634146,2026,TRUE
Houston Rockets,2026-04-23,52,30,0.6341463414634146,2026,TRUE
Indiana Pacers,2025-10-21,NA,NA,NA,2025,TRUE
Indiana Pacers,2025-10-22,NA,NA,NA,2025,TRUE
Indiana Pacers,2025-10-23,0,1,0,2025,TRUE
Indiana Pacers,2025-10-24,0,1,0,2025,TRUE
Indiana Pacers,2025-10-25,0,1,0,2025,TRUE
Indiana Pacers,2025-10-26,0,2,0,2025,TRUE
Indiana Pacers,2025-10-27,0,2,0,2025,TRUE
Indiana Pacers,2025-10-28,0,2,0,2025,TRUE
Indiana Pacers,2025-10-29,0,2,0,2025,TRUE
Indiana Pacers,2025-10-30,0,4,0,2025,TRUE
Indiana Pacers,2025-10-31,0,5,0,2025,TRUE
Indiana Pacers,2025-11-01,1,5,0.16666666666666666,2025,TRUE
Indiana Pacers,2025-11-02,1,5,0.16666666666666666,2025,TRUE
Indiana Pacers,2025-11-03,1,5,0.16666666666666666,2025,TRUE
Indiana Pacers,2025-11-04,1,6,0.14285714285714285,2025,TRUE
Indiana Pacers,2025-11-05,1,6,0.14285714285714285,2025,TRUE
Indiana Pacers,2025-11-06,1,7,0.125,2025,TRUE
Indiana Pacers,2025-11-07,1,7,0.125,2025,TRUE
Indiana Pacers,2025-11-08,1,7,0.125,2025,TRUE
Indiana Pacers,2025-11-09,1,8,0.1111111111111111,2025,TRUE
Indiana Pacers,2025-11-10,1,9,0.1,2025,TRUE
Indiana Pacers,2025-11-11,1,9,0.1,2025,TRUE
Indiana Pacers,2025-11-12,1,10,0.09090909090909091,2025,TRUE
Indiana Pacers,2025-11-13,1,10,0.09090909090909091,2025,TRUE
Indiana Pacers,2025-11-14,1,11,0.08333333333333333,2025,TRUE
Indiana Pacers,2025-11-15,1,11,0.08333333333333333,2025,TRUE
Indiana Pacers,2025-11-16,1,12,0.07692307692307693,2025,TRUE
Indiana Pacers,2025-11-17,1,12,0.07692307692307693,2025,TRUE
Indiana Pacers,2025-11-18,1,13,0.07142857142857142,2025,TRUE
Indiana Pacers,2025-11-19,1,13,0.07142857142857142,2025,TRUE
Indiana Pacers,2025-11-20,2,13,0.13333333333333333,2025,TRUE
Indiana Pacers,2025-11-21,2,13,0.13333333333333333,2025,TRUE
Indiana Pacers,2025-11-22,2,14,0.125,2025,TRUE
Indiana Pacers,2025-11-23,2,14,0.125,2025,TRUE
Indiana Pacers,2025-11-24,2,14,0.125,2025,TRUE
Indiana Pacers,2025-11-25,2,15,0.11764705882352941,2025,TRUE
Indiana Pacers,2025-11-26,2,15,0.11764705882352941,2025,TRUE
Indiana Pacers,2025-11-27,2,16,0.1111111111111111,2025,TRUE
Indiana Pacers,2025-11-29,3,16,0.15789473684210525,2025,TRUE
Indiana Pacers,2025-11-30,4,16,0.2,2025,TRUE
Indiana Pacers,2025-12-01,4,16,0.2,2025,TRUE
Indiana Pacers,2025-12-02,4,17,0.19047619047619047,2025,TRUE
Indiana Pacers,2025-12-03,4,17,0.19047619047619047,2025,TRUE
Indiana Pacers,2025-12-04,4,18,0.18181818181818182,2025,TRUE
Indiana Pacers,2025-12-05,4,18,0.18181818181818182,2025,TRUE
Indiana Pacers,2025-12-06,5,18,0.21739130434782608,2025,TRUE
Indiana Pacers,2025-12-07,5,18,0.21739130434782608,2025,TRUE
Indiana Pacers,2025-12-08,5,18,0.21739130434782608,2025,TRUE
Indiana Pacers,2025-12-09,6,18,0.25,2025,TRUE
Indiana Pacers,2025-12-10,6,18,0.25,2025,TRUE
Indiana Pacers,2025-12-11,6,18,0.25,2025,TRUE
Indiana Pacers,2025-12-12,6,18,0.25,2025,TRUE
Indiana Pacers,2025-12-13,6,19,0.24,2025,TRUE
Indiana Pacers,2025-12-14,6,20,0.23076923076923078,2025,TRUE
Indiana Pacers,2025-12-15,6,20,0.23076923076923078,2025,TRUE
Indiana Pacers,2025-12-16,6,20,0.23076923076923078,2025,TRUE
Indiana Pacers,2025-12-17,6,20,0.23076923076923078,2025,TRUE
Indiana Pacers,2025-12-18,6,20,0.23076923076923078,2025,TRUE
Indiana Pacers,2025-12-19,6,21,0.2222222222222222,2025,TRUE
Indiana Pacers,2025-12-20,6,21,0.2222222222222222,2025,TRUE
Indiana Pacers,2025-12-21,6,22,0.21428571428571427,2025,TRUE
Indiana Pacers,2025-12-22,6,22,0.21428571428571427,2025,TRUE
Indiana Pacers,2025-12-23,6,23,0.20689655172413793,2025,TRUE
Indiana Pacers,2025-12-24,6,24,0.2,2025,TRUE
Indiana Pacers,2025-12-25,6,24,0.2,2025,TRUE
Indiana Pacers,2025-12-26,6,24,0.2,2025,TRUE
Indiana Pacers,2025-12-27,6,25,0.1935483870967742,2025,TRUE
Indiana Pacers,2025-12-28,6,26,0.1875,2025,TRUE
Indiana Pacers,2025-12-29,6,26,0.1875,2025,TRUE
Indiana Pacers,2025-12-30,6,27,0.18181818181818182,2025,TRUE
Indiana Pacers,2025-12-31,6,28,0.17647058823529413,2025,TRUE
Indiana Pacers,2026-01-01,6,28,0.17647058823529413,2026,FALSE
Indiana Pacers,2026-01-02,6,28,0.17647058823529413,2026,FALSE
Indiana Pacers,2026-01-03,6,29,0.17142857142857143,2026,FALSE
Indiana Pacers,2026-01-04,6,30,0.16666666666666666,2026,FALSE
Indiana Pacers,2026-01-05,6,30,0.16666666666666666,2026,FALSE
Indiana Pacers,2026-01-06,6,30,0.16666666666666666,2026,FALSE
Indiana Pacers,2026-01-07,6,31,0.16216216216216217,2026,FALSE
Indiana Pacers,2026-01-08,6,31,0.16216216216216217,2026,FALSE
Indiana Pacers,2026-01-09,7,31,0.18421052631578946,2026,FALSE
Indiana Pacers,2026-01-10,7,31,0.18421052631578946,2026,FALSE
Indiana Pacers,2026-01-11,8,31,0.20512820512820512,2026,FALSE
Indiana Pacers,2026-01-12,8,31,0.20512820512820512,2026,FALSE
Indiana Pacers,2026-01-13,9,31,0.225,2026,FALSE
Indiana Pacers,2026-01-14,9,31,0.225,2026,FALSE
Indiana Pacers,2026-01-15,9,32,0.21951219512195122,2026,FALSE
Indiana Pacers,2026-01-16,9,32,0.21951219512195122,2026,FALSE
Indiana Pacers,2026-01-17,10,32,0.23809523809523808,2026,FALSE
Indiana Pacers,2026-01-18,10,33,0.23255813953488372,2026,FALSE
Indiana Pacers,2026-01-19,10,33,0.23255813953488372,2026,FALSE
Indiana Pacers,2026-01-20,10,34,0.22727272727272727,2026,FALSE
Indiana Pacers,2026-01-21,10,34,0.22727272727272727,2026,FALSE
Indiana Pacers,2026-01-22,10,35,0.2222222222222222,2026,FALSE
Indiana Pacers,2026-01-23,10,35,0.2222222222222222,2026,FALSE
Indiana Pacers,2026-01-24,11,35,0.2391304347826087,2026,FALSE
Indiana Pacers,2026-01-25,11,35,0.2391304347826087,2026,FALSE
Indiana Pacers,2026-01-26,11,36,0.23404255319148937,2026,FALSE
Indiana Pacers,2026-01-27,11,36,0.23404255319148937,2026,FALSE
Indiana Pacers,2026-01-28,11,36,0.23404255319148937,2026,FALSE
Indiana Pacers,2026-01-29,12,36,0.25,2026,FALSE
Indiana Pacers,2026-01-30,12,36,0.25,2026,FALSE
Indiana Pacers,2026-01-31,12,36,0.25,2026,FALSE
Indiana Pacers,2026-02-01,13,36,0.2653061224489796,2026,FALSE
Indiana Pacers,2026-02-02,13,36,0.2653061224489796,2026,FALSE
Indiana Pacers,2026-02-03,13,37,0.26,2026,FALSE
Indiana Pacers,2026-02-04,13,38,0.2549019607843137,2026,FALSE
Indiana Pacers,2026-02-05,13,38,0.2549019607843137,2026,FALSE
Indiana Pacers,2026-02-06,13,38,0.2549019607843137,2026,FALSE
Indiana Pacers,2026-02-07,13,39,0.25,2026,FALSE
Indiana Pacers,2026-02-08,13,40,0.24528301886792453,2026,FALSE
Indiana Pacers,2026-02-10,13,40,0.24528301886792453,2026,FALSE
Indiana Pacers,2026-02-11,14,40,0.25925925925925924,2026,FALSE
Indiana Pacers,2026-02-12,15,40,0.2727272727272727,2026,FALSE
Indiana Pacers,2026-02-13,15,40,0.2727272727272727,2026,FALSE
Indiana Pacers,2026-02-15,15,40,0.2727272727272727,2026,FALSE
Indiana Pacers,2026-02-16,15,40,0.2727272727272727,2026,FALSE
Indiana Pacers,2026-02-20,15,41,0.26785714285714285,2026,FALSE
Indiana Pacers,2026-02-21,15,42,0.2631578947368421,2026,FALSE
Indiana Pacers,2026-02-22,15,43,0.25862068965517243,2026,FALSE
Indiana Pacers,2026-02-23,15,43,0.25862068965517243,2026,FALSE
Indiana Pacers,2026-02-24,15,43,0.25862068965517243,2026,FALSE
Indiana Pacers,2026-02-25,15,44,0.2542372881355932,2026,FALSE
Indiana Pacers,2026-02-26,15,44,0.2542372881355932,2026,FALSE
Indiana Pacers,2026-02-27,15,45,0.25,2026,FALSE
Indiana Pacers,2026-02-28,15,45,0.25,2026,FALSE
Indiana Pacers,2026-03-01,15,46,0.2459016393442623,2026,FALSE
Indiana Pacers,2026-03-02,15,46,0.2459016393442623,2026,FALSE
Indiana Pacers,2026-03-03,15,46,0.2459016393442623,2026,FALSE
Indiana Pacers,2026-03-04,15,46,0.2459016393442623,2026,FALSE
Indiana Pacers,2026-03-05,15,47,0.24193548387096775,2026,FALSE
Indiana Pacers,2026-03-06,15,47,0.24193548387096775,2026,FALSE
Indiana Pacers,2026-03-07,15,48,0.23809523809523808,2026,FALSE
Indiana Pacers,2026-03-08,15,48,0.23809523809523808,2026,FALSE
Indiana Pacers,2026-03-09,15,49,0.234375,2026,FALSE
Indiana Pacers,2026-03-10,15,49,0.234375,2026,FALSE
Indiana Pacers,2026-03-11,15,50,0.23076923076923078,2026,FALSE
Indiana Pacers,2026-03-12,15,51,0.22727272727272727,2026,FALSE
Indiana Pacers,2026-03-13,15,52,0.22388059701492538,2026,FALSE
Indiana Pacers,2026-03-14,15,52,0.22388059701492538,2026,FALSE
Indiana Pacers,2026-03-15,15,53,0.22058823529411764,2026,FALSE
Indiana Pacers,2026-03-16,15,53,0.22058823529411764,2026,FALSE
Indiana Pacers,2026-03-17,15,54,0.21739130434782608,2026,FALSE
Indiana Pacers,2026-03-18,15,55,0.21428571428571427,2026,FALSE
Indiana Pacers,2026-03-19,15,55,0.21428571428571427,2026,FALSE
Indiana Pacers,2026-03-20,15,55,0.21428571428571427,2026,FALSE
Indiana Pacers,2026-03-21,15,55,0.21428571428571427,2026,FALSE
Indiana Pacers,2026-03-22,15,56,0.2112676056338028,2026,FALSE
Indiana Pacers,2026-03-23,16,56,0.2222222222222222,2026,FALSE
Indiana Pacers,2026-03-24,16,56,0.2222222222222222,2026,FALSE
Indiana Pacers,2026-03-25,16,57,0.2191780821917808,2026,FALSE
Indiana Pacers,2026-03-26,16,57,0.2191780821917808,2026,FALSE
Indiana Pacers,2026-03-27,16,58,0.21621621621621623,2026,FALSE
Indiana Pacers,2026-03-28,16,58,0.21621621621621623,2026,FALSE
Indiana Pacers,2026-03-29,17,58,0.22666666666666666,2026,FALSE
Indiana Pacers,2026-03-30,17,58,0.22666666666666666,2026,FALSE
Indiana Pacers,2026-03-31,17,58,0.22666666666666666,2026,FALSE
Indiana Pacers,2026-04-01,17,58,0.22666666666666666,2026,FALSE
Indiana Pacers,2026-04-02,18,58,0.23684210526315788,2026,FALSE
Indiana Pacers,2026-04-03,18,59,0.23376623376623376,2026,FALSE
Indiana Pacers,2026-04-04,18,59,0.23376623376623376,2026,FALSE
Indiana Pacers,2026-04-05,18,60,0.23076923076923078,2026,FALSE
Indiana Pacers,2026-04-06,18,60,0.23076923076923078,2026,FALSE
Indiana Pacers,2026-04-07,18,61,0.22784810126582278,2026,FALSE
Indiana Pacers,2026-04-08,18,61,0.22784810126582278,2026,FALSE
Indiana Pacers,2026-04-09,19,61,0.2375,2026,FALSE
Indiana Pacers,2026-04-10,19,62,0.2345679012345679,2026,FALSE
Indiana Pacers,2026-04-11,19,62,0.2345679012345679,2026,FALSE
Indiana Pacers,2026-04-12,19,63,0.23170731707317074,2026,FALSE
Indiana Pacers,2026-04-13,19,63,0.23170731707317074,2026,FALSE
Indiana Pacers,2026-04-14,19,63,0.23170731707317074,2026,FALSE
Indiana Pacers,2026-04-15,19,63,0.23170731707317074,2026,FALSE
Indiana Pacers,2026-04-16,19,63,0.23170731707317074,2026,FALSE
Indiana Pacers,2026-04-17,19,63,0.23170731707317074,2026,FALSE
Indiana Pacers,2026-04-18,19,63,0.23170731707317074,2026,FALSE
Indiana Pacers,2026-04-19,19,63,0.23170731707317074,2026,FALSE
Indiana Pacers,2026-04-20,19,63,0.23170731707317074,2026,FALSE
Indiana Pacers,2026-04-21,19,63,0.23170731707317074,2026,FALSE
Indiana Pacers,2026-04-22,19,63,0.23170731707317074,2026,FALSE
Indiana Pacers,2026-04-23,19,63,0.23170731707317074,2026,FALSE
LA Clippers,2025-10-21,NA,NA,NA,2025,TRUE
LA Clippers,2025-10-22,NA,NA,NA,2025,TRUE
LA Clippers,2025-10-23,0,1,0,2025,TRUE
LA Clippers,2025-10-24,0,1,0,2025,TRUE
LA Clippers,2025-10-25,1,1,0.5,2025,TRUE
LA Clippers,2025-10-26,1,1,0.5,2025,TRUE
LA Clippers,2025-10-27,2,1,0.6666666666666666,2025,TRUE
LA Clippers,2025-10-28,2,1,0.6666666666666666,2025,TRUE
LA Clippers,2025-10-29,2,2,0.5,2025,TRUE
LA Clippers,2025-10-30,2,2,0.5,2025,TRUE
LA Clippers,2025-10-31,2,2,0.5,2025,TRUE
LA Clippers,2025-11-01,3,2,0.6,2025,TRUE
LA Clippers,2025-11-02,3,2,0.6,2025,TRUE
LA Clippers,2025-11-03,3,2,0.6,2025,TRUE
LA Clippers,2025-11-04,3,3,0.5,2025,TRUE
LA Clippers,2025-11-05,3,4,0.42857142857142855,2025,TRUE
LA Clippers,2025-11-06,3,4,0.42857142857142855,2025,TRUE
LA Clippers,2025-11-07,3,5,0.375,2025,TRUE
LA Clippers,2025-11-08,3,5,0.375,2025,TRUE
LA Clippers,2025-11-09,3,6,0.3333333333333333,2025,TRUE
LA Clippers,2025-11-10,3,6,0.3333333333333333,2025,TRUE
LA Clippers,2025-11-11,3,7,0.3,2025,TRUE
LA Clippers,2025-11-12,3,7,0.3,2025,TRUE
LA Clippers,2025-11-13,3,8,0.2727272727272727,2025,TRUE
LA Clippers,2025-11-14,3,8,0.2727272727272727,2025,TRUE
LA Clippers,2025-11-15,4,8,0.3333333333333333,2025,TRUE
LA Clippers,2025-11-16,4,9,0.3076923076923077,2025,TRUE
LA Clippers,2025-11-17,4,9,0.3076923076923077,2025,TRUE
LA Clippers,2025-11-18,4,10,0.2857142857142857,2025,TRUE
LA Clippers,2025-11-19,4,10,0.2857142857142857,2025,TRUE
LA Clippers,2025-11-20,4,10,0.2857142857142857,2025,TRUE
LA Clippers,2025-11-21,4,11,0.26666666666666666,2025,TRUE
LA Clippers,2025-11-22,5,11,0.3125,2025,TRUE
LA Clippers,2025-11-23,5,12,0.29411764705882354,2025,TRUE
LA Clippers,2025-11-24,5,12,0.29411764705882354,2025,TRUE
LA Clippers,2025-11-25,5,12,0.29411764705882354,2025,TRUE
LA Clippers,2025-11-26,5,13,0.2777777777777778,2025,TRUE
LA Clippers,2025-11-27,5,13,0.2777777777777778,2025,TRUE
LA Clippers,2025-11-29,5,14,0.2631578947368421,2025,TRUE
LA Clippers,2025-11-30,5,15,0.25,2025,TRUE
LA Clippers,2025-12-01,5,15,0.25,2025,TRUE
LA Clippers,2025-12-02,5,16,0.23809523809523808,2025,TRUE
LA Clippers,2025-12-03,5,16,0.23809523809523808,2025,TRUE
LA Clippers,2025-12-04,6,16,0.2727272727272727,2025,TRUE
LA Clippers,2025-12-05,6,16,0.2727272727272727,2025,TRUE
LA Clippers,2025-12-06,6,17,0.2608695652173913,2025,TRUE
LA Clippers,2025-12-07,6,18,0.25,2025,TRUE
LA Clippers,2025-12-08,6,18,0.25,2025,TRUE
LA Clippers,2025-12-09,6,18,0.25,2025,TRUE
LA Clippers,2025-12-10,6,18,0.25,2025,TRUE
LA Clippers,2025-12-11,6,18,0.25,2025,TRUE
LA Clippers,2025-12-12,6,19,0.24,2025,TRUE
LA Clippers,2025-12-13,6,19,0.24,2025,TRUE
LA Clippers,2025-12-14,6,19,0.24,2025,TRUE
LA Clippers,2025-12-15,6,19,0.24,2025,TRUE
LA Clippers,2025-12-16,6,20,0.23076923076923078,2025,TRUE
LA Clippers,2025-12-17,6,20,0.23076923076923078,2025,TRUE
LA Clippers,2025-12-18,6,20,0.23076923076923078,2025,TRUE
LA Clippers,2025-12-19,6,21,0.2222222222222222,2025,TRUE
LA Clippers,2025-12-20,6,21,0.2222222222222222,2025,TRUE
LA Clippers,2025-12-21,7,21,0.25,2025,TRUE
LA Clippers,2025-12-22,7,21,0.25,2025,TRUE
LA Clippers,2025-12-23,7,21,0.25,2025,TRUE
LA Clippers,2025-12-24,8,21,0.27586206896551724,2025,TRUE
LA Clippers,2025-12-25,8,21,0.27586206896551724,2025,TRUE
LA Clippers,2025-12-26,8,21,0.27586206896551724,2025,TRUE
LA Clippers,2025-12-27,9,21,0.3,2025,TRUE
LA Clippers,2025-12-28,9,21,0.3,2025,TRUE
LA Clippers,2025-12-29,10,21,0.3225806451612903,2025,TRUE
LA Clippers,2025-12-30,10,21,0.3225806451612903,2025,TRUE
LA Clippers,2025-12-31,11,21,0.34375,2025,TRUE
LA Clippers,2026-01-01,11,21,0.34375,2026,TRUE
LA Clippers,2026-01-02,12,21,0.36363636363636365,2026,TRUE
LA Clippers,2026-01-03,12,21,0.36363636363636365,2026,TRUE
LA Clippers,2026-01-04,12,22,0.35294117647058826,2026,TRUE
LA Clippers,2026-01-05,12,22,0.35294117647058826,2026,TRUE
LA Clippers,2026-01-06,13,22,0.37142857142857144,2026,TRUE
LA Clippers,2026-01-07,13,22,0.37142857142857144,2026,TRUE
LA Clippers,2026-01-08,13,23,0.3611111111111111,2026,TRUE
LA Clippers,2026-01-09,13,23,0.3611111111111111,2026,TRUE
LA Clippers,2026-01-10,14,23,0.3783783783783784,2026,TRUE
LA Clippers,2026-01-11,15,23,0.39473684210526316,2026,TRUE
LA Clippers,2026-01-12,15,23,0.39473684210526316,2026,TRUE
LA Clippers,2026-01-13,16,23,0.41025641025641024,2026,TRUE
LA Clippers,2026-01-14,16,23,0.41025641025641024,2026,TRUE
LA Clippers,2026-01-15,17,23,0.425,2026,TRUE
LA Clippers,2026-01-16,17,23,0.425,2026,TRUE
LA Clippers,2026-01-17,18,23,0.43902439024390244,2026,TRUE
LA Clippers,2026-01-18,18,23,0.43902439024390244,2026,TRUE
LA Clippers,2026-01-19,19,23,0.4523809523809524,2026,TRUE
LA Clippers,2026-01-20,19,23,0.4523809523809524,2026,TRUE
LA Clippers,2026-01-21,19,24,0.4418604651162791,2026,TRUE
LA Clippers,2026-01-22,19,24,0.4418604651162791,2026,TRUE
LA Clippers,2026-01-23,20,24,0.45454545454545453,2026,TRUE
LA Clippers,2026-01-24,20,24,0.45454545454545453,2026,TRUE
LA Clippers,2026-01-25,20,24,0.45454545454545453,2026,TRUE
LA Clippers,2026-01-26,21,24,0.4666666666666667,2026,TRUE
LA Clippers,2026-01-27,21,24,0.4666666666666667,2026,TRUE
LA Clippers,2026-01-28,22,24,0.4782608695652174,2026,TRUE
LA Clippers,2026-01-29,22,24,0.4782608695652174,2026,TRUE
LA Clippers,2026-01-30,22,24,0.4782608695652174,2026,TRUE
LA Clippers,2026-01-31,22,25,0.46808510638297873,2026,TRUE
LA Clippers,2026-02-01,22,25,0.46808510638297873,2026,TRUE
LA Clippers,2026-02-02,23,25,0.4791666666666667,2026,TRUE
LA Clippers,2026-02-03,23,26,0.46938775510204084,2026,TRUE
LA Clippers,2026-02-04,23,26,0.46938775510204084,2026,TRUE
LA Clippers,2026-02-05,23,27,0.46,2026,TRUE
LA Clippers,2026-02-06,23,27,0.46,2026,TRUE
LA Clippers,2026-02-07,24,27,0.47058823529411764,2026,TRUE
LA Clippers,2026-02-08,25,27,0.4807692307692308,2026,TRUE
LA Clippers,2026-02-10,25,27,0.4807692307692308,2026,TRUE
LA Clippers,2026-02-11,25,28,0.4716981132075472,2026,TRUE
LA Clippers,2026-02-12,26,28,0.48148148148148145,2026,TRUE
LA Clippers,2026-02-13,26,28,0.48148148148148145,2026,TRUE
LA Clippers,2026-02-15,26,28,0.48148148148148145,2026,TRUE
LA Clippers,2026-02-16,26,28,0.48148148148148145,2026,TRUE
LA Clippers,2026-02-20,27,28,0.4909090909090909,2026,TRUE
LA Clippers,2026-02-21,27,29,0.48214285714285715,2026,TRUE
LA Clippers,2026-02-22,27,29,0.48214285714285715,2026,TRUE
LA Clippers,2026-02-23,27,30,0.47368421052631576,2026,TRUE
LA Clippers,2026-02-24,27,30,0.47368421052631576,2026,TRUE
LA Clippers,2026-02-25,27,30,0.47368421052631576,2026,TRUE
LA Clippers,2026-02-26,27,30,0.47368421052631576,2026,TRUE
LA Clippers,2026-02-27,27,31,0.46551724137931033,2026,TRUE
LA Clippers,2026-02-28,27,31,0.46551724137931033,2026,TRUE
LA Clippers,2026-03-01,27,31,0.46551724137931033,2026,TRUE
LA Clippers,2026-03-02,28,31,0.4745762711864407,2026,TRUE
LA Clippers,2026-03-03,29,31,0.48333333333333334,2026,TRUE
LA Clippers,2026-03-04,29,31,0.48333333333333334,2026,TRUE
LA Clippers,2026-03-05,30,31,0.4918032786885246,2026,TRUE
LA Clippers,2026-03-06,30,31,0.4918032786885246,2026,TRUE
LA Clippers,2026-03-07,30,32,0.4838709677419355,2026,TRUE
LA Clippers,2026-03-08,31,32,0.49206349206349204,2026,TRUE
LA Clippers,2026-03-09,31,32,0.49206349206349204,2026,TRUE
LA Clippers,2026-03-10,32,32,0.5,2026,TRUE
LA Clippers,2026-03-11,32,32,0.5,2026,TRUE
LA Clippers,2026-03-12,33,32,0.5076923076923077,2026,TRUE
LA Clippers,2026-03-13,33,32,0.5076923076923077,2026,TRUE
LA Clippers,2026-03-14,34,32,0.5151515151515151,2026,TRUE
LA Clippers,2026-03-15,34,33,0.5074626865671642,2026,TRUE
LA Clippers,2026-03-16,34,33,0.5074626865671642,2026,TRUE
LA Clippers,2026-03-17,34,34,0.5,2026,TRUE
LA Clippers,2026-03-18,34,34,0.5,2026,TRUE
LA Clippers,2026-03-19,34,35,0.4927536231884058,2026,TRUE
LA Clippers,2026-03-20,34,36,0.4857142857142857,2026,TRUE
LA Clippers,2026-03-21,34,36,0.4857142857142857,2026,TRUE
LA Clippers,2026-03-22,35,36,0.49295774647887325,2026,TRUE
LA Clippers,2026-03-23,35,36,0.49295774647887325,2026,TRUE
LA Clippers,2026-03-24,36,36,0.5,2026,TRUE
LA Clippers,2026-03-25,36,36,0.5,2026,TRUE
LA Clippers,2026-03-26,37,36,0.5068493150684932,2026,TRUE
LA Clippers,2026-03-27,38,36,0.5135135135135135,2026,TRUE
LA Clippers,2026-03-28,38,36,0.5135135135135135,2026,TRUE
LA Clippers,2026-03-29,39,36,0.52,2026,TRUE
LA Clippers,2026-03-30,39,36,0.52,2026,TRUE
LA Clippers,2026-03-31,39,36,0.52,2026,TRUE
LA Clippers,2026-04-01,39,37,0.5131578947368421,2026,TRUE
LA Clippers,2026-04-02,39,37,0.5131578947368421,2026,TRUE
LA Clippers,2026-04-03,39,38,0.5064935064935064,2026,TRUE
LA Clippers,2026-04-04,39,38,0.5064935064935064,2026,TRUE
LA Clippers,2026-04-05,39,38,0.5064935064935064,2026,TRUE
LA Clippers,2026-04-06,40,38,0.5128205128205128,2026,TRUE
LA Clippers,2026-04-07,40,38,0.5128205128205128,2026,TRUE
LA Clippers,2026-04-08,41,38,0.5189873417721519,2026,TRUE
LA Clippers,2026-04-09,41,39,0.5125,2026,TRUE
LA Clippers,2026-04-10,41,39,0.5125,2026,TRUE
LA Clippers,2026-04-11,41,40,0.5061728395061729,2026,TRUE
LA Clippers,2026-04-12,41,40,0.5061728395061729,2026,TRUE
LA Clippers,2026-04-13,42,40,0.5121951219512195,2026,TRUE
LA Clippers,2026-04-14,42,40,0.5121951219512195,2026,TRUE
LA Clippers,2026-04-15,42,40,0.5121951219512195,2026,TRUE
LA Clippers,2026-04-16,42,40,0.5121951219512195,2026,TRUE
LA Clippers,2026-04-17,42,40,0.5121951219512195,2026,TRUE
LA Clippers,2026-04-18,42,40,0.5121951219512195,2026,TRUE
LA Clippers,2026-04-19,42,40,0.5121951219512195,2026,TRUE
LA Clippers,2026-04-20,42,40,0.5121951219512195,2026,TRUE
LA Clippers,2026-04-21,42,40,0.5121951219512195,2026,TRUE
LA Clippers,2026-04-22,42,40,0.5121951219512195,2026,TRUE
LA Clippers,2026-04-23,42,40,0.5121951219512195,2026,TRUE
Los Angeles Lakers,2025-10-21,NA,NA,NA,2025,TRUE
Los Angeles Lakers,2025-10-22,0,1,0,2025,TRUE
Los Angeles Lakers,2025-10-23,0,1,0,2025,TRUE
Los Angeles Lakers,2025-10-24,0,1,0,2025,TRUE
Los Angeles Lakers,2025-10-25,1,1,0.5,2025,TRUE
Los Angeles Lakers,2025-10-26,1,1,0.5,2025,TRUE
Los Angeles Lakers,2025-10-27,2,1,0.6666666666666666,2025,TRUE
Los Angeles Lakers,2025-10-28,2,2,0.5,2025,TRUE
Los Angeles Lakers,2025-10-29,2,2,0.5,2025,TRUE
Los Angeles Lakers,2025-10-30,3,2,0.6,2025,TRUE
Los Angeles Lakers,2025-10-31,3,2,0.6,2025,TRUE
Los Angeles Lakers,2025-11-01,4,2,0.6666666666666666,2025,TRUE
Los Angeles Lakers,2025-11-02,4,2,0.6666666666666666,2025,TRUE
Los Angeles Lakers,2025-11-03,5,2,0.7142857142857143,2025,TRUE
Los Angeles Lakers,2025-11-04,6,2,0.75,2025,TRUE
Los Angeles Lakers,2025-11-05,6,2,0.75,2025,TRUE
Los Angeles Lakers,2025-11-06,7,2,0.7777777777777778,2025,TRUE
Los Angeles Lakers,2025-11-07,7,2,0.7777777777777778,2025,TRUE
Los Angeles Lakers,2025-11-08,7,2,0.7777777777777778,2025,TRUE
Los Angeles Lakers,2025-11-09,7,3,0.7,2025,TRUE
Los Angeles Lakers,2025-11-10,7,3,0.7,2025,TRUE
Los Angeles Lakers,2025-11-11,8,3,0.7272727272727273,2025,TRUE
Los Angeles Lakers,2025-11-12,8,3,0.7272727272727273,2025,TRUE
Los Angeles Lakers,2025-11-13,8,4,0.6666666666666666,2025,TRUE
Los Angeles Lakers,2025-11-14,8,4,0.6666666666666666,2025,TRUE
Los Angeles Lakers,2025-11-15,9,4,0.6923076923076923,2025,TRUE
Los Angeles Lakers,2025-11-16,10,4,0.7142857142857143,2025,TRUE
Los Angeles Lakers,2025-11-17,10,4,0.7142857142857143,2025,TRUE
Los Angeles Lakers,2025-11-18,10,4,0.7142857142857143,2025,TRUE
Los Angeles Lakers,2025-11-19,11,4,0.7333333333333333,2025,TRUE
Los Angeles Lakers,2025-11-20,11,4,0.7333333333333333,2025,TRUE
Los Angeles Lakers,2025-11-21,11,4,0.7333333333333333,2025,TRUE
Los Angeles Lakers,2025-11-22,11,4,0.7333333333333333,2025,TRUE
Los Angeles Lakers,2025-11-23,11,4,0.7333333333333333,2025,TRUE
Los Angeles Lakers,2025-11-24,12,4,0.75,2025,TRUE
Los Angeles Lakers,2025-11-25,12,4,0.75,2025,TRUE
Los Angeles Lakers,2025-11-26,13,4,0.7647058823529411,2025,TRUE
Los Angeles Lakers,2025-11-27,13,4,0.7647058823529411,2025,TRUE
Los Angeles Lakers,2025-11-29,14,4,0.7777777777777778,2025,TRUE
Los Angeles Lakers,2025-11-30,14,4,0.7777777777777778,2025,TRUE
Los Angeles Lakers,2025-12-01,15,4,0.7894736842105263,2025,TRUE
Los Angeles Lakers,2025-12-02,15,5,0.75,2025,TRUE
Los Angeles Lakers,2025-12-03,15,5,0.75,2025,TRUE
Los Angeles Lakers,2025-12-04,15,5,0.75,2025,TRUE
Los Angeles Lakers,2025-12-05,16,5,0.7619047619047619,2025,TRUE
Los Angeles Lakers,2025-12-06,16,6,0.7272727272727273,2025,TRUE
Los Angeles Lakers,2025-12-07,16,6,0.7272727272727273,2025,TRUE
Los Angeles Lakers,2025-12-08,17,6,0.7391304347826086,2025,TRUE
Los Angeles Lakers,2025-12-09,17,6,0.7391304347826086,2025,TRUE
Los Angeles Lakers,2025-12-10,17,6,0.7391304347826086,2025,TRUE
Los Angeles Lakers,2025-12-11,17,7,0.7083333333333334,2025,TRUE
Los Angeles Lakers,2025-12-12,17,7,0.7083333333333334,2025,TRUE
Los Angeles Lakers,2025-12-13,17,7,0.7083333333333334,2025,TRUE
Los Angeles Lakers,2025-12-14,17,7,0.7083333333333334,2025,TRUE
Los Angeles Lakers,2025-12-15,18,7,0.72,2025,TRUE
Los Angeles Lakers,2025-12-16,18,7,0.72,2025,TRUE
Los Angeles Lakers,2025-12-17,18,7,0.72,2025,TRUE
Los Angeles Lakers,2025-12-18,18,7,0.72,2025,TRUE
Los Angeles Lakers,2025-12-19,19,7,0.7307692307692307,2025,TRUE
Los Angeles Lakers,2025-12-20,19,7,0.7307692307692307,2025,TRUE
Los Angeles Lakers,2025-12-21,19,8,0.7037037037037037,2025,TRUE
Los Angeles Lakers,2025-12-22,19,8,0.7037037037037037,2025,TRUE
Los Angeles Lakers,2025-12-23,19,8,0.7037037037037037,2025,TRUE
Los Angeles Lakers,2025-12-24,19,9,0.6785714285714286,2025,TRUE
Los Angeles Lakers,2025-12-25,19,9,0.6785714285714286,2025,TRUE
Los Angeles Lakers,2025-12-26,19,10,0.6551724137931034,2025,TRUE
Los Angeles Lakers,2025-12-27,19,10,0.6551724137931034,2025,TRUE
Los Angeles Lakers,2025-12-28,19,10,0.6551724137931034,2025,TRUE
Los Angeles Lakers,2025-12-29,20,10,0.6666666666666666,2025,TRUE
Los Angeles Lakers,2025-12-30,20,10,0.6666666666666666,2025,TRUE
Los Angeles Lakers,2025-12-31,20,11,0.6451612903225806,2025,TRUE
Los Angeles Lakers,2026-01-01,20,11,0.6451612903225806,2026,TRUE
Los Angeles Lakers,2026-01-02,20,11,0.6451612903225806,2026,TRUE
Los Angeles Lakers,2026-01-03,21,11,0.65625,2026,TRUE
Los Angeles Lakers,2026-01-04,21,11,0.65625,2026,TRUE
Los Angeles Lakers,2026-01-05,22,11,0.6666666666666666,2026,TRUE
Los Angeles Lakers,2026-01-06,22,11,0.6666666666666666,2026,TRUE
Los Angeles Lakers,2026-01-07,23,11,0.6764705882352942,2026,TRUE
Los Angeles Lakers,2026-01-08,23,12,0.6571428571428571,2026,TRUE
Los Angeles Lakers,2026-01-09,23,12,0.6571428571428571,2026,TRUE
Los Angeles Lakers,2026-01-10,23,13,0.6388888888888888,2026,TRUE
Los Angeles Lakers,2026-01-11,23,13,0.6388888888888888,2026,TRUE
Los Angeles Lakers,2026-01-12,23,13,0.6388888888888888,2026,TRUE
Los Angeles Lakers,2026-01-13,23,14,0.6216216216216216,2026,TRUE
Los Angeles Lakers,2026-01-14,24,14,0.631578947368421,2026,TRUE
Los Angeles Lakers,2026-01-15,24,14,0.631578947368421,2026,TRUE
Los Angeles Lakers,2026-01-16,24,15,0.6153846153846154,2026,TRUE
Los Angeles Lakers,2026-01-17,24,15,0.6153846153846154,2026,TRUE
Los Angeles Lakers,2026-01-18,24,16,0.6,2026,TRUE
Los Angeles Lakers,2026-01-19,25,16,0.6097560975609756,2026,TRUE
Los Angeles Lakers,2026-01-20,25,16,0.6097560975609756,2026,TRUE
Los Angeles Lakers,2026-01-21,26,16,0.6190476190476191,2026,TRUE
Los Angeles Lakers,2026-01-22,26,16,0.6190476190476191,2026,TRUE
Los Angeles Lakers,2026-01-23,26,17,0.6046511627906976,2026,TRUE
Los Angeles Lakers,2026-01-24,26,17,0.6046511627906976,2026,TRUE
Los Angeles Lakers,2026-01-25,27,17,0.6136363636363636,2026,TRUE
Los Angeles Lakers,2026-01-26,27,17,0.6136363636363636,2026,TRUE
Los Angeles Lakers,2026-01-27,28,17,0.6222222222222222,2026,TRUE
Los Angeles Lakers,2026-01-28,28,17,0.6222222222222222,2026,TRUE
Los Angeles Lakers,2026-01-29,28,18,0.6086956521739131,2026,TRUE
Los Angeles Lakers,2026-01-30,28,18,0.6086956521739131,2026,TRUE
Los Angeles Lakers,2026-01-31,29,18,0.6170212765957447,2026,TRUE
Los Angeles Lakers,2026-02-01,29,18,0.6170212765957447,2026,TRUE
Los Angeles Lakers,2026-02-02,29,19,0.6041666666666666,2026,TRUE
Los Angeles Lakers,2026-02-03,29,19,0.6041666666666666,2026,TRUE
Los Angeles Lakers,2026-02-04,30,19,0.6122448979591837,2026,TRUE
Los Angeles Lakers,2026-02-05,30,19,0.6122448979591837,2026,TRUE
Los Angeles Lakers,2026-02-06,31,19,0.62,2026,TRUE
Los Angeles Lakers,2026-02-07,31,19,0.62,2026,TRUE
Los Angeles Lakers,2026-02-08,32,19,0.6274509803921569,2026,TRUE
Los Angeles Lakers,2026-02-10,32,20,0.6153846153846154,2026,TRUE
Los Angeles Lakers,2026-02-11,32,21,0.6037735849056604,2026,TRUE
Los Angeles Lakers,2026-02-12,32,21,0.6037735849056604,2026,TRUE
Los Angeles Lakers,2026-02-13,33,21,0.6111111111111112,2026,TRUE
Los Angeles Lakers,2026-02-15,33,21,0.6111111111111112,2026,TRUE
Los Angeles Lakers,2026-02-16,33,21,0.6111111111111112,2026,TRUE
Los Angeles Lakers,2026-02-20,33,21,0.6111111111111112,2026,TRUE
Los Angeles Lakers,2026-02-21,34,21,0.6181818181818182,2026,TRUE
Los Angeles Lakers,2026-02-22,34,22,0.6071428571428571,2026,TRUE
Los Angeles Lakers,2026-02-23,34,22,0.6071428571428571,2026,TRUE
Los Angeles Lakers,2026-02-24,34,22,0.6071428571428571,2026,TRUE
Los Angeles Lakers,2026-02-25,34,23,0.5964912280701754,2026,TRUE
Los Angeles Lakers,2026-02-26,34,23,0.5964912280701754,2026,TRUE
Los Angeles Lakers,2026-02-27,34,24,0.5862068965517241,2026,TRUE
Los Angeles Lakers,2026-02-28,34,24,0.5862068965517241,2026,TRUE
Los Angeles Lakers,2026-03-01,35,24,0.5932203389830508,2026,TRUE
Los Angeles Lakers,2026-03-02,36,24,0.6,2026,TRUE
Los Angeles Lakers,2026-03-03,36,24,0.6,2026,TRUE
Los Angeles Lakers,2026-03-04,37,24,0.6065573770491803,2026,TRUE
Los Angeles Lakers,2026-03-05,37,24,0.6065573770491803,2026,TRUE
Los Angeles Lakers,2026-03-06,37,25,0.5967741935483871,2026,TRUE
Los Angeles Lakers,2026-03-07,38,25,0.6031746031746031,2026,TRUE
Los Angeles Lakers,2026-03-08,39,25,0.609375,2026,TRUE
Los Angeles Lakers,2026-03-09,39,25,0.609375,2026,TRUE
Los Angeles Lakers,2026-03-10,39,25,0.609375,2026,TRUE
Los Angeles Lakers,2026-03-11,40,25,0.6153846153846154,2026,TRUE
Los Angeles Lakers,2026-03-12,40,25,0.6153846153846154,2026,TRUE
Los Angeles Lakers,2026-03-13,41,25,0.6212121212121212,2026,TRUE
Los Angeles Lakers,2026-03-14,41,25,0.6212121212121212,2026,TRUE
Los Angeles Lakers,2026-03-15,42,25,0.6268656716417911,2026,TRUE
Los Angeles Lakers,2026-03-16,42,25,0.6268656716417911,2026,TRUE
Los Angeles Lakers,2026-03-17,43,25,0.6323529411764706,2026,TRUE
Los Angeles Lakers,2026-03-18,43,25,0.6323529411764706,2026,TRUE
Los Angeles Lakers,2026-03-19,44,25,0.6376811594202898,2026,TRUE
Los Angeles Lakers,2026-03-20,45,25,0.6428571428571429,2026,TRUE
Los Angeles Lakers,2026-03-21,46,25,0.647887323943662,2026,TRUE
Los Angeles Lakers,2026-03-22,46,25,0.647887323943662,2026,TRUE
Los Angeles Lakers,2026-03-23,46,26,0.6388888888888888,2026,TRUE
Los Angeles Lakers,2026-03-24,46,26,0.6388888888888888,2026,TRUE
Los Angeles Lakers,2026-03-25,47,26,0.6438356164383562,2026,TRUE
Los Angeles Lakers,2026-03-26,47,26,0.6438356164383562,2026,TRUE
Los Angeles Lakers,2026-03-27,47,26,0.6438356164383562,2026,TRUE
Los Angeles Lakers,2026-03-28,48,26,0.6486486486486487,2026,TRUE
Los Angeles Lakers,2026-03-29,48,26,0.6486486486486487,2026,TRUE
Los Angeles Lakers,2026-03-30,48,26,0.6486486486486487,2026,TRUE
Los Angeles Lakers,2026-03-31,49,26,0.6533333333333333,2026,TRUE
Los Angeles Lakers,2026-04-01,50,26,0.6578947368421053,2026,TRUE
Los Angeles Lakers,2026-04-02,50,26,0.6578947368421053,2026,TRUE
Los Angeles Lakers,2026-04-03,50,27,0.6493506493506493,2026,TRUE
Los Angeles Lakers,2026-04-04,50,27,0.6493506493506493,2026,TRUE
Los Angeles Lakers,2026-04-05,50,28,0.6410256410256411,2026,TRUE
Los Angeles Lakers,2026-04-06,50,28,0.6410256410256411,2026,TRUE
Los Angeles Lakers,2026-04-07,50,28,0.6410256410256411,2026,TRUE
Los Angeles Lakers,2026-04-08,50,29,0.6329113924050633,2026,TRUE
Los Angeles Lakers,2026-04-09,50,29,0.6329113924050633,2026,TRUE
Los Angeles Lakers,2026-04-10,51,29,0.6375,2026,TRUE
Los Angeles Lakers,2026-04-11,52,29,0.6419753086419753,2026,TRUE
Los Angeles Lakers,2026-04-12,52,29,0.6419753086419753,2026,TRUE
Los Angeles Lakers,2026-04-13,53,29,0.6463414634146342,2026,TRUE
Los Angeles Lakers,2026-04-14,53,29,0.6463414634146342,2026,TRUE
Los Angeles Lakers,2026-04-15,53,29,0.6463414634146342,2026,TRUE
Los Angeles Lakers,2026-04-16,53,29,0.6463414634146342,2026,TRUE
Los Angeles Lakers,2026-04-17,53,29,0.6463414634146342,2026,TRUE
Los Angeles Lakers,2026-04-18,53,29,0.6463414634146342,2026,TRUE
Los Angeles Lakers,2026-04-19,53,29,0.6463414634146342,2026,TRUE
Los Angeles Lakers,2026-04-20,53,29,0.6463414634146342,2026,TRUE
Los Angeles Lakers,2026-04-21,53,29,0.6463414634146342,2026,TRUE
Los Angeles Lakers,2026-04-22,53,29,0.6463414634146342,2026,TRUE
Los Angeles Lakers,2026-04-23,53,29,0.6463414634146342,2026,TRUE
Memphis Grizzlies,2025-10-21,NA,NA,NA,2025,TRUE
Memphis Grizzlies,2025-10-22,NA,NA,NA,2025,TRUE
Memphis Grizzlies,2025-10-23,1,0,1,2025,TRUE
Memphis Grizzlies,2025-10-24,1,0,1,2025,TRUE
Memphis Grizzlies,2025-10-25,1,1,0.5,2025,TRUE
Memphis Grizzlies,2025-10-26,2,1,0.6666666666666666,2025,TRUE
Memphis Grizzlies,2025-10-27,2,1,0.6666666666666666,2025,TRUE
Memphis Grizzlies,2025-10-28,2,2,0.5,2025,TRUE
Memphis Grizzlies,2025-10-29,2,2,0.5,2025,TRUE
Memphis Grizzlies,2025-10-30,3,2,0.6,2025,TRUE
Memphis Grizzlies,2025-10-31,3,2,0.6,2025,TRUE
Memphis Grizzlies,2025-11-01,3,3,0.5,2025,TRUE
Memphis Grizzlies,2025-11-02,3,4,0.42857142857142855,2025,TRUE
Memphis Grizzlies,2025-11-03,3,4,0.42857142857142855,2025,TRUE
Memphis Grizzlies,2025-11-04,3,5,0.375,2025,TRUE
Memphis Grizzlies,2025-11-05,3,5,0.375,2025,TRUE
Memphis Grizzlies,2025-11-06,3,6,0.3333333333333333,2025,TRUE
Memphis Grizzlies,2025-11-07,3,6,0.3333333333333333,2025,TRUE
Memphis Grizzlies,2025-11-08,4,6,0.4,2025,TRUE
Memphis Grizzlies,2025-11-09,4,7,0.36363636363636365,2025,TRUE
Memphis Grizzlies,2025-11-10,4,7,0.36363636363636365,2025,TRUE
Memphis Grizzlies,2025-11-11,4,7,0.36363636363636365,2025,TRUE
Memphis Grizzlies,2025-11-12,4,8,0.3333333333333333,2025,TRUE
Memphis Grizzlies,2025-11-13,4,9,0.3076923076923077,2025,TRUE
Memphis Grizzlies,2025-11-14,4,9,0.3076923076923077,2025,TRUE
Memphis Grizzlies,2025-11-15,4,10,0.2857142857142857,2025,TRUE
Memphis Grizzlies,2025-11-16,4,10,0.2857142857142857,2025,TRUE
Memphis Grizzlies,2025-11-17,4,10,0.2857142857142857,2025,TRUE
Memphis Grizzlies,2025-11-18,4,10,0.2857142857142857,2025,TRUE
Memphis Grizzlies,2025-11-19,4,11,0.26666666666666666,2025,TRUE
Memphis Grizzlies,2025-11-20,4,11,0.26666666666666666,2025,TRUE
Memphis Grizzlies,2025-11-21,5,11,0.3125,2025,TRUE
Memphis Grizzlies,2025-11-22,5,11,0.3125,2025,TRUE
Memphis Grizzlies,2025-11-23,6,11,0.35294117647058826,2025,TRUE
Memphis Grizzlies,2025-11-24,6,11,0.35294117647058826,2025,TRUE
Memphis Grizzlies,2025-11-25,6,12,0.3333333333333333,2025,TRUE
Memphis Grizzlies,2025-11-26,6,12,0.3333333333333333,2025,TRUE
Memphis Grizzlies,2025-11-27,7,12,0.3684210526315789,2025,TRUE
Memphis Grizzlies,2025-11-29,8,12,0.4,2025,TRUE
Memphis Grizzlies,2025-11-30,8,12,0.4,2025,TRUE
Memphis Grizzlies,2025-12-01,9,12,0.42857142857142855,2025,TRUE
Memphis Grizzlies,2025-12-02,9,12,0.42857142857142855,2025,TRUE
Memphis Grizzlies,2025-12-03,9,13,0.4090909090909091,2025,TRUE
Memphis Grizzlies,2025-12-04,9,13,0.4090909090909091,2025,TRUE
Memphis Grizzlies,2025-12-05,9,13,0.4090909090909091,2025,TRUE
Memphis Grizzlies,2025-12-06,10,13,0.43478260869565216,2025,TRUE
Memphis Grizzlies,2025-12-07,11,13,0.4583333333333333,2025,TRUE
Memphis Grizzlies,2025-12-08,11,13,0.4583333333333333,2025,TRUE
Memphis Grizzlies,2025-12-09,11,13,0.4583333333333333,2025,TRUE
Memphis Grizzlies,2025-12-10,11,13,0.4583333333333333,2025,TRUE
Memphis Grizzlies,2025-12-11,11,13,0.4583333333333333,2025,TRUE
Memphis Grizzlies,2025-12-12,11,13,0.4583333333333333,2025,TRUE
Memphis Grizzlies,2025-12-13,11,14,0.44,2025,TRUE
Memphis Grizzlies,2025-12-14,11,14,0.44,2025,TRUE
Memphis Grizzlies,2025-12-15,11,14,0.44,2025,TRUE
Memphis Grizzlies,2025-12-16,12,14,0.46153846153846156,2025,TRUE
Memphis Grizzlies,2025-12-17,12,14,0.46153846153846156,2025,TRUE
Memphis Grizzlies,2025-12-18,13,14,0.48148148148148145,2025,TRUE
Memphis Grizzlies,2025-12-19,13,14,0.48148148148148145,2025,TRUE
Memphis Grizzlies,2025-12-20,13,14,0.48148148148148145,2025,TRUE
Memphis Grizzlies,2025-12-21,13,15,0.4642857142857143,2025,TRUE
Memphis Grizzlies,2025-12-22,13,15,0.4642857142857143,2025,TRUE
Memphis Grizzlies,2025-12-23,13,16,0.4482758620689655,2025,TRUE
Memphis Grizzlies,2025-12-24,14,16,0.4666666666666667,2025,TRUE
Memphis Grizzlies,2025-12-25,14,16,0.4666666666666667,2025,TRUE
Memphis Grizzlies,2025-12-26,14,16,0.4666666666666667,2025,TRUE
Memphis Grizzlies,2025-12-27,15,16,0.4838709677419355,2025,TRUE
Memphis Grizzlies,2025-12-28,15,17,0.46875,2025,TRUE
Memphis Grizzlies,2025-12-29,15,17,0.46875,2025,TRUE
Memphis Grizzlies,2025-12-30,15,17,0.46875,2025,TRUE
Memphis Grizzlies,2025-12-31,15,18,0.45454545454545453,2025,TRUE
Memphis Grizzlies,2026-01-01,15,18,0.45454545454545453,2026,FALSE
Memphis Grizzlies,2026-01-02,15,18,0.45454545454545453,2026,FALSE
Memphis Grizzlies,2026-01-03,15,19,0.4411764705882353,2026,FALSE
Memphis Grizzlies,2026-01-04,15,19,0.4411764705882353,2026,FALSE
Memphis Grizzlies,2026-01-05,15,20,0.42857142857142855,2026,FALSE
Memphis Grizzlies,2026-01-06,15,20,0.42857142857142855,2026,FALSE
Memphis Grizzlies,2026-01-07,16,20,0.4444444444444444,2026,FALSE
Memphis Grizzlies,2026-01-08,16,21,0.43243243243243246,2026,FALSE
Memphis Grizzlies,2026-01-09,16,21,0.43243243243243246,2026,FALSE
Memphis Grizzlies,2026-01-10,16,22,0.42105263157894735,2026,FALSE
Memphis Grizzlies,2026-01-11,17,22,0.4358974358974359,2026,FALSE
Memphis Grizzlies,2026-01-12,17,22,0.4358974358974359,2026,FALSE
Memphis Grizzlies,2026-01-13,17,22,0.4358974358974359,2026,FALSE
Memphis Grizzlies,2026-01-14,17,22,0.4358974358974359,2026,FALSE
Memphis Grizzlies,2026-01-15,17,23,0.425,2026,FALSE
Memphis Grizzlies,2026-01-16,17,23,0.425,2026,FALSE
Memphis Grizzlies,2026-01-17,17,23,0.425,2026,FALSE
Memphis Grizzlies,2026-01-18,18,23,0.43902439024390244,2026,FALSE
Memphis Grizzlies,2026-01-19,18,23,0.43902439024390244,2026,FALSE
Memphis Grizzlies,2026-01-20,18,23,0.43902439024390244,2026,FALSE
Memphis Grizzlies,2026-01-21,18,23,0.43902439024390244,2026,FALSE
Memphis Grizzlies,2026-01-22,18,24,0.42857142857142855,2026,FALSE
Memphis Grizzlies,2026-01-23,18,24,0.42857142857142855,2026,FALSE
Memphis Grizzlies,2026-01-24,18,25,0.4186046511627907,2026,FALSE
Memphis Grizzlies,2026-01-25,18,25,0.4186046511627907,2026,FALSE
Memphis Grizzlies,2026-01-26,18,25,0.4186046511627907,2026,FALSE
Memphis Grizzlies,2026-01-27,18,26,0.4090909090909091,2026,FALSE
Memphis Grizzlies,2026-01-28,18,26,0.4090909090909091,2026,FALSE
Memphis Grizzlies,2026-01-29,18,27,0.4,2026,FALSE
Memphis Grizzlies,2026-01-30,18,27,0.4,2026,FALSE
Memphis Grizzlies,2026-01-31,18,28,0.391304347826087,2026,FALSE
Memphis Grizzlies,2026-02-01,18,29,0.3829787234042553,2026,FALSE
Memphis Grizzlies,2026-02-02,18,29,0.3829787234042553,2026,FALSE
Memphis Grizzlies,2026-02-03,19,29,0.3958333333333333,2026,FALSE
Memphis Grizzlies,2026-02-04,19,29,0.3958333333333333,2026,FALSE
Memphis Grizzlies,2026-02-05,20,29,0.40816326530612246,2026,FALSE
Memphis Grizzlies,2026-02-06,20,29,0.40816326530612246,2026,FALSE
Memphis Grizzlies,2026-02-07,20,30,0.4,2026,FALSE
Memphis Grizzlies,2026-02-08,20,31,0.39215686274509803,2026,FALSE
Memphis Grizzlies,2026-02-10,20,32,0.38461538461538464,2026,FALSE
Memphis Grizzlies,2026-02-11,20,32,0.38461538461538464,2026,FALSE
Memphis Grizzlies,2026-02-12,20,33,0.37735849056603776,2026,FALSE
Memphis Grizzlies,2026-02-13,20,33,0.37735849056603776,2026,FALSE
Memphis Grizzlies,2026-02-15,20,33,0.37735849056603776,2026,FALSE
Memphis Grizzlies,2026-02-16,20,33,0.37735849056603776,2026,FALSE
Memphis Grizzlies,2026-02-20,20,33,0.37735849056603776,2026,FALSE
Memphis Grizzlies,2026-02-21,21,33,0.3888888888888889,2026,FALSE
Memphis Grizzlies,2026-02-22,21,34,0.38181818181818183,2026,FALSE
Memphis Grizzlies,2026-02-23,21,34,0.38181818181818183,2026,FALSE
Memphis Grizzlies,2026-02-24,21,35,0.375,2026,FALSE
Memphis Grizzlies,2026-02-25,21,35,0.375,2026,FALSE
Memphis Grizzlies,2026-02-26,21,36,0.3684210526315789,2026,FALSE
Memphis Grizzlies,2026-02-27,21,36,0.3684210526315789,2026,FALSE
Memphis Grizzlies,2026-02-28,22,36,0.3793103448275862,2026,FALSE
Memphis Grizzlies,2026-03-01,23,36,0.3898305084745763,2026,FALSE
Memphis Grizzlies,2026-03-02,23,36,0.3898305084745763,2026,FALSE
Memphis Grizzlies,2026-03-03,23,36,0.3898305084745763,2026,FALSE
Memphis Grizzlies,2026-03-04,23,37,0.38333333333333336,2026,FALSE
Memphis Grizzlies,2026-03-05,23,38,0.3770491803278688,2026,FALSE
Memphis Grizzlies,2026-03-06,23,38,0.3770491803278688,2026,FALSE
Memphis Grizzlies,2026-03-07,23,38,0.3770491803278688,2026,FALSE
Memphis Grizzlies,2026-03-08,23,39,0.3709677419354839,2026,FALSE
Memphis Grizzlies,2026-03-09,23,40,0.36507936507936506,2026,FALSE
Memphis Grizzlies,2026-03-10,23,41,0.359375,2026,FALSE
Memphis Grizzlies,2026-03-11,23,41,0.359375,2026,FALSE
Memphis Grizzlies,2026-03-12,23,41,0.359375,2026,FALSE
Memphis Grizzlies,2026-03-13,23,42,0.35384615384615387,2026,FALSE
Memphis Grizzlies,2026-03-14,23,42,0.35384615384615387,2026,FALSE
Memphis Grizzlies,2026-03-15,23,42,0.35384615384615387,2026,FALSE
Memphis Grizzlies,2026-03-16,23,42,0.35384615384615387,2026,FALSE
Memphis Grizzlies,2026-03-17,23,44,0.34328358208955223,2026,FALSE
Memphis Grizzlies,2026-03-18,23,44,0.34328358208955223,2026,FALSE
Memphis Grizzlies,2026-03-19,24,44,0.35294117647058826,2026,FALSE
Memphis Grizzlies,2026-03-20,24,44,0.35294117647058826,2026,FALSE
Memphis Grizzlies,2026-03-21,24,45,0.34782608695652173,2026,FALSE
Memphis Grizzlies,2026-03-22,24,45,0.34782608695652173,2026,FALSE
Memphis Grizzlies,2026-03-23,24,47,0.3380281690140845,2026,FALSE
Memphis Grizzlies,2026-03-24,24,47,0.3380281690140845,2026,FALSE
Memphis Grizzlies,2026-03-25,24,47,0.3380281690140845,2026,FALSE
Memphis Grizzlies,2026-03-26,24,48,0.3333333333333333,2026,FALSE
Memphis Grizzlies,2026-03-27,24,48,0.3333333333333333,2026,FALSE
Memphis Grizzlies,2026-03-28,24,49,0.3287671232876712,2026,FALSE
Memphis Grizzlies,2026-03-29,25,49,0.33783783783783783,2026,FALSE
Memphis Grizzlies,2026-03-30,25,49,0.33783783783783783,2026,FALSE
Memphis Grizzlies,2026-03-31,25,50,0.3333333333333333,2026,FALSE
Memphis Grizzlies,2026-04-01,25,50,0.3333333333333333,2026,FALSE
Memphis Grizzlies,2026-04-02,25,51,0.32894736842105265,2026,FALSE
Memphis Grizzlies,2026-04-03,25,51,0.32894736842105265,2026,FALSE
Memphis Grizzlies,2026-04-04,25,52,0.3246753246753247,2026,FALSE
Memphis Grizzlies,2026-04-05,25,53,0.32051282051282054,2026,FALSE
Memphis Grizzlies,2026-04-06,25,53,0.32051282051282054,2026,FALSE
Memphis Grizzlies,2026-04-07,25,54,0.31645569620253167,2026,FALSE
Memphis Grizzlies,2026-04-08,25,54,0.31645569620253167,2026,FALSE
Memphis Grizzlies,2026-04-09,25,55,0.3125,2026,FALSE
Memphis Grizzlies,2026-04-10,25,55,0.3125,2026,FALSE
Memphis Grizzlies,2026-04-11,25,56,0.30864197530864196,2026,FALSE
Memphis Grizzlies,2026-04-12,25,56,0.30864197530864196,2026,FALSE
Memphis Grizzlies,2026-04-13,25,57,0.3048780487804878,2026,FALSE
Memphis Grizzlies,2026-04-14,25,57,0.3048780487804878,2026,FALSE
Memphis Grizzlies,2026-04-15,25,57,0.3048780487804878,2026,FALSE
Memphis Grizzlies,2026-04-16,25,57,0.3048780487804878,2026,FALSE
Memphis Grizzlies,2026-04-17,25,57,0.3048780487804878,2026,FALSE
Memphis Grizzlies,2026-04-18,25,57,0.3048780487804878,2026,FALSE
Memphis Grizzlies,2026-04-19,25,57,0.3048780487804878,2026,FALSE
Memphis Grizzlies,2026-04-20,25,57,0.3048780487804878,2026,FALSE
Memphis Grizzlies,2026-04-21,25,57,0.3048780487804878,2026,FALSE
Memphis Grizzlies,2026-04-22,25,57,0.3048780487804878,2026,FALSE
Memphis Grizzlies,2026-04-23,25,57,0.3048780487804878,2026,FALSE
Miami Heat,2025-10-21,NA,NA,NA,2025,TRUE
Miami Heat,2025-10-22,0,1,0,2025,TRUE
Miami Heat,2025-10-23,0,1,0,2025,TRUE
Miami Heat,2025-10-24,0,1,0,2025,TRUE
Miami Heat,2025-10-25,1,1,0.5,2025,TRUE
Miami Heat,2025-10-26,2,1,0.6666666666666666,2025,TRUE
Miami Heat,2025-10-27,2,1,0.6666666666666666,2025,TRUE
Miami Heat,2025-10-28,3,1,0.75,2025,TRUE
Miami Heat,2025-10-29,3,1,0.75,2025,TRUE
Miami Heat,2025-10-30,3,1,0.75,2025,TRUE
Miami Heat,2025-10-31,3,2,0.6,2025,TRUE
Miami Heat,2025-11-01,3,2,0.6,2025,TRUE
Miami Heat,2025-11-02,3,2,0.6,2025,TRUE
Miami Heat,2025-11-03,3,3,0.5,2025,TRUE
Miami Heat,2025-11-04,4,3,0.5714285714285714,2025,TRUE
Miami Heat,2025-11-05,4,3,0.5714285714285714,2025,TRUE
Miami Heat,2025-11-06,4,4,0.5,2025,TRUE
Miami Heat,2025-11-07,4,4,0.5,2025,TRUE
Miami Heat,2025-11-08,5,4,0.5555555555555556,2025,TRUE
Miami Heat,2025-11-09,6,4,0.6,2025,TRUE
Miami Heat,2025-11-10,6,4,0.6,2025,TRUE
Miami Heat,2025-11-11,7,4,0.6363636363636364,2025,TRUE
Miami Heat,2025-11-12,7,4,0.6363636363636364,2025,TRUE
Miami Heat,2025-11-13,7,5,0.5833333333333334,2025,TRUE
Miami Heat,2025-11-14,7,5,0.5833333333333334,2025,TRUE
Miami Heat,2025-11-15,7,6,0.5384615384615384,2025,TRUE
Miami Heat,2025-11-16,7,6,0.5384615384615384,2025,TRUE
Miami Heat,2025-11-17,7,6,0.5384615384615384,2025,TRUE
Miami Heat,2025-11-18,8,6,0.5714285714285714,2025,TRUE
Miami Heat,2025-11-19,8,6,0.5714285714285714,2025,TRUE
Miami Heat,2025-11-20,9,6,0.6,2025,TRUE
Miami Heat,2025-11-21,9,6,0.6,2025,TRUE
Miami Heat,2025-11-22,10,6,0.625,2025,TRUE
Miami Heat,2025-11-23,11,6,0.6470588235294118,2025,TRUE
Miami Heat,2025-11-24,11,6,0.6470588235294118,2025,TRUE
Miami Heat,2025-11-25,12,6,0.6666666666666666,2025,TRUE
Miami Heat,2025-11-26,12,6,0.6666666666666666,2025,TRUE
Miami Heat,2025-11-27,13,6,0.6842105263157895,2025,TRUE
Miami Heat,2025-11-29,13,6,0.6842105263157895,2025,TRUE
Miami Heat,2025-11-30,13,7,0.65,2025,TRUE
Miami Heat,2025-12-01,13,7,0.65,2025,TRUE
Miami Heat,2025-12-02,14,7,0.6666666666666666,2025,TRUE
Miami Heat,2025-12-03,14,7,0.6666666666666666,2025,TRUE
Miami Heat,2025-12-04,14,8,0.6363636363636364,2025,TRUE
Miami Heat,2025-12-05,14,8,0.6363636363636364,2025,TRUE
Miami Heat,2025-12-06,14,9,0.6086956521739131,2025,TRUE
Miami Heat,2025-12-07,14,10,0.5833333333333334,2025,TRUE
Miami Heat,2025-12-08,14,10,0.5833333333333334,2025,TRUE
Miami Heat,2025-12-09,14,11,0.56,2025,TRUE
Miami Heat,2025-12-10,14,11,0.56,2025,TRUE
Miami Heat,2025-12-11,14,11,0.56,2025,TRUE
Miami Heat,2025-12-12,14,11,0.56,2025,TRUE
Miami Heat,2025-12-13,14,11,0.56,2025,TRUE
Miami Heat,2025-12-14,14,11,0.56,2025,TRUE
Miami Heat,2025-12-15,14,11,0.56,2025,TRUE
Miami Heat,2025-12-16,14,12,0.5384615384615384,2025,TRUE
Miami Heat,2025-12-17,14,12,0.5384615384615384,2025,TRUE
Miami Heat,2025-12-18,14,12,0.5384615384615384,2025,TRUE
Miami Heat,2025-12-19,15,12,0.5555555555555556,2025,TRUE
Miami Heat,2025-12-20,15,13,0.5357142857142857,2025,TRUE
Miami Heat,2025-12-21,15,14,0.5172413793103449,2025,TRUE
Miami Heat,2025-12-22,15,14,0.5172413793103449,2025,TRUE
Miami Heat,2025-12-23,15,14,0.5172413793103449,2025,TRUE
Miami Heat,2025-12-24,15,15,0.5,2025,TRUE
Miami Heat,2025-12-25,15,15,0.5,2025,TRUE
Miami Heat,2025-12-26,15,15,0.5,2025,TRUE
Miami Heat,2025-12-27,16,15,0.5161290322580645,2025,TRUE
Miami Heat,2025-12-28,17,15,0.53125,2025,TRUE
Miami Heat,2025-12-29,17,15,0.53125,2025,TRUE
Miami Heat,2025-12-30,18,15,0.5454545454545454,2025,TRUE
Miami Heat,2025-12-31,18,15,0.5454545454545454,2025,TRUE
Miami Heat,2026-01-01,18,15,0.5454545454545454,2026,TRUE
Miami Heat,2026-01-02,19,15,0.5588235294117647,2026,TRUE
Miami Heat,2026-01-03,19,16,0.5428571428571428,2026,TRUE
Miami Heat,2026-01-04,20,16,0.5555555555555556,2026,TRUE
Miami Heat,2026-01-05,20,16,0.5555555555555556,2026,TRUE
Miami Heat,2026-01-06,20,16,0.5555555555555556,2026,TRUE
Miami Heat,2026-01-07,20,17,0.5405405405405406,2026,TRUE
Miami Heat,2026-01-08,20,17,0.5405405405405406,2026,TRUE
Miami Heat,2026-01-09,20,17,0.5405405405405406,2026,TRUE
Miami Heat,2026-01-10,20,17,0.5405405405405406,2026,TRUE
Miami Heat,2026-01-11,20,18,0.5263157894736842,2026,TRUE
Miami Heat,2026-01-12,20,19,0.5128205128205128,2026,TRUE
Miami Heat,2026-01-13,20,19,0.5128205128205128,2026,TRUE
Miami Heat,2026-01-14,21,19,0.525,2026,TRUE
Miami Heat,2026-01-15,21,19,0.525,2026,TRUE
Miami Heat,2026-01-16,21,20,0.5121951219512195,2026,TRUE
Miami Heat,2026-01-17,21,20,0.5121951219512195,2026,TRUE
Miami Heat,2026-01-18,22,20,0.5238095238095238,2026,TRUE
Miami Heat,2026-01-19,22,20,0.5238095238095238,2026,TRUE
Miami Heat,2026-01-20,22,21,0.5116279069767442,2026,TRUE
Miami Heat,2026-01-21,23,21,0.5227272727272727,2026,TRUE
Miami Heat,2026-01-22,23,21,0.5227272727272727,2026,TRUE
Miami Heat,2026-01-23,23,22,0.5111111111111111,2026,TRUE
Miami Heat,2026-01-24,23,22,0.5111111111111111,2026,TRUE
Miami Heat,2026-01-25,24,22,0.5217391304347826,2026,TRUE
Miami Heat,2026-01-26,25,22,0.5319148936170213,2026,TRUE
Miami Heat,2026-01-27,25,22,0.5319148936170213,2026,TRUE
Miami Heat,2026-01-28,25,22,0.5319148936170213,2026,TRUE
Miami Heat,2026-01-29,25,23,0.5208333333333334,2026,TRUE
Miami Heat,2026-01-30,26,23,0.5306122448979592,2026,TRUE
Miami Heat,2026-01-31,26,23,0.5306122448979592,2026,TRUE
Miami Heat,2026-02-01,26,24,0.52,2026,TRUE
Miami Heat,2026-02-02,26,24,0.52,2026,TRUE
Miami Heat,2026-02-03,26,24,0.52,2026,TRUE
Miami Heat,2026-02-04,27,25,0.5192307692307693,2026,TRUE
Miami Heat,2026-02-05,27,25,0.5192307692307693,2026,TRUE
Miami Heat,2026-02-06,27,25,0.5192307692307693,2026,TRUE
Miami Heat,2026-02-07,27,26,0.5094339622641509,2026,TRUE
Miami Heat,2026-02-08,28,26,0.5185185185185185,2026,TRUE
Miami Heat,2026-02-10,28,27,0.509090909090909,2026,TRUE
Miami Heat,2026-02-11,28,27,0.509090909090909,2026,TRUE
Miami Heat,2026-02-12,29,27,0.5178571428571429,2026,TRUE
Miami Heat,2026-02-13,29,27,0.5178571428571429,2026,TRUE
Miami Heat,2026-02-15,29,27,0.5178571428571429,2026,TRUE
Miami Heat,2026-02-16,29,27,0.5178571428571429,2026,TRUE
Miami Heat,2026-02-20,29,27,0.5178571428571429,2026,TRUE
Miami Heat,2026-02-21,30,27,0.5263157894736842,2026,TRUE
Miami Heat,2026-02-22,31,27,0.5344827586206896,2026,TRUE
Miami Heat,2026-02-23,31,27,0.5344827586206896,2026,TRUE
Miami Heat,2026-02-24,31,27,0.5344827586206896,2026,TRUE
Miami Heat,2026-02-25,31,28,0.5254237288135594,2026,TRUE
Miami Heat,2026-02-26,31,28,0.5254237288135594,2026,TRUE
Miami Heat,2026-02-27,31,29,0.5166666666666667,2026,TRUE
Miami Heat,2026-02-28,32,29,0.5245901639344263,2026,TRUE
Miami Heat,2026-03-01,32,29,0.5245901639344263,2026,TRUE
Miami Heat,2026-03-02,32,29,0.5245901639344263,2026,TRUE
Miami Heat,2026-03-03,32,29,0.5245901639344263,2026,TRUE
Miami Heat,2026-03-04,33,29,0.532258064516129,2026,TRUE
Miami Heat,2026-03-05,33,29,0.532258064516129,2026,TRUE
Miami Heat,2026-03-06,34,29,0.5396825396825397,2026,TRUE
Miami Heat,2026-03-07,35,29,0.546875,2026,TRUE
Miami Heat,2026-03-08,36,29,0.5538461538461539,2026,TRUE
Miami Heat,2026-03-09,36,29,0.5538461538461539,2026,TRUE
Miami Heat,2026-03-10,37,29,0.5606060606060606,2026,TRUE
Miami Heat,2026-03-11,37,29,0.5606060606060606,2026,TRUE
Miami Heat,2026-03-12,38,29,0.5671641791044776,2026,TRUE
Miami Heat,2026-03-13,38,29,0.5671641791044776,2026,TRUE
Miami Heat,2026-03-14,38,29,0.5671641791044776,2026,TRUE
Miami Heat,2026-03-15,38,30,0.5588235294117647,2026,TRUE
Miami Heat,2026-03-16,38,30,0.5588235294117647,2026,TRUE
Miami Heat,2026-03-17,38,31,0.5507246376811594,2026,TRUE
Miami Heat,2026-03-18,38,31,0.5507246376811594,2026,TRUE
Miami Heat,2026-03-19,38,31,0.5507246376811594,2026,TRUE
Miami Heat,2026-03-20,38,32,0.5428571428571428,2026,TRUE
Miami Heat,2026-03-21,38,32,0.5428571428571428,2026,TRUE
Miami Heat,2026-03-22,38,33,0.5352112676056338,2026,TRUE
Miami Heat,2026-03-23,38,34,0.5277777777777778,2026,TRUE
Miami Heat,2026-03-24,38,34,0.5277777777777778,2026,TRUE
Miami Heat,2026-03-25,39,34,0.5342465753424658,2026,TRUE
Miami Heat,2026-03-26,39,34,0.5342465753424658,2026,TRUE
Miami Heat,2026-03-27,39,35,0.527027027027027,2026,TRUE
Miami Heat,2026-03-28,39,35,0.527027027027027,2026,TRUE
Miami Heat,2026-03-29,39,36,0.52,2026,TRUE
Miami Heat,2026-03-30,40,36,0.5263157894736842,2026,TRUE
Miami Heat,2026-03-31,40,36,0.5263157894736842,2026,TRUE
Miami Heat,2026-04-01,40,37,0.5194805194805194,2026,TRUE
Miami Heat,2026-04-02,40,37,0.5194805194805194,2026,TRUE
Miami Heat,2026-04-03,40,37,0.5194805194805194,2026,TRUE
Miami Heat,2026-04-04,41,37,0.5256410256410257,2026,TRUE
Miami Heat,2026-04-05,41,37,0.5256410256410257,2026,TRUE
Miami Heat,2026-04-06,41,37,0.5256410256410257,2026,TRUE
Miami Heat,2026-04-07,41,38,0.5189873417721519,2026,TRUE
Miami Heat,2026-04-08,41,38,0.5189873417721519,2026,TRUE
Miami Heat,2026-04-09,41,39,0.5125,2026,TRUE
Miami Heat,2026-04-10,42,39,0.5185185185185185,2026,TRUE
Miami Heat,2026-04-11,42,39,0.5185185185185185,2026,TRUE
Miami Heat,2026-04-12,43,39,0.524390243902439,2026,TRUE
Miami Heat,2026-04-13,43,39,0.524390243902439,2026,TRUE
Miami Heat,2026-04-14,43,39,0.524390243902439,2026,TRUE
Miami Heat,2026-04-15,43,39,0.524390243902439,2026,TRUE
Miami Heat,2026-04-16,43,39,0.524390243902439,2026,TRUE
Miami Heat,2026-04-17,43,39,0.524390243902439,2026,TRUE
Miami Heat,2026-04-18,43,39,0.524390243902439,2026,TRUE
Miami Heat,2026-04-19,43,39,0.524390243902439,2026,TRUE
Miami Heat,2026-04-20,43,39,0.524390243902439,2026,TRUE
Miami Heat,2026-04-21,43,39,0.524390243902439,2026,TRUE
Miami Heat,2026-04-22,43,39,0.524390243902439,2026,TRUE
Miami Heat,2026-04-23,43,39,0.524390243902439,2026,TRUE
Milwaukee Bucks,2025-10-21,NA,NA,NA,2025,TRUE
Milwaukee Bucks,2025-10-22,NA,NA,NA,2025,TRUE
Milwaukee Bucks,2025-10-23,1,0,1,2025,TRUE
Milwaukee Bucks,2025-10-24,2,0,1,2025,TRUE
Milwaukee Bucks,2025-10-25,2,0,1,2025,TRUE
Milwaukee Bucks,2025-10-26,2,1,0.6666666666666666,2025,TRUE
Milwaukee Bucks,2025-10-27,2,1,0.6666666666666666,2025,TRUE
Milwaukee Bucks,2025-10-28,2,1,0.6666666666666666,2025,TRUE
Milwaukee Bucks,2025-10-29,3,1,0.75,2025,TRUE
Milwaukee Bucks,2025-10-30,3,1,0.75,2025,TRUE
Milwaukee Bucks,2025-10-31,4,1,0.8,2025,TRUE
Milwaukee Bucks,2025-11-01,4,2,0.6666666666666666,2025,TRUE
Milwaukee Bucks,2025-11-02,4,2,0.6666666666666666,2025,TRUE
Milwaukee Bucks,2025-11-03,4,2,0.6666666666666666,2025,TRUE
Milwaukee Bucks,2025-11-04,5,2,0.7142857142857143,2025,TRUE
Milwaukee Bucks,2025-11-05,5,3,0.625,2025,TRUE
Milwaukee Bucks,2025-11-06,5,3,0.625,2025,TRUE
Milwaukee Bucks,2025-11-07,5,3,0.625,2025,TRUE
Milwaukee Bucks,2025-11-08,6,3,0.6666666666666666,2025,TRUE
Milwaukee Bucks,2025-11-09,6,4,0.6,2025,TRUE
Milwaukee Bucks,2025-11-10,6,4,0.6,2025,TRUE
Milwaukee Bucks,2025-11-11,7,4,0.6363636363636364,2025,TRUE
Milwaukee Bucks,2025-11-12,7,4,0.6363636363636364,2025,TRUE
Milwaukee Bucks,2025-11-13,7,5,0.5833333333333334,2025,TRUE
Milwaukee Bucks,2025-11-14,7,5,0.5833333333333334,2025,TRUE
Milwaukee Bucks,2025-11-15,8,5,0.6153846153846154,2025,TRUE
Milwaukee Bucks,2025-11-16,8,6,0.5714285714285714,2025,TRUE
Milwaukee Bucks,2025-11-17,8,6,0.5714285714285714,2025,TRUE
Milwaukee Bucks,2025-11-18,8,7,0.5333333333333333,2025,TRUE
Milwaukee Bucks,2025-11-19,8,7,0.5333333333333333,2025,TRUE
Milwaukee Bucks,2025-11-20,8,7,0.5333333333333333,2025,TRUE
Milwaukee Bucks,2025-11-21,8,8,0.5,2025,TRUE
Milwaukee Bucks,2025-11-22,8,8,0.5,2025,TRUE
Milwaukee Bucks,2025-11-23,8,9,0.47058823529411764,2025,TRUE
Milwaukee Bucks,2025-11-24,8,9,0.47058823529411764,2025,TRUE
Milwaukee Bucks,2025-11-25,8,10,0.4444444444444444,2025,TRUE
Milwaukee Bucks,2025-11-26,8,10,0.4444444444444444,2025,TRUE
Milwaukee Bucks,2025-11-27,8,11,0.42105263157894735,2025,TRUE
Milwaukee Bucks,2025-11-29,8,12,0.4,2025,TRUE
Milwaukee Bucks,2025-11-30,9,12,0.42857142857142855,2025,TRUE
Milwaukee Bucks,2025-12-01,9,12,0.42857142857142855,2025,TRUE
Milwaukee Bucks,2025-12-02,9,13,0.4090909090909091,2025,TRUE
Milwaukee Bucks,2025-12-03,9,13,0.4090909090909091,2025,TRUE
Milwaukee Bucks,2025-12-04,10,13,0.43478260869565216,2025,TRUE
Milwaukee Bucks,2025-12-05,10,13,0.43478260869565216,2025,TRUE
Milwaukee Bucks,2025-12-06,32,50,0.3902439024390244,2025,TRUE
Milwaukee Bucks,2025-12-07,10,15,0.4,2025,TRUE
Milwaukee Bucks,2025-12-08,10,15,0.4,2025,TRUE
Milwaukee Bucks,2025-12-09,10,15,0.4,2025,TRUE
Milwaukee Bucks,2025-12-10,10,15,0.4,2025,TRUE
Milwaukee Bucks,2025-12-11,10,15,0.4,2025,TRUE
Milwaukee Bucks,2025-12-12,11,15,0.4230769230769231,2025,TRUE
Milwaukee Bucks,2025-12-13,11,15,0.4230769230769231,2025,TRUE
Milwaukee Bucks,2025-12-14,11,16,0.4074074074074074,2025,TRUE
Milwaukee Bucks,2025-12-15,11,16,0.4074074074074074,2025,TRUE
Milwaukee Bucks,2025-12-16,11,16,0.4074074074074074,2025,TRUE
Milwaukee Bucks,2025-12-17,11,16,0.4074074074074074,2025,TRUE
Milwaukee Bucks,2025-12-18,11,16,0.4074074074074074,2025,TRUE
Milwaukee Bucks,2025-12-19,11,17,0.39285714285714285,2025,TRUE
Milwaukee Bucks,2025-12-20,11,17,0.39285714285714285,2025,TRUE
Milwaukee Bucks,2025-12-21,11,17,0.39285714285714285,2025,TRUE
Milwaukee Bucks,2025-12-22,11,18,0.3793103448275862,2025,TRUE
Milwaukee Bucks,2025-12-23,11,18,0.3793103448275862,2025,TRUE
Milwaukee Bucks,2025-12-24,12,18,0.4,2025,TRUE
Milwaukee Bucks,2025-12-25,12,18,0.4,2025,TRUE
Milwaukee Bucks,2025-12-26,12,18,0.4,2025,TRUE
Milwaukee Bucks,2025-12-27,12,19,0.3870967741935484,2025,TRUE
Milwaukee Bucks,2025-12-28,13,19,0.40625,2025,TRUE
Milwaukee Bucks,2025-12-29,13,19,0.40625,2025,TRUE
Milwaukee Bucks,2025-12-30,14,19,0.42424242424242425,2025,TRUE
Milwaukee Bucks,2025-12-31,14,19,0.42424242424242425,2025,TRUE
Milwaukee Bucks,2026-01-01,14,20,0.4117647058823529,2026,FALSE
Milwaukee Bucks,2026-01-02,14,20,0.4117647058823529,2026,FALSE
Milwaukee Bucks,2026-01-03,15,20,0.42857142857142855,2026,FALSE
Milwaukee Bucks,2026-01-04,15,20,0.42857142857142855,2026,FALSE
Milwaukee Bucks,2026-01-05,16,20,0.4444444444444444,2026,FALSE
Milwaukee Bucks,2026-01-06,16,20,0.4444444444444444,2026,FALSE
Milwaukee Bucks,2026-01-07,16,20,0.4444444444444444,2026,FALSE
Milwaukee Bucks,2026-01-08,16,21,0.43243243243243246,2026,FALSE
Milwaukee Bucks,2026-01-09,16,21,0.43243243243243246,2026,FALSE
Milwaukee Bucks,2026-01-10,17,21,0.4473684210526316,2026,FALSE
Milwaukee Bucks,2026-01-11,17,21,0.4473684210526316,2026,FALSE
Milwaukee Bucks,2026-01-12,17,22,0.4358974358974359,2026,FALSE
Milwaukee Bucks,2026-01-13,17,22,0.4358974358974359,2026,FALSE
Milwaukee Bucks,2026-01-14,17,23,0.425,2026,FALSE
Milwaukee Bucks,2026-01-15,17,23,0.425,2026,FALSE
Milwaukee Bucks,2026-01-16,17,24,0.4146341463414634,2026,FALSE
Milwaukee Bucks,2026-01-17,17,24,0.4146341463414634,2026,FALSE
Milwaukee Bucks,2026-01-18,17,24,0.4146341463414634,2026,FALSE
Milwaukee Bucks,2026-01-19,18,24,0.42857142857142855,2026,FALSE
Milwaukee Bucks,2026-01-20,18,24,0.42857142857142855,2026,FALSE
Milwaukee Bucks,2026-01-21,18,24,0.42857142857142855,2026,FALSE
Milwaukee Bucks,2026-01-22,18,25,0.4186046511627907,2026,FALSE
Milwaukee Bucks,2026-01-23,18,25,0.4186046511627907,2026,FALSE
Milwaukee Bucks,2026-01-24,18,26,0.4090909090909091,2026,FALSE
Milwaukee Bucks,2026-01-25,18,26,0.4090909090909091,2026,FALSE
Milwaukee Bucks,2026-01-26,18,26,0.4090909090909091,2026,FALSE
Milwaukee Bucks,2026-01-27,18,26,0.4090909090909091,2026,FALSE
Milwaukee Bucks,2026-01-28,18,27,0.4,2026,FALSE
Milwaukee Bucks,2026-01-29,18,27,0.4,2026,FALSE
Milwaukee Bucks,2026-01-30,18,28,0.391304347826087,2026,FALSE
Milwaukee Bucks,2026-01-31,18,28,0.391304347826087,2026,FALSE
Milwaukee Bucks,2026-02-01,18,29,0.3829787234042553,2026,FALSE
Milwaukee Bucks,2026-02-02,18,29,0.3829787234042553,2026,FALSE
Milwaukee Bucks,2026-02-03,18,29,0.3829787234042553,2026,FALSE
Milwaukee Bucks,2026-02-04,19,29,0.3958333333333333,2026,FALSE
Milwaukee Bucks,2026-02-05,20,29,0.40816326530612246,2026,FALSE
Milwaukee Bucks,2026-02-06,20,29,0.40816326530612246,2026,FALSE
Milwaukee Bucks,2026-02-07,21,29,0.42,2026,FALSE
Milwaukee Bucks,2026-02-08,21,29,0.42,2026,FALSE
Milwaukee Bucks,2026-02-10,21,30,0.4117647058823529,2026,FALSE
Milwaukee Bucks,2026-02-11,21,30,0.4117647058823529,2026,FALSE
Milwaukee Bucks,2026-02-12,22,30,0.4230769230769231,2026,FALSE
Milwaukee Bucks,2026-02-13,23,30,0.4339622641509434,2026,FALSE
Milwaukee Bucks,2026-02-15,23,30,0.4339622641509434,2026,FALSE
Milwaukee Bucks,2026-02-16,23,30,0.4339622641509434,2026,FALSE
Milwaukee Bucks,2026-02-20,23,30,0.4339622641509434,2026,FALSE
Milwaukee Bucks,2026-02-21,24,30,0.4444444444444444,2026,FALSE
Milwaukee Bucks,2026-02-22,24,31,0.43636363636363634,2026,FALSE
Milwaukee Bucks,2026-02-23,24,31,0.43636363636363634,2026,FALSE
Milwaukee Bucks,2026-02-24,24,31,0.43636363636363634,2026,FALSE
Milwaukee Bucks,2026-02-25,25,31,0.44642857142857145,2026,FALSE
Milwaukee Bucks,2026-02-26,26,31,0.45614035087719296,2026,FALSE
Milwaukee Bucks,2026-02-27,26,31,0.45614035087719296,2026,FALSE
Milwaukee Bucks,2026-02-28,26,32,0.4482758620689655,2026,FALSE
Milwaukee Bucks,2026-03-01,26,33,0.4406779661016949,2026,FALSE
Milwaukee Bucks,2026-03-02,26,33,0.4406779661016949,2026,FALSE
Milwaukee Bucks,2026-03-03,26,34,0.43333333333333335,2026,FALSE
Milwaukee Bucks,2026-03-04,26,34,0.43333333333333335,2026,FALSE
Milwaukee Bucks,2026-03-05,26,35,0.4262295081967213,2026,FALSE
Milwaukee Bucks,2026-03-06,26,35,0.4262295081967213,2026,FALSE
Milwaukee Bucks,2026-03-07,26,35,0.4262295081967213,2026,FALSE
Milwaukee Bucks,2026-03-08,27,35,0.43548387096774194,2026,FALSE
Milwaukee Bucks,2026-03-09,27,36,0.42857142857142855,2026,FALSE
Milwaukee Bucks,2026-03-10,27,36,0.42857142857142855,2026,FALSE
Milwaukee Bucks,2026-03-11,27,37,0.421875,2026,FALSE
Milwaukee Bucks,2026-03-12,27,38,0.4153846153846154,2026,FALSE
Milwaukee Bucks,2026-03-13,27,38,0.4153846153846154,2026,FALSE
Milwaukee Bucks,2026-03-14,27,39,0.4090909090909091,2026,FALSE
Milwaukee Bucks,2026-03-15,28,39,0.417910447761194,2026,FALSE
Milwaukee Bucks,2026-03-16,28,39,0.417910447761194,2026,FALSE
Milwaukee Bucks,2026-03-17,28,39,0.417910447761194,2026,FALSE
Milwaukee Bucks,2026-03-18,28,40,0.4117647058823529,2026,FALSE
Milwaukee Bucks,2026-03-19,28,40,0.4117647058823529,2026,FALSE
Milwaukee Bucks,2026-03-20,28,41,0.4057971014492754,2026,FALSE
Milwaukee Bucks,2026-03-21,28,41,0.4057971014492754,2026,FALSE
Milwaukee Bucks,2026-03-22,29,41,0.4142857142857143,2026,FALSE
Milwaukee Bucks,2026-03-23,29,41,0.4142857142857143,2026,FALSE
Milwaukee Bucks,2026-03-24,29,42,0.4084507042253521,2026,FALSE
Milwaukee Bucks,2026-03-25,29,42,0.4084507042253521,2026,FALSE
Milwaukee Bucks,2026-03-26,29,43,0.4027777777777778,2026,FALSE
Milwaukee Bucks,2026-03-27,29,43,0.4027777777777778,2026,FALSE
Milwaukee Bucks,2026-03-28,29,44,0.3972602739726027,2026,FALSE
Milwaukee Bucks,2026-03-29,29,45,0.3918918918918919,2026,FALSE
Milwaukee Bucks,2026-03-30,29,45,0.3918918918918919,2026,FALSE
Milwaukee Bucks,2026-03-31,29,45,0.3918918918918919,2026,FALSE
Milwaukee Bucks,2026-04-01,30,45,0.4,2026,FALSE
Milwaukee Bucks,2026-04-02,30,46,0.39473684210526316,2026,FALSE
Milwaukee Bucks,2026-04-03,30,46,0.39473684210526316,2026,FALSE
Milwaukee Bucks,2026-04-04,30,47,0.38961038961038963,2026,FALSE
Milwaukee Bucks,2026-04-05,31,47,0.3974358974358974,2026,FALSE
Milwaukee Bucks,2026-04-06,31,47,0.3974358974358974,2026,FALSE
Milwaukee Bucks,2026-04-07,31,48,0.3924050632911392,2026,FALSE
Milwaukee Bucks,2026-04-08,31,49,0.3875,2026,FALSE
Milwaukee Bucks,2026-04-09,31,49,0.3875,2026,FALSE
Milwaukee Bucks,2026-04-10,31,49,0.3875,2026,FALSE
Milwaukee Bucks,2026-04-11,32,49,0.3950617283950617,2026,FALSE
Milwaukee Bucks,2026-04-12,32,50,0.3902439024390244,2026,FALSE
Milwaukee Bucks,2026-04-13,32,50,0.3902439024390244,2026,FALSE
Milwaukee Bucks,2026-04-14,32,50,0.3902439024390244,2026,FALSE
Milwaukee Bucks,2026-04-15,32,50,0.3902439024390244,2026,FALSE
Milwaukee Bucks,2026-04-16,32,50,0.3902439024390244,2026,FALSE
Milwaukee Bucks,2026-04-17,32,50,0.3902439024390244,2026,FALSE
Milwaukee Bucks,2026-04-18,32,50,0.3902439024390244,2026,FALSE
Milwaukee Bucks,2026-04-19,32,50,0.3902439024390244,2026,FALSE
Milwaukee Bucks,2026-04-20,32,50,0.3902439024390244,2026,FALSE
Milwaukee Bucks,2026-04-21,32,50,0.3902439024390244,2026,FALSE
Milwaukee Bucks,2026-04-22,32,50,0.3902439024390244,2026,FALSE
Milwaukee Bucks,2026-04-23,32,50,0.3902439024390244,2026,FALSE
Minnesota Timberwolves,2025-10-21,NA,NA,NA,2025,TRUE
Minnesota Timberwolves,2025-10-22,NA,NA,NA,2025,TRUE
Minnesota Timberwolves,2025-10-23,1,0,1,2025,TRUE
Minnesota Timberwolves,2025-10-24,1,0,1,2025,TRUE
Minnesota Timberwolves,2025-10-25,1,1,0.5,2025,TRUE
Minnesota Timberwolves,2025-10-26,2,1,0.6666666666666666,2025,TRUE
Minnesota Timberwolves,2025-10-27,2,1,0.6666666666666666,2025,TRUE
Minnesota Timberwolves,2025-10-28,2,2,0.5,2025,TRUE
Minnesota Timberwolves,2025-10-29,2,2,0.5,2025,TRUE
Minnesota Timberwolves,2025-10-30,2,3,0.4,2025,TRUE
Minnesota Timberwolves,2025-10-31,2,3,0.4,2025,TRUE
Minnesota Timberwolves,2025-11-01,3,3,0.5,2025,TRUE
Minnesota Timberwolves,2025-11-02,3,3,0.5,2025,TRUE
Minnesota Timberwolves,2025-11-03,3,3,0.5,2025,TRUE
Minnesota Timberwolves,2025-11-04,4,3,0.5714285714285714,2025,TRUE
Minnesota Timberwolves,2025-11-05,4,3,0.5714285714285714,2025,TRUE
Minnesota Timberwolves,2025-11-06,4,4,0.5,2025,TRUE
Minnesota Timberwolves,2025-11-07,4,4,0.5,2025,TRUE
Minnesota Timberwolves,2025-11-08,5,4,0.5555555555555556,2025,TRUE
Minnesota Timberwolves,2025-11-09,5,4,0.5555555555555556,2025,TRUE
Minnesota Timberwolves,2025-11-10,6,4,0.6,2025,TRUE
Minnesota Timberwolves,2025-11-11,7,4,0.6363636363636364,2025,TRUE
Minnesota Timberwolves,2025-11-12,7,4,0.6363636363636364,2025,TRUE
Minnesota Timberwolves,2025-11-13,7,4,0.6363636363636364,2025,TRUE
Minnesota Timberwolves,2025-11-14,7,4,0.6363636363636364,2025,TRUE
Minnesota Timberwolves,2025-11-15,8,4,0.6666666666666666,2025,TRUE
Minnesota Timberwolves,2025-11-16,8,5,0.6153846153846154,2025,TRUE
Minnesota Timberwolves,2025-11-17,8,5,0.6153846153846154,2025,TRUE
Minnesota Timberwolves,2025-11-18,9,5,0.6428571428571429,2025,TRUE
Minnesota Timberwolves,2025-11-19,9,5,0.6428571428571429,2025,TRUE
Minnesota Timberwolves,2025-11-20,10,5,0.6666666666666666,2025,TRUE
Minnesota Timberwolves,2025-11-21,10,5,0.6666666666666666,2025,TRUE
Minnesota Timberwolves,2025-11-22,10,6,0.625,2025,TRUE
Minnesota Timberwolves,2025-11-23,10,6,0.625,2025,TRUE
Minnesota Timberwolves,2025-11-24,10,6,0.625,2025,TRUE
Minnesota Timberwolves,2025-11-25,10,7,0.5882352941176471,2025,TRUE
Minnesota Timberwolves,2025-11-26,10,7,0.5882352941176471,2025,TRUE
Minnesota Timberwolves,2025-11-27,10,8,0.5555555555555556,2025,TRUE
Minnesota Timberwolves,2025-11-29,11,8,0.5789473684210527,2025,TRUE
Minnesota Timberwolves,2025-11-30,11,8,0.5789473684210527,2025,TRUE
Minnesota Timberwolves,2025-12-01,12,8,0.6,2025,TRUE
Minnesota Timberwolves,2025-12-02,12,8,0.6,2025,TRUE
Minnesota Timberwolves,2025-12-03,13,8,0.6190476190476191,2025,TRUE
Minnesota Timberwolves,2025-12-04,13,8,0.6190476190476191,2025,TRUE
Minnesota Timberwolves,2025-12-05,14,8,0.6363636363636364,2025,TRUE
Minnesota Timberwolves,2025-12-06,14,8,0.6363636363636364,2025,TRUE
Minnesota Timberwolves,2025-12-07,15,8,0.6521739130434783,2025,TRUE
Minnesota Timberwolves,2025-12-08,15,8,0.6521739130434783,2025,TRUE
Minnesota Timberwolves,2025-12-09,15,9,0.625,2025,TRUE
Minnesota Timberwolves,2025-12-10,15,9,0.625,2025,TRUE
Minnesota Timberwolves,2025-12-11,15,9,0.625,2025,TRUE
Minnesota Timberwolves,2025-12-12,15,9,0.625,2025,TRUE
Minnesota Timberwolves,2025-12-13,16,9,0.64,2025,TRUE
Minnesota Timberwolves,2025-12-14,16,9,0.64,2025,TRUE
Minnesota Timberwolves,2025-12-15,17,9,0.6538461538461539,2025,TRUE
Minnesota Timberwolves,2025-12-16,17,9,0.6538461538461539,2025,TRUE
Minnesota Timberwolves,2025-12-17,17,9,0.6538461538461539,2025,TRUE
Minnesota Timberwolves,2025-12-18,17,10,0.6296296296296297,2025,TRUE
Minnesota Timberwolves,2025-12-19,17,10,0.6296296296296297,2025,TRUE
Minnesota Timberwolves,2025-12-20,18,10,0.6428571428571429,2025,TRUE
Minnesota Timberwolves,2025-12-21,18,10,0.6428571428571429,2025,TRUE
Minnesota Timberwolves,2025-12-22,19,10,0.6551724137931034,2025,TRUE
Minnesota Timberwolves,2025-12-23,19,10,0.6551724137931034,2025,TRUE
Minnesota Timberwolves,2025-12-24,20,10,0.6666666666666666,2025,TRUE
Minnesota Timberwolves,2025-12-25,20,10,0.6666666666666666,2025,TRUE
Minnesota Timberwolves,2025-12-26,20,11,0.6451612903225806,2025,TRUE
Minnesota Timberwolves,2025-12-27,20,11,0.6451612903225806,2025,TRUE
Minnesota Timberwolves,2025-12-28,20,12,0.625,2025,TRUE
Minnesota Timberwolves,2025-12-29,20,12,0.625,2025,TRUE
Minnesota Timberwolves,2025-12-30,21,12,0.6363636363636364,2025,TRUE
Minnesota Timberwolves,2025-12-31,21,13,0.6176470588235294,2025,TRUE
Minnesota Timberwolves,2026-01-01,21,13,0.6176470588235294,2026,TRUE
Minnesota Timberwolves,2026-01-02,21,13,0.6176470588235294,2026,TRUE
Minnesota Timberwolves,2026-01-03,22,13,0.6285714285714286,2026,TRUE
Minnesota Timberwolves,2026-01-04,23,13,0.6388888888888888,2026,TRUE
Minnesota Timberwolves,2026-01-05,23,13,0.6388888888888888,2026,TRUE
Minnesota Timberwolves,2026-01-06,23,13,0.6388888888888888,2026,TRUE
Minnesota Timberwolves,2026-01-07,24,13,0.6486486486486487,2026,TRUE
Minnesota Timberwolves,2026-01-08,24,13,0.6486486486486487,2026,TRUE
Minnesota Timberwolves,2026-01-09,25,13,0.6578947368421053,2026,TRUE
Minnesota Timberwolves,2026-01-10,25,14,0.6410256410256411,2026,TRUE
Minnesota Timberwolves,2026-01-11,25,14,0.6410256410256411,2026,TRUE
Minnesota Timberwolves,2026-01-12,26,14,0.65,2026,TRUE
Minnesota Timberwolves,2026-01-13,26,14,0.65,2026,TRUE
Minnesota Timberwolves,2026-01-14,27,14,0.6585365853658537,2026,TRUE
Minnesota Timberwolves,2026-01-15,27,14,0.6585365853658537,2026,TRUE
Minnesota Timberwolves,2026-01-16,27,14,0.6585365853658537,2026,TRUE
Minnesota Timberwolves,2026-01-17,27,15,0.6428571428571429,2026,TRUE
Minnesota Timberwolves,2026-01-18,27,16,0.627906976744186,2026,TRUE
Minnesota Timberwolves,2026-01-19,27,16,0.627906976744186,2026,TRUE
Minnesota Timberwolves,2026-01-20,27,16,0.627906976744186,2026,TRUE
Minnesota Timberwolves,2026-01-21,27,17,0.6136363636363636,2026,TRUE
Minnesota Timberwolves,2026-01-22,27,17,0.6136363636363636,2026,TRUE
Minnesota Timberwolves,2026-01-23,27,18,0.6,2026,TRUE
Minnesota Timberwolves,2026-01-24,27,18,0.6,2026,TRUE
Minnesota Timberwolves,2026-01-25,27,19,0.5869565217391305,2026,TRUE
Minnesota Timberwolves,2026-01-26,27,19,0.5869565217391305,2026,TRUE
Minnesota Timberwolves,2026-01-27,28,19,0.5957446808510638,2026,TRUE
Minnesota Timberwolves,2026-01-28,28,19,0.5957446808510638,2026,TRUE
Minnesota Timberwolves,2026-01-29,29,19,0.6041666666666666,2026,TRUE
Minnesota Timberwolves,2026-01-30,30,19,0.6122448979591837,2026,TRUE
Minnesota Timberwolves,2026-01-31,30,19,0.6122448979591837,2026,TRUE
Minnesota Timberwolves,2026-02-01,31,19,0.62,2026,TRUE
Minnesota Timberwolves,2026-02-02,31,19,0.62,2026,TRUE
Minnesota Timberwolves,2026-02-03,31,20,0.6078431372549019,2026,TRUE
Minnesota Timberwolves,2026-02-04,31,20,0.6078431372549019,2026,TRUE
Minnesota Timberwolves,2026-02-05,32,20,0.6153846153846154,2026,TRUE
Minnesota Timberwolves,2026-02-06,32,20,0.6153846153846154,2026,TRUE
Minnesota Timberwolves,2026-02-07,32,21,0.6037735849056604,2026,TRUE
Minnesota Timberwolves,2026-02-08,32,22,0.5925925925925926,2026,TRUE
Minnesota Timberwolves,2026-02-10,33,22,0.6,2026,TRUE
Minnesota Timberwolves,2026-02-11,33,22,0.6,2026,TRUE
Minnesota Timberwolves,2026-02-12,34,22,0.6071428571428571,2026,TRUE
Minnesota Timberwolves,2026-02-13,34,22,0.6071428571428571,2026,TRUE
Minnesota Timberwolves,2026-02-15,34,22,0.6071428571428571,2026,TRUE
Minnesota Timberwolves,2026-02-16,34,22,0.6071428571428571,2026,TRUE
Minnesota Timberwolves,2026-02-20,34,22,0.6071428571428571,2026,TRUE
Minnesota Timberwolves,2026-02-21,35,22,0.6140350877192983,2026,TRUE
Minnesota Timberwolves,2026-02-22,35,22,0.6140350877192983,2026,TRUE
Minnesota Timberwolves,2026-02-23,35,23,0.603448275862069,2026,TRUE
Minnesota Timberwolves,2026-02-24,35,23,0.603448275862069,2026,TRUE
Minnesota Timberwolves,2026-02-25,36,23,0.6101694915254238,2026,TRUE
Minnesota Timberwolves,2026-02-26,36,23,0.6101694915254238,2026,TRUE
Minnesota Timberwolves,2026-02-27,37,23,0.6166666666666667,2026,TRUE
Minnesota Timberwolves,2026-02-28,37,23,0.6166666666666667,2026,TRUE
Minnesota Timberwolves,2026-03-01,38,23,0.6229508196721312,2026,TRUE
Minnesota Timberwolves,2026-03-02,38,23,0.6229508196721312,2026,TRUE
Minnesota Timberwolves,2026-03-03,38,23,0.6229508196721312,2026,TRUE
Minnesota Timberwolves,2026-03-04,39,23,0.6290322580645161,2026,TRUE
Minnesota Timberwolves,2026-03-05,39,23,0.6290322580645161,2026,TRUE
Minnesota Timberwolves,2026-03-06,40,23,0.6349206349206349,2026,TRUE
Minnesota Timberwolves,2026-03-07,40,24,0.625,2026,TRUE
Minnesota Timberwolves,2026-03-08,40,24,0.625,2026,TRUE
Minnesota Timberwolves,2026-03-09,40,24,0.625,2026,TRUE
Minnesota Timberwolves,2026-03-10,40,24,0.625,2026,TRUE
Minnesota Timberwolves,2026-03-11,40,25,0.6153846153846154,2026,TRUE
Minnesota Timberwolves,2026-03-12,40,26,0.6060606060606061,2026,TRUE
Minnesota Timberwolves,2026-03-13,40,26,0.6060606060606061,2026,TRUE
Minnesota Timberwolves,2026-03-14,41,26,0.6119402985074627,2026,TRUE
Minnesota Timberwolves,2026-03-15,41,27,0.6029411764705882,2026,TRUE
Minnesota Timberwolves,2026-03-16,41,27,0.6029411764705882,2026,TRUE
Minnesota Timberwolves,2026-03-17,41,27,0.6029411764705882,2026,TRUE
Minnesota Timberwolves,2026-03-18,42,27,0.6086956521739131,2026,TRUE
Minnesota Timberwolves,2026-03-19,43,27,0.6142857142857143,2026,TRUE
Minnesota Timberwolves,2026-03-20,43,27,0.6142857142857143,2026,TRUE
Minnesota Timberwolves,2026-03-21,43,28,0.6056338028169014,2026,TRUE
Minnesota Timberwolves,2026-03-22,43,28,0.6056338028169014,2026,TRUE
Minnesota Timberwolves,2026-03-23,44,28,0.6111111111111112,2026,TRUE
Minnesota Timberwolves,2026-03-24,44,28,0.6111111111111112,2026,TRUE
Minnesota Timberwolves,2026-03-25,44,28,0.6111111111111112,2026,TRUE
Minnesota Timberwolves,2026-03-26,45,28,0.6164383561643836,2026,TRUE
Minnesota Timberwolves,2026-03-27,45,28,0.6164383561643836,2026,TRUE
Minnesota Timberwolves,2026-03-28,45,29,0.6081081081081081,2026,TRUE
Minnesota Timberwolves,2026-03-29,45,29,0.6081081081081081,2026,TRUE
Minnesota Timberwolves,2026-03-30,45,29,0.6081081081081081,2026,TRUE
Minnesota Timberwolves,2026-03-31,46,29,0.6133333333333333,2026,TRUE
Minnesota Timberwolves,2026-04-01,46,29,0.6133333333333333,2026,TRUE
Minnesota Timberwolves,2026-04-02,46,30,0.6052631578947368,2026,TRUE
Minnesota Timberwolves,2026-04-03,46,31,0.5974025974025974,2026,TRUE
Minnesota Timberwolves,2026-04-04,46,31,0.5974025974025974,2026,TRUE
Minnesota Timberwolves,2026-04-05,46,32,0.5897435897435898,2026,TRUE
Minnesota Timberwolves,2026-04-06,46,32,0.5897435897435898,2026,TRUE
Minnesota Timberwolves,2026-04-07,47,32,0.5949367088607594,2026,TRUE
Minnesota Timberwolves,2026-04-08,47,33,0.5875,2026,TRUE
Minnesota Timberwolves,2026-04-09,47,33,0.5875,2026,TRUE
Minnesota Timberwolves,2026-04-10,47,33,0.5875,2026,TRUE
Minnesota Timberwolves,2026-04-11,48,33,0.5925925925925926,2026,TRUE
Minnesota Timberwolves,2026-04-12,48,33,0.5925925925925926,2026,TRUE
Minnesota Timberwolves,2026-04-13,49,33,0.5975609756097561,2026,TRUE
Minnesota Timberwolves,2026-04-14,49,33,0.5975609756097561,2026,TRUE
Minnesota Timberwolves,2026-04-15,49,33,0.5975609756097561,2026,TRUE
Minnesota Timberwolves,2026-04-16,49,33,0.5975609756097561,2026,TRUE
Minnesota Timberwolves,2026-04-17,49,33,0.5975609756097561,2026,TRUE
Minnesota Timberwolves,2026-04-18,49,33,0.5975609756097561,2026,TRUE
Minnesota Timberwolves,2026-04-19,49,33,0.5975609756097561,2026,TRUE
Minnesota Timberwolves,2026-04-20,49,33,0.5975609756097561,2026,TRUE
Minnesota Timberwolves,2026-04-21,49,33,0.5975609756097561,2026,TRUE
Minnesota Timberwolves,2026-04-22,49,33,0.5975609756097561,2026,TRUE
Minnesota Timberwolves,2026-04-23,49,33,0.5975609756097561,2026,TRUE
New Orleans Pelicans,2025-10-21,NA,NA,NA,2025,FALSE
New Orleans Pelicans,2025-10-22,NA,NA,NA,2025,FALSE
New Orleans Pelicans,2025-10-23,0,1,0,2025,FALSE
New Orleans Pelicans,2025-10-24,0,1,0,2025,FALSE
New Orleans Pelicans,2025-10-25,0,2,0,2025,FALSE
New Orleans Pelicans,2025-10-26,0,2,0,2025,FALSE
New Orleans Pelicans,2025-10-27,0,2,0,2025,FALSE
New Orleans Pelicans,2025-10-28,0,3,0,2025,FALSE
New Orleans Pelicans,2025-10-29,0,3,0,2025,FALSE
New Orleans Pelicans,2025-10-30,0,4,0,2025,FALSE
New Orleans Pelicans,2025-10-31,0,4,0,2025,FALSE
New Orleans Pelicans,2025-11-01,0,5,0,2025,FALSE
New Orleans Pelicans,2025-11-02,0,6,0,2025,FALSE
New Orleans Pelicans,2025-11-03,0,6,0,2025,FALSE
New Orleans Pelicans,2025-11-04,0,6,0,2025,FALSE
New Orleans Pelicans,2025-11-05,1,6,0.14285714285714285,2025,FALSE
New Orleans Pelicans,2025-11-06,2,6,0.25,2025,FALSE
New Orleans Pelicans,2025-11-07,2,6,0.25,2025,FALSE
New Orleans Pelicans,2025-11-08,2,6,0.25,2025,FALSE
New Orleans Pelicans,2025-11-09,2,7,0.2222222222222222,2025,FALSE
New Orleans Pelicans,2025-11-10,2,7,0.2222222222222222,2025,FALSE
New Orleans Pelicans,2025-11-11,2,8,0.2,2025,FALSE
New Orleans Pelicans,2025-11-12,2,8,0.2,2025,FALSE
New Orleans Pelicans,2025-11-13,2,9,0.18181818181818182,2025,FALSE
New Orleans Pelicans,2025-11-14,2,9,0.18181818181818182,2025,FALSE
New Orleans Pelicans,2025-11-15,2,10,0.16666666666666666,2025,FALSE
New Orleans Pelicans,2025-11-16,2,10,0.16666666666666666,2025,FALSE
New Orleans Pelicans,2025-11-17,2,11,0.15384615384615385,2025,FALSE
New Orleans Pelicans,2025-11-18,2,12,0.14285714285714285,2025,FALSE
New Orleans Pelicans,2025-11-19,2,12,0.14285714285714285,2025,FALSE
New Orleans Pelicans,2025-11-20,2,13,0.13333333333333333,2025,FALSE
New Orleans Pelicans,2025-11-21,2,13,0.13333333333333333,2025,FALSE
New Orleans Pelicans,2025-11-22,2,14,0.125,2025,FALSE
New Orleans Pelicans,2025-11-23,2,15,0.11764705882352941,2025,FALSE
New Orleans Pelicans,2025-11-24,2,15,0.11764705882352941,2025,FALSE
New Orleans Pelicans,2025-11-25,3,15,0.16666666666666666,2025,FALSE
New Orleans Pelicans,2025-11-26,3,15,0.16666666666666666,2025,FALSE
New Orleans Pelicans,2025-11-27,3,16,0.15789473684210525,2025,FALSE
New Orleans Pelicans,2025-11-29,3,16,0.15789473684210525,2025,FALSE
New Orleans Pelicans,2025-11-30,3,17,0.15,2025,FALSE
New Orleans Pelicans,2025-12-01,3,18,0.14285714285714285,2025,FALSE
New Orleans Pelicans,2025-12-02,3,18,0.14285714285714285,2025,FALSE
New Orleans Pelicans,2025-12-03,3,19,0.13636363636363635,2025,FALSE
New Orleans Pelicans,2025-12-04,3,19,0.13636363636363635,2025,FALSE
New Orleans Pelicans,2025-12-05,3,20,0.13043478260869565,2025,FALSE
New Orleans Pelicans,2025-12-06,3,21,0.125,2025,FALSE
New Orleans Pelicans,2025-12-07,3,21,0.125,2025,FALSE
New Orleans Pelicans,2025-12-08,3,21,0.125,2025,FALSE
New Orleans Pelicans,2025-12-09,3,22,0.12,2025,FALSE
New Orleans Pelicans,2025-12-10,3,22,0.12,2025,FALSE
New Orleans Pelicans,2025-12-11,3,22,0.12,2025,FALSE
New Orleans Pelicans,2025-12-12,4,22,0.15384615384615385,2025,FALSE
New Orleans Pelicans,2025-12-13,4,22,0.15384615384615385,2025,FALSE
New Orleans Pelicans,2025-12-14,4,22,0.15384615384615385,2025,FALSE
New Orleans Pelicans,2025-12-15,5,22,0.18518518518518517,2025,FALSE
New Orleans Pelicans,2025-12-16,5,22,0.18518518518518517,2025,FALSE
New Orleans Pelicans,2025-12-17,5,22,0.18518518518518517,2025,FALSE
New Orleans Pelicans,2025-12-18,5,22,0.18518518518518517,2025,FALSE
New Orleans Pelicans,2025-12-19,6,22,0.21428571428571427,2025,FALSE
New Orleans Pelicans,2025-12-20,6,22,0.21428571428571427,2025,FALSE
New Orleans Pelicans,2025-12-21,7,22,0.2413793103448276,2025,FALSE
New Orleans Pelicans,2025-12-22,7,22,0.2413793103448276,2025,FALSE
New Orleans Pelicans,2025-12-23,8,22,0.26666666666666666,2025,FALSE
New Orleans Pelicans,2025-12-24,8,23,0.25806451612903225,2025,FALSE
New Orleans Pelicans,2025-12-25,8,23,0.25806451612903225,2025,FALSE
New Orleans Pelicans,2025-12-26,8,23,0.25806451612903225,2025,FALSE
New Orleans Pelicans,2025-12-27,8,24,0.25,2025,FALSE
New Orleans Pelicans,2025-12-28,8,25,0.24242424242424243,2025,FALSE
New Orleans Pelicans,2025-12-29,8,25,0.24242424242424243,2025,FALSE
New Orleans Pelicans,2025-12-30,8,26,0.23529411764705882,2025,FALSE
New Orleans Pelicans,2025-12-31,8,26,0.23529411764705882,2025,FALSE
New Orleans Pelicans,2026-01-01,8,27,0.22857142857142856,2026,FALSE
New Orleans Pelicans,2026-01-02,8,27,0.22857142857142856,2026,FALSE
New Orleans Pelicans,2026-01-03,8,28,0.2222222222222222,2026,FALSE
New Orleans Pelicans,2026-01-04,8,29,0.21621621621621623,2026,FALSE
New Orleans Pelicans,2026-01-05,8,29,0.21621621621621623,2026,FALSE
New Orleans Pelicans,2026-01-06,8,29,0.21621621621621623,2026,FALSE
New Orleans Pelicans,2026-01-07,8,30,0.21052631578947367,2026,FALSE
New Orleans Pelicans,2026-01-08,8,31,0.20512820512820512,2026,FALSE
New Orleans Pelicans,2026-01-09,8,31,0.20512820512820512,2026,FALSE
New Orleans Pelicans,2026-01-10,9,31,0.225,2026,FALSE
New Orleans Pelicans,2026-01-11,9,32,0.21951219512195122,2026,FALSE
New Orleans Pelicans,2026-01-12,9,32,0.21951219512195122,2026,FALSE
New Orleans Pelicans,2026-01-13,9,32,0.21951219512195122,2026,FALSE
New Orleans Pelicans,2026-01-14,9,33,0.21428571428571427,2026,FALSE
New Orleans Pelicans,2026-01-15,10,33,0.23255813953488372,2026,FALSE
New Orleans Pelicans,2026-01-16,10,33,0.23255813953488372,2026,FALSE
New Orleans Pelicans,2026-01-17,10,34,0.22727272727272727,2026,FALSE
New Orleans Pelicans,2026-01-18,10,34,0.22727272727272727,2026,FALSE
New Orleans Pelicans,2026-01-19,10,35,0.2222222222222222,2026,FALSE
New Orleans Pelicans,2026-01-20,10,35,0.2222222222222222,2026,FALSE
New Orleans Pelicans,2026-01-21,10,35,0.2222222222222222,2026,FALSE
New Orleans Pelicans,2026-01-22,10,36,0.21739130434782608,2026,FALSE
New Orleans Pelicans,2026-01-23,10,36,0.21739130434782608,2026,FALSE
New Orleans Pelicans,2026-01-24,11,36,0.23404255319148937,2026,FALSE
New Orleans Pelicans,2026-01-25,11,36,0.23404255319148937,2026,FALSE
New Orleans Pelicans,2026-01-26,12,36,0.25,2026,FALSE
New Orleans Pelicans,2026-01-27,12,36,0.25,2026,FALSE
New Orleans Pelicans,2026-01-28,12,37,0.24489795918367346,2026,FALSE
New Orleans Pelicans,2026-01-29,12,37,0.24489795918367346,2026,FALSE
New Orleans Pelicans,2026-01-30,12,37,0.24489795918367346,2026,FALSE
New Orleans Pelicans,2026-01-31,13,37,0.26,2026,FALSE
New Orleans Pelicans,2026-02-01,13,38,0.2549019607843137,2026,FALSE
New Orleans Pelicans,2026-02-02,13,39,0.25,2026,FALSE
New Orleans Pelicans,2026-02-03,13,39,0.25,2026,FALSE
New Orleans Pelicans,2026-02-04,13,39,0.25,2026,FALSE
New Orleans Pelicans,2026-02-05,13,40,0.24528301886792453,2026,FALSE
New Orleans Pelicans,2026-02-06,13,40,0.24528301886792453,2026,FALSE
New Orleans Pelicans,2026-02-07,14,40,0.25925925925925924,2026,FALSE
New Orleans Pelicans,2026-02-08,14,40,0.25925925925925924,2026,FALSE
New Orleans Pelicans,2026-02-10,15,40,0.2727272727272727,2026,FALSE
New Orleans Pelicans,2026-02-11,15,40,0.2727272727272727,2026,FALSE
New Orleans Pelicans,2026-02-12,15,41,0.26785714285714285,2026,FALSE
New Orleans Pelicans,2026-02-13,15,41,0.26785714285714285,2026,FALSE
New Orleans Pelicans,2026-02-15,15,41,0.26785714285714285,2026,FALSE
New Orleans Pelicans,2026-02-16,15,41,0.26785714285714285,2026,FALSE
New Orleans Pelicans,2026-02-20,15,41,0.26785714285714285,2026,FALSE
New Orleans Pelicans,2026-02-21,15,42,0.2631578947368421,2026,FALSE
New Orleans Pelicans,2026-02-22,16,42,0.27586206896551724,2026,FALSE
New Orleans Pelicans,2026-02-23,16,42,0.27586206896551724,2026,FALSE
New Orleans Pelicans,2026-02-24,16,42,0.27586206896551724,2026,FALSE
New Orleans Pelicans,2026-02-25,17,42,0.288135593220339,2026,FALSE
New Orleans Pelicans,2026-02-26,17,42,0.288135593220339,2026,FALSE
New Orleans Pelicans,2026-02-27,18,42,0.3,2026,FALSE
New Orleans Pelicans,2026-02-28,18,42,0.3,2026,FALSE
New Orleans Pelicans,2026-03-01,19,42,0.3114754098360656,2026,FALSE
New Orleans Pelicans,2026-03-02,19,43,0.3064516129032258,2026,FALSE
New Orleans Pelicans,2026-03-03,19,43,0.3064516129032258,2026,FALSE
New Orleans Pelicans,2026-03-04,19,44,0.30158730158730157,2026,FALSE
New Orleans Pelicans,2026-03-05,19,44,0.30158730158730157,2026,FALSE
New Orleans Pelicans,2026-03-06,20,44,0.3125,2026,FALSE
New Orleans Pelicans,2026-03-07,20,45,0.3076923076923077,2026,FALSE
New Orleans Pelicans,2026-03-08,21,45,0.3181818181818182,2026,FALSE
New Orleans Pelicans,2026-03-09,21,45,0.3181818181818182,2026,FALSE
New Orleans Pelicans,2026-03-10,21,45,0.3181818181818182,2026,FALSE
New Orleans Pelicans,2026-03-11,21,45,0.3181818181818182,2026,FALSE
New Orleans Pelicans,2026-03-12,22,45,0.3283582089552239,2026,FALSE
New Orleans Pelicans,2026-03-13,22,45,0.3283582089552239,2026,FALSE
New Orleans Pelicans,2026-03-14,22,46,0.3235294117647059,2026,FALSE
New Orleans Pelicans,2026-03-15,22,46,0.3235294117647059,2026,FALSE
New Orleans Pelicans,2026-03-16,22,46,0.3235294117647059,2026,FALSE
New Orleans Pelicans,2026-03-17,23,46,0.3333333333333333,2026,FALSE
New Orleans Pelicans,2026-03-18,23,46,0.3333333333333333,2026,FALSE
New Orleans Pelicans,2026-03-19,24,46,0.34285714285714286,2026,FALSE
New Orleans Pelicans,2026-03-20,25,46,0.352112676056338,2026,FALSE
New Orleans Pelicans,2026-03-21,25,47,0.3472222222222222,2026,FALSE
New Orleans Pelicans,2026-03-22,25,47,0.3472222222222222,2026,FALSE
New Orleans Pelicans,2026-03-23,25,47,0.3472222222222222,2026,FALSE
New Orleans Pelicans,2026-03-24,25,48,0.3424657534246575,2026,FALSE
New Orleans Pelicans,2026-03-25,25,48,0.3424657534246575,2026,FALSE
New Orleans Pelicans,2026-03-26,25,49,0.33783783783783783,2026,FALSE
New Orleans Pelicans,2026-03-27,25,49,0.33783783783783783,2026,FALSE
New Orleans Pelicans,2026-03-28,25,50,0.3333333333333333,2026,FALSE
New Orleans Pelicans,2026-03-29,25,51,0.32894736842105265,2026,FALSE
New Orleans Pelicans,2026-03-30,25,51,0.32894736842105265,2026,FALSE
New Orleans Pelicans,2026-03-31,25,51,0.32894736842105265,2026,FALSE
New Orleans Pelicans,2026-04-01,25,51,0.32894736842105265,2026,FALSE
New Orleans Pelicans,2026-04-02,25,51,0.32894736842105265,2026,FALSE
New Orleans Pelicans,2026-04-03,25,52,0.3246753246753247,2026,FALSE
New Orleans Pelicans,2026-04-04,25,53,0.32051282051282054,2026,FALSE
New Orleans Pelicans,2026-04-05,25,54,0.31645569620253167,2026,FALSE
New Orleans Pelicans,2026-04-06,25,54,0.31645569620253167,2026,FALSE
New Orleans Pelicans,2026-04-07,25,54,0.31645569620253167,2026,FALSE
New Orleans Pelicans,2026-04-08,26,54,0.325,2026,FALSE
New Orleans Pelicans,2026-04-09,26,54,0.325,2026,FALSE
New Orleans Pelicans,2026-04-10,26,55,0.32098765432098764,2026,FALSE
New Orleans Pelicans,2026-04-11,26,55,0.32098765432098764,2026,FALSE
New Orleans Pelicans,2026-04-12,26,55,0.32098765432098764,2026,FALSE
New Orleans Pelicans,2026-04-13,26,56,0.3170731707317073,2026,FALSE
New Orleans Pelicans,2026-04-14,26,56,0.3170731707317073,2026,FALSE
New Orleans Pelicans,2026-04-15,26,56,0.3170731707317073,2026,FALSE
New Orleans Pelicans,2026-04-16,26,56,0.3170731707317073,2026,FALSE
New Orleans Pelicans,2026-04-17,26,56,0.3170731707317073,2026,FALSE
New Orleans Pelicans,2026-04-18,26,56,0.3170731707317073,2026,FALSE
New Orleans Pelicans,2026-04-19,26,56,0.3170731707317073,2026,FALSE
New Orleans Pelicans,2026-04-20,26,56,0.3170731707317073,2026,FALSE
New Orleans Pelicans,2026-04-21,26,56,0.3170731707317073,2026,FALSE
New Orleans Pelicans,2026-04-22,26,56,0.3170731707317073,2026,FALSE
New Orleans Pelicans,2026-04-23,26,56,0.3170731707317073,2026,FALSE
New York Knicks,2025-10-21,NA,NA,NA,2025,TRUE
New York Knicks,2025-10-22,1,0,1,2025,TRUE
New York Knicks,2025-10-23,1,0,1,2025,TRUE
New York Knicks,2025-10-24,2,0,1,2025,TRUE
New York Knicks,2025-10-25,2,0,1,2025,TRUE
New York Knicks,2025-10-26,2,1,0.6666666666666666,2025,TRUE
New York Knicks,2025-10-27,2,1,0.6666666666666666,2025,TRUE
New York Knicks,2025-10-28,2,1,0.6666666666666666,2025,TRUE
New York Knicks,2025-10-29,2,2,0.5,2025,TRUE
New York Knicks,2025-10-30,2,2,0.5,2025,TRUE
New York Knicks,2025-10-31,2,2,0.5,2025,TRUE
New York Knicks,2025-11-01,2,3,0.4,2025,TRUE
New York Knicks,2025-11-02,2,3,0.4,2025,TRUE
New York Knicks,2025-11-03,3,3,0.5,2025,TRUE
New York Knicks,2025-11-04,4,3,0.5714285714285714,2025,TRUE
New York Knicks,2025-11-05,4,3,0.5714285714285714,2025,TRUE
New York Knicks,2025-11-06,5,3,0.625,2025,TRUE
New York Knicks,2025-11-07,5,3,0.625,2025,TRUE
New York Knicks,2025-11-08,5,3,0.625,2025,TRUE
New York Knicks,2025-11-09,6,3,0.6666666666666666,2025,TRUE
New York Knicks,2025-11-10,6,3,0.6666666666666666,2025,TRUE
New York Knicks,2025-11-11,6,3,0.6666666666666666,2025,TRUE
New York Knicks,2025-11-12,7,3,0.7,2025,TRUE
New York Knicks,2025-11-13,7,4,0.6363636363636364,2025,TRUE
New York Knicks,2025-11-14,7,4,0.6363636363636364,2025,TRUE
New York Knicks,2025-11-15,8,4,0.6666666666666666,2025,TRUE
New York Knicks,2025-11-16,8,4,0.6666666666666666,2025,TRUE
New York Knicks,2025-11-17,8,4,0.6666666666666666,2025,TRUE
New York Knicks,2025-11-18,8,5,0.6153846153846154,2025,TRUE
New York Knicks,2025-11-19,8,5,0.6153846153846154,2025,TRUE
New York Knicks,2025-11-20,9,5,0.6428571428571429,2025,TRUE
New York Knicks,2025-11-21,9,5,0.6428571428571429,2025,TRUE
New York Knicks,2025-11-22,9,6,0.6,2025,TRUE
New York Knicks,2025-11-23,9,6,0.6,2025,TRUE
New York Knicks,2025-11-24,9,6,0.6,2025,TRUE
New York Knicks,2025-11-25,10,6,0.625,2025,TRUE
New York Knicks,2025-11-26,10,6,0.625,2025,TRUE
New York Knicks,2025-11-27,11,6,0.6470588235294118,2025,TRUE
New York Knicks,2025-11-29,12,6,0.6666666666666666,2025,TRUE
New York Knicks,2025-11-30,13,6,0.6842105263157895,2025,TRUE
New York Knicks,2025-12-01,13,6,0.6842105263157895,2025,TRUE
New York Knicks,2025-12-02,13,6,0.6842105263157895,2025,TRUE
New York Knicks,2025-12-03,13,7,0.65,2025,TRUE
New York Knicks,2025-12-04,14,7,0.6666666666666666,2025,TRUE
New York Knicks,2025-12-05,14,7,0.6666666666666666,2025,TRUE
New York Knicks,2025-12-06,15,7,0.6818181818181818,2025,TRUE
New York Knicks,2025-12-07,16,7,0.6956521739130435,2025,TRUE
New York Knicks,2025-12-08,16,7,0.6956521739130435,2025,TRUE
New York Knicks,2025-12-09,16,7,0.6956521739130435,2025,TRUE
New York Knicks,2025-12-10,17,7,0.7083333333333334,2025,TRUE
New York Knicks,2025-12-11,17,7,0.7083333333333334,2025,TRUE
New York Knicks,2025-12-12,17,7,0.7083333333333334,2025,TRUE
New York Knicks,2025-12-13,18,7,0.72,2025,TRUE
New York Knicks,2025-12-14,18,7,0.72,2025,TRUE
New York Knicks,2025-12-15,18,7,0.72,2025,TRUE
New York Knicks,2025-12-16,18,7,0.72,2025,TRUE
New York Knicks,2025-12-17,0,0,NA,2025,TRUE
New York Knicks,2025-12-18,0,0,NA,2025,TRUE
New York Knicks,2025-12-19,19,7,0.7307692307692307,2025,TRUE
New York Knicks,2025-12-20,19,8,0.7037037037037037,2025,TRUE
New York Knicks,2025-12-21,20,8,0.7142857142857143,2025,TRUE
New York Knicks,2025-12-22,20,8,0.7142857142857143,2025,TRUE
New York Knicks,2025-12-23,20,8,0.7142857142857143,2025,TRUE
New York Knicks,2025-12-24,20,9,0.6896551724137931,2025,TRUE
New York Knicks,2025-12-25,21,9,0.7,2025,TRUE
New York Knicks,2025-12-26,21,9,0.7,2025,TRUE
New York Knicks,2025-12-27,21,9,0.7,2025,TRUE
New York Knicks,2025-12-28,22,9,0.7096774193548387,2025,TRUE
New York Knicks,2025-12-29,22,9,0.7096774193548387,2025,TRUE
New York Knicks,2025-12-30,23,9,0.71875,2025,TRUE
New York Knicks,2025-12-31,23,9,0.71875,2025,TRUE
New York Knicks,2026-01-01,23,10,0.696969696969697,2026,TRUE
New York Knicks,2026-01-02,23,10,0.696969696969697,2026,TRUE
New York Knicks,2026-01-03,23,11,0.6764705882352942,2026,TRUE
New York Knicks,2026-01-04,23,12,0.6571428571428571,2026,TRUE
New York Knicks,2026-01-05,23,12,0.6571428571428571,2026,TRUE
New York Knicks,2026-01-06,23,13,0.6388888888888888,2026,TRUE
New York Knicks,2026-01-07,23,13,0.6388888888888888,2026,TRUE
New York Knicks,2026-01-08,24,13,0.6486486486486487,2026,TRUE
New York Knicks,2026-01-09,24,13,0.6486486486486487,2026,TRUE
New York Knicks,2026-01-10,24,14,0.631578947368421,2026,TRUE
New York Knicks,2026-01-11,25,14,0.6410256410256411,2026,TRUE
New York Knicks,2026-01-12,25,14,0.6410256410256411,2026,TRUE
New York Knicks,2026-01-13,25,14,0.6410256410256411,2026,TRUE
New York Knicks,2026-01-14,25,14,0.6410256410256411,2026,TRUE
New York Knicks,2026-01-15,25,15,0.625,2026,TRUE
New York Knicks,2026-01-16,25,16,0.6097560975609756,2026,TRUE
New York Knicks,2026-01-17,25,16,0.6097560975609756,2026,TRUE
New York Knicks,2026-01-18,25,17,0.5952380952380952,2026,TRUE
New York Knicks,2026-01-19,25,18,0.5813953488372093,2026,TRUE
New York Knicks,2026-01-20,25,18,0.5813953488372093,2026,TRUE
New York Knicks,2026-01-21,25,18,0.5813953488372093,2026,TRUE
New York Knicks,2026-01-22,26,18,0.5909090909090909,2026,TRUE
New York Knicks,2026-01-23,26,18,0.5909090909090909,2026,TRUE
New York Knicks,2026-01-24,27,18,0.6,2026,TRUE
New York Knicks,2026-01-25,27,18,0.6,2026,TRUE
New York Knicks,2026-01-26,27,18,0.6,2026,TRUE
New York Knicks,2026-01-27,27,18,0.6,2026,TRUE
New York Knicks,2026-01-28,28,18,0.6086956521739131,2026,TRUE
New York Knicks,2026-01-29,29,18,0.6170212765957447,2026,TRUE
New York Knicks,2026-01-30,29,18,0.6170212765957447,2026,TRUE
New York Knicks,2026-01-31,30,18,0.625,2026,TRUE
New York Knicks,2026-02-01,30,18,0.625,2026,TRUE
New York Knicks,2026-02-02,31,18,0.6326530612244898,2026,TRUE
New York Knicks,2026-02-03,31,18,0.6326530612244898,2026,TRUE
New York Knicks,2026-02-04,32,18,0.64,2026,TRUE
New York Knicks,2026-02-05,33,18,0.6470588235294118,2026,TRUE
New York Knicks,2026-02-06,33,18,0.6470588235294118,2026,TRUE
New York Knicks,2026-02-07,33,19,0.6346153846153846,2026,TRUE
New York Knicks,2026-02-08,34,19,0.6415094339622641,2026,TRUE
New York Knicks,2026-02-10,34,19,0.6415094339622641,2026,TRUE
New York Knicks,2026-02-11,34,20,0.6296296296296297,2026,TRUE
New York Knicks,2026-02-12,35,20,0.6363636363636364,2026,TRUE
New York Knicks,2026-02-13,35,20,0.6363636363636364,2026,TRUE
New York Knicks,2026-02-15,35,20,0.6363636363636364,2026,TRUE
New York Knicks,2026-02-16,35,20,0.6363636363636364,2026,TRUE
New York Knicks,2026-02-20,35,21,0.625,2026,TRUE
New York Knicks,2026-02-21,35,21,0.625,2026,TRUE
New York Knicks,2026-02-22,36,21,0.631578947368421,2026,TRUE
New York Knicks,2026-02-23,37,21,0.6379310344827587,2026,TRUE
New York Knicks,2026-02-24,37,21,0.6379310344827587,2026,TRUE
New York Knicks,2026-02-25,37,22,0.6271186440677966,2026,TRUE
New York Knicks,2026-02-26,37,22,0.6271186440677966,2026,TRUE
New York Knicks,2026-02-27,37,22,0.6271186440677966,2026,TRUE
New York Knicks,2026-02-28,38,22,0.6333333333333333,2026,TRUE
New York Knicks,2026-03-01,39,22,0.639344262295082,2026,TRUE
New York Knicks,2026-03-02,39,22,0.639344262295082,2026,TRUE
New York Knicks,2026-03-03,39,22,0.639344262295082,2026,TRUE
New York Knicks,2026-03-04,40,22,0.6451612903225806,2026,TRUE
New York Knicks,2026-03-05,40,23,0.6349206349206349,2026,TRUE
New York Knicks,2026-03-06,40,23,0.6349206349206349,2026,TRUE
New York Knicks,2026-03-07,41,23,0.640625,2026,TRUE
New York Knicks,2026-03-08,41,24,0.6307692307692307,2026,TRUE
New York Knicks,2026-03-09,41,24,0.6307692307692307,2026,TRUE
New York Knicks,2026-03-10,41,25,0.6212121212121212,2026,TRUE
New York Knicks,2026-03-11,41,25,0.6212121212121212,2026,TRUE
New York Knicks,2026-03-12,42,25,0.6268656716417911,2026,TRUE
New York Knicks,2026-03-13,43,25,0.6323529411764706,2026,TRUE
New York Knicks,2026-03-14,43,25,0.6323529411764706,2026,TRUE
New York Knicks,2026-03-15,43,25,0.6323529411764706,2026,TRUE
New York Knicks,2026-03-16,44,25,0.6376811594202898,2026,TRUE
New York Knicks,2026-03-17,45,25,0.6428571428571429,2026,TRUE
New York Knicks,2026-03-18,45,25,0.6428571428571429,2026,TRUE
New York Knicks,2026-03-19,45,25,0.6428571428571429,2026,TRUE
New York Knicks,2026-03-20,46,25,0.647887323943662,2026,TRUE
New York Knicks,2026-03-21,46,25,0.647887323943662,2026,TRUE
New York Knicks,2026-03-22,47,25,0.6527777777777778,2026,TRUE
New York Knicks,2026-03-23,47,25,0.6527777777777778,2026,TRUE
New York Knicks,2026-03-24,48,25,0.6575342465753424,2026,TRUE
New York Knicks,2026-03-25,48,25,0.6575342465753424,2026,TRUE
New York Knicks,2026-03-26,48,26,0.6486486486486487,2026,TRUE
New York Knicks,2026-03-27,48,26,0.6486486486486487,2026,TRUE
New York Knicks,2026-03-28,48,26,0.6486486486486487,2026,TRUE
New York Knicks,2026-03-29,48,27,0.64,2026,TRUE
New York Knicks,2026-03-30,48,27,0.64,2026,TRUE
New York Knicks,2026-03-31,48,27,0.64,2026,TRUE
New York Knicks,2026-04-01,48,28,0.631578947368421,2026,TRUE
New York Knicks,2026-04-02,49,28,0.6363636363636364,2026,TRUE
New York Knicks,2026-04-03,50,28,0.6410256410256411,2026,TRUE
New York Knicks,2026-04-04,50,28,0.6410256410256411,2026,TRUE
New York Knicks,2026-04-05,50,28,0.6410256410256411,2026,TRUE
New York Knicks,2026-04-06,51,28,0.6455696202531646,2026,TRUE
New York Knicks,2026-04-07,51,28,0.6455696202531646,2026,TRUE
New York Knicks,2026-04-08,51,28,0.6455696202531646,2026,TRUE
New York Knicks,2026-04-09,52,28,0.65,2026,TRUE
New York Knicks,2026-04-10,53,28,0.654320987654321,2026,TRUE
New York Knicks,2026-04-11,53,28,0.654320987654321,2026,TRUE
New York Knicks,2026-04-12,53,29,0.6463414634146342,2026,TRUE
New York Knicks,2026-04-13,53,29,0.6463414634146342,2026,TRUE
New York Knicks,2026-04-14,53,29,0.6463414634146342,2026,TRUE
New York Knicks,2026-04-15,53,29,0.6463414634146342,2026,TRUE
New York Knicks,2026-04-16,53,29,0.6463414634146342,2026,TRUE
New York Knicks,2026-04-17,53,29,0.6463414634146342,2026,TRUE
New York Knicks,2026-04-18,53,29,0.6463414634146342,2026,TRUE
New York Knicks,2026-04-19,53,29,0.6463414634146342,2026,TRUE
New York Knicks,2026-04-20,53,29,0.6463414634146342,2026,TRUE
New York Knicks,2026-04-21,53,29,0.6463414634146342,2026,TRUE
New York Knicks,2026-04-22,53,29,0.6463414634146342,2026,TRUE
New York Knicks,2026-04-23,53,29,0.6463414634146342,2026,TRUE
Oklahoma City Thunder,2025-10-21,1,0,1,2025,TRUE
Oklahoma City Thunder,2025-10-22,1,0,1,2025,TRUE
Oklahoma City Thunder,2025-10-23,2,0,1,2025,TRUE
Oklahoma City Thunder,2025-10-24,2,0,1,2025,TRUE
Oklahoma City Thunder,2025-10-25,3,0,1,2025,TRUE
Oklahoma City Thunder,2025-10-26,3,0,1,2025,TRUE
Oklahoma City Thunder,2025-10-27,3,0,1,2025,TRUE
Oklahoma City Thunder,2025-10-28,4,0,1,2025,TRUE
Oklahoma City Thunder,2025-10-29,5,0,1,2025,TRUE
Oklahoma City Thunder,2025-10-30,5,0,1,2025,TRUE
Oklahoma City Thunder,2025-10-31,6,0,1,2025,TRUE
Oklahoma City Thunder,2025-11-01,6,0,1,2025,TRUE
Oklahoma City Thunder,2025-11-02,7,0,1,2025,TRUE
Oklahoma City Thunder,2025-11-03,7,0,1,2025,TRUE
Oklahoma City Thunder,2025-11-04,7,0,1,2025,TRUE
Oklahoma City Thunder,2025-11-05,8,0,1,2025,TRUE
Oklahoma City Thunder,2025-11-06,8,1,0.8888888888888888,2025,TRUE
Oklahoma City Thunder,2025-11-07,8,1,0.8888888888888888,2025,TRUE
Oklahoma City Thunder,2025-11-08,9,1,0.9,2025,TRUE
Oklahoma City Thunder,2025-11-09,10,1,0.9090909090909091,2025,TRUE
Oklahoma City Thunder,2025-11-10,10,1,0.9090909090909091,2025,TRUE
Oklahoma City Thunder,2025-11-11,10,1,0.9090909090909091,2025,TRUE
Oklahoma City Thunder,2025-11-12,11,1,0.9166666666666666,2025,TRUE
Oklahoma City Thunder,2025-11-13,12,1,0.9230769230769231,2025,TRUE
Oklahoma City Thunder,2025-11-14,12,1,0.9230769230769231,2025,TRUE
Oklahoma City Thunder,2025-11-15,12,1,0.9230769230769231,2025,TRUE
Oklahoma City Thunder,2025-11-16,13,1,0.9285714285714286,2025,TRUE
Oklahoma City Thunder,2025-11-17,13,1,0.9285714285714286,2025,TRUE
Oklahoma City Thunder,2025-11-18,14,1,0.9333333333333333,2025,TRUE
Oklahoma City Thunder,2025-11-19,14,1,0.9333333333333333,2025,TRUE
Oklahoma City Thunder,2025-11-20,15,1,0.9375,2025,TRUE
Oklahoma City Thunder,2025-11-21,15,1,0.9375,2025,TRUE
Oklahoma City Thunder,2025-11-22,16,1,0.9411764705882353,2025,TRUE
Oklahoma City Thunder,2025-11-23,16,1,0.9411764705882353,2025,TRUE
Oklahoma City Thunder,2025-11-24,17,1,0.9444444444444444,2025,TRUE
Oklahoma City Thunder,2025-11-25,17,1,0.9444444444444444,2025,TRUE
Oklahoma City Thunder,2025-11-26,17,1,0.9444444444444444,2025,TRUE
Oklahoma City Thunder,2025-11-27,18,1,0.9473684210526315,2025,TRUE
Oklahoma City Thunder,2025-11-29,19,1,0.95,2025,TRUE
Oklahoma City Thunder,2025-11-30,20,1,0.9523809523809523,2025,TRUE
Oklahoma City Thunder,2025-12-01,20,1,0.9523809523809523,2025,TRUE
Oklahoma City Thunder,2025-12-02,20,1,0.9523809523809523,2025,TRUE
Oklahoma City Thunder,2025-12-03,21,1,0.9545454545454546,2025,TRUE
Oklahoma City Thunder,2025-12-04,21,1,0.9545454545454546,2025,TRUE
Oklahoma City Thunder,2025-12-05,21,1,0.9545454545454546,2025,TRUE
Oklahoma City Thunder,2025-12-06,22,1,0.9565217391304348,2025,TRUE
Oklahoma City Thunder,2025-12-07,22,1,0.9565217391304348,2025,TRUE
Oklahoma City Thunder,2025-12-08,23,1,0.9583333333333334,2025,TRUE
Oklahoma City Thunder,2025-12-09,23,1,0.9583333333333334,2025,TRUE
Oklahoma City Thunder,2025-12-10,23,1,0.9583333333333334,2025,TRUE
Oklahoma City Thunder,2025-12-11,24,1,0.96,2025,TRUE
Oklahoma City Thunder,2025-12-12,24,1,0.96,2025,TRUE
Oklahoma City Thunder,2025-12-13,24,1,0.96,2025,TRUE
Oklahoma City Thunder,2025-12-14,24,2,0.9230769230769231,2025,TRUE
Oklahoma City Thunder,2025-12-15,24,2,0.9230769230769231,2025,TRUE
Oklahoma City Thunder,2025-12-16,24,2,0.9230769230769231,2025,TRUE
Oklahoma City Thunder,2025-12-17,24,2,0.9230769230769231,2025,TRUE
Oklahoma City Thunder,2025-12-18,24,2,0.9230769230769231,2025,TRUE
Oklahoma City Thunder,2025-12-19,25,2,0.9259259259259259,2025,TRUE
Oklahoma City Thunder,2025-12-20,25,3,0.8928571428571429,2025,TRUE
Oklahoma City Thunder,2025-12-21,25,3,0.8928571428571429,2025,TRUE
Oklahoma City Thunder,2025-12-22,25,3,0.8928571428571429,2025,TRUE
Oklahoma City Thunder,2025-12-23,26,3,0.896551724137931,2025,TRUE
Oklahoma City Thunder,2025-12-24,26,4,0.8666666666666667,2025,TRUE
Oklahoma City Thunder,2025-12-25,26,5,0.8387096774193549,2025,TRUE
Oklahoma City Thunder,2025-12-26,26,5,0.8387096774193549,2025,TRUE
Oklahoma City Thunder,2025-12-27,26,5,0.8387096774193549,2025,TRUE
Oklahoma City Thunder,2025-12-28,27,5,0.84375,2025,TRUE
Oklahoma City Thunder,2025-12-29,27,5,0.84375,2025,TRUE
Oklahoma City Thunder,2025-12-30,28,5,0.8484848484848485,2025,TRUE
Oklahoma City Thunder,2025-12-31,28,5,0.8484848484848485,2025,TRUE
Oklahoma City Thunder,2026-01-01,29,5,0.8529411764705882,2026,TRUE
Oklahoma City Thunder,2026-01-02,29,5,0.8529411764705882,2026,TRUE
Oklahoma City Thunder,2026-01-03,30,5,0.8571428571428571,2026,TRUE
Oklahoma City Thunder,2026-01-04,30,5,0.8571428571428571,2026,TRUE
Oklahoma City Thunder,2026-01-05,30,6,0.8333333333333334,2026,TRUE
Oklahoma City Thunder,2026-01-06,30,7,0.8108108108108109,2026,TRUE
Oklahoma City Thunder,2026-01-07,30,7,0.8108108108108109,2026,TRUE
Oklahoma City Thunder,2026-01-08,31,7,0.8157894736842105,2026,TRUE
Oklahoma City Thunder,2026-01-09,31,7,0.8157894736842105,2026,TRUE
Oklahoma City Thunder,2026-01-10,32,7,0.8205128205128205,2026,TRUE
Oklahoma City Thunder,2026-01-11,32,7,0.8205128205128205,2026,TRUE
Oklahoma City Thunder,2026-01-12,33,7,0.825,2026,TRUE
Oklahoma City Thunder,2026-01-13,33,7,0.825,2026,TRUE
Oklahoma City Thunder,2026-01-14,34,7,0.8292682926829268,2026,TRUE
Oklahoma City Thunder,2026-01-15,34,7,0.8292682926829268,2026,TRUE
Oklahoma City Thunder,2026-01-16,35,7,0.8333333333333334,2026,TRUE
Oklahoma City Thunder,2026-01-17,35,7,0.8333333333333334,2026,TRUE
Oklahoma City Thunder,2026-01-18,35,8,0.813953488372093,2026,TRUE
Oklahoma City Thunder,2026-01-19,36,8,0.8181818181818182,2026,TRUE
Oklahoma City Thunder,2026-01-20,36,8,0.8181818181818182,2026,TRUE
Oklahoma City Thunder,2026-01-21,36,8,0.8181818181818182,2026,TRUE
Oklahoma City Thunder,2026-01-22,37,8,0.8222222222222222,2026,TRUE
Oklahoma City Thunder,2026-01-23,37,8,0.8222222222222222,2026,TRUE
Oklahoma City Thunder,2026-01-24,37,9,0.8043478260869565,2026,TRUE
Oklahoma City Thunder,2026-01-25,37,9,0.8043478260869565,2026,TRUE
Oklahoma City Thunder,2026-01-26,37,10,0.7872340425531915,2026,TRUE
Oklahoma City Thunder,2026-01-27,37,10,0.7872340425531915,2026,TRUE
Oklahoma City Thunder,2026-01-28,38,10,0.7916666666666666,2026,TRUE
Oklahoma City Thunder,2026-01-29,38,10,0.7916666666666666,2026,TRUE
Oklahoma City Thunder,2026-01-30,38,11,0.7755102040816326,2026,TRUE
Oklahoma City Thunder,2026-01-31,38,11,0.7755102040816326,2026,TRUE
Oklahoma City Thunder,2026-02-01,38,11,0.7755102040816326,2026,TRUE
Oklahoma City Thunder,2026-02-02,39,11,0.78,2026,TRUE
Oklahoma City Thunder,2026-02-03,39,11,0.78,2026,TRUE
Oklahoma City Thunder,2026-02-04,40,11,0.7843137254901961,2026,TRUE
Oklahoma City Thunder,2026-02-05,40,12,0.7692307692307693,2026,TRUE
Oklahoma City Thunder,2026-02-06,40,12,0.7692307692307693,2026,TRUE
Oklahoma City Thunder,2026-02-07,40,13,0.7547169811320755,2026,TRUE
Oklahoma City Thunder,2026-02-08,40,13,0.7547169811320755,2026,TRUE
Oklahoma City Thunder,2026-02-10,41,13,0.7592592592592593,2026,TRUE
Oklahoma City Thunder,2026-02-11,41,13,0.7592592592592593,2026,TRUE
Oklahoma City Thunder,2026-02-12,42,13,0.7636363636363637,2026,TRUE
Oklahoma City Thunder,2026-02-13,42,14,0.75,2026,TRUE
Oklahoma City Thunder,2026-02-15,42,14,0.75,2026,TRUE
Oklahoma City Thunder,2026-02-16,42,14,0.75,2026,TRUE
Oklahoma City Thunder,2026-02-20,42,14,0.75,2026,TRUE
Oklahoma City Thunder,2026-02-21,43,14,0.7543859649122807,2026,TRUE
Oklahoma City Thunder,2026-02-22,44,14,0.7586206896551724,2026,TRUE
Oklahoma City Thunder,2026-02-23,44,14,0.7586206896551724,2026,TRUE
Oklahoma City Thunder,2026-02-24,44,14,0.7586206896551724,2026,TRUE
Oklahoma City Thunder,2026-02-25,45,14,0.7627118644067796,2026,TRUE
Oklahoma City Thunder,2026-02-26,45,15,0.75,2026,TRUE
Oklahoma City Thunder,2026-02-27,45,15,0.75,2026,TRUE
Oklahoma City Thunder,2026-02-28,46,15,0.7540983606557377,2026,TRUE
Oklahoma City Thunder,2026-03-01,46,15,0.7540983606557377,2026,TRUE
Oklahoma City Thunder,2026-03-02,47,15,0.7580645161290323,2026,TRUE
Oklahoma City Thunder,2026-03-03,47,15,0.7580645161290323,2026,TRUE
Oklahoma City Thunder,2026-03-04,48,15,0.7619047619047619,2026,TRUE
Oklahoma City Thunder,2026-03-05,49,15,0.765625,2026,TRUE
Oklahoma City Thunder,2026-03-06,49,15,0.765625,2026,TRUE
Oklahoma City Thunder,2026-03-07,49,15,0.765625,2026,TRUE
Oklahoma City Thunder,2026-03-08,50,15,0.7692307692307693,2026,TRUE
Oklahoma City Thunder,2026-03-09,51,15,0.7727272727272727,2026,TRUE
Oklahoma City Thunder,2026-03-10,51,15,0.7727272727272727,2026,TRUE
Oklahoma City Thunder,2026-03-11,51,15,0.7727272727272727,2026,TRUE
Oklahoma City Thunder,2026-03-12,51,15,0.7727272727272727,2026,TRUE
Oklahoma City Thunder,2026-03-13,52,15,0.7761194029850746,2026,TRUE
Oklahoma City Thunder,2026-03-14,52,15,0.7761194029850746,2026,TRUE
Oklahoma City Thunder,2026-03-15,53,15,0.7794117647058824,2026,TRUE
Oklahoma City Thunder,2026-03-16,53,15,0.7794117647058824,2026,TRUE
Oklahoma City Thunder,2026-03-17,54,15,0.782608695652174,2026,TRUE
Oklahoma City Thunder,2026-03-18,55,15,0.7857142857142857,2026,TRUE
Oklahoma City Thunder,2026-03-19,55,15,0.7857142857142857,2026,TRUE
Oklahoma City Thunder,2026-03-20,55,15,0.7857142857142857,2026,TRUE
Oklahoma City Thunder,2026-03-21,56,15,0.7887323943661971,2026,TRUE
Oklahoma City Thunder,2026-03-22,56,15,0.7887323943661971,2026,TRUE
Oklahoma City Thunder,2026-03-23,57,15,0.7916666666666666,2026,TRUE
Oklahoma City Thunder,2026-03-24,57,15,0.7916666666666666,2026,TRUE
Oklahoma City Thunder,2026-03-25,57,16,0.7808219178082192,2026,TRUE
Oklahoma City Thunder,2026-03-26,57,16,0.7808219178082192,2026,TRUE
Oklahoma City Thunder,2026-03-27,57,16,0.7808219178082192,2026,TRUE
Oklahoma City Thunder,2026-03-28,58,16,0.7837837837837838,2026,TRUE
Oklahoma City Thunder,2026-03-29,59,16,0.7866666666666666,2026,TRUE
Oklahoma City Thunder,2026-03-30,59,16,0.7866666666666666,2026,TRUE
Oklahoma City Thunder,2026-03-31,60,16,0.7894736842105263,2026,TRUE
Oklahoma City Thunder,2026-04-01,60,16,0.7894736842105263,2026,TRUE
Oklahoma City Thunder,2026-04-02,60,16,0.7894736842105263,2026,TRUE
Oklahoma City Thunder,2026-04-03,61,16,0.7922077922077922,2026,TRUE
Oklahoma City Thunder,2026-04-04,61,16,0.7922077922077922,2026,TRUE
Oklahoma City Thunder,2026-04-05,62,16,0.7948717948717948,2026,TRUE
Oklahoma City Thunder,2026-04-06,62,16,0.7948717948717948,2026,TRUE
Oklahoma City Thunder,2026-04-07,62,16,0.7948717948717948,2026,TRUE
Oklahoma City Thunder,2026-04-08,63,16,0.7974683544303798,2026,TRUE
Oklahoma City Thunder,2026-04-09,64,16,0.8,2026,TRUE
Oklahoma City Thunder,2026-04-10,64,16,0.8,2026,TRUE
Oklahoma City Thunder,2026-04-11,64,17,0.7901234567901234,2026,TRUE
Oklahoma City Thunder,2026-04-12,64,17,0.7901234567901234,2026,TRUE
Oklahoma City Thunder,2026-04-13,64,18,0.7804878048780488,2026,TRUE
Oklahoma City Thunder,2026-04-14,64,18,0.7804878048780488,2026,TRUE
Oklahoma City Thunder,2026-04-15,64,18,0.7804878048780488,2026,TRUE
Oklahoma City Thunder,2026-04-16,64,18,0.7804878048780488,2026,TRUE
Oklahoma City Thunder,2026-04-17,64,18,0.7804878048780488,2026,TRUE
Oklahoma City Thunder,2026-04-18,64,18,0.7804878048780488,2026,TRUE
Oklahoma City Thunder,2026-04-19,64,18,0.7804878048780488,2026,TRUE
Oklahoma City Thunder,2026-04-20,64,18,0.7804878048780488,2026,TRUE
Oklahoma City Thunder,2026-04-21,64,18,0.7804878048780488,2026,TRUE
Oklahoma City Thunder,2026-04-22,64,18,0.7804878048780488,2026,TRUE
Oklahoma City Thunder,2026-04-23,64,18,0.7804878048780488,2026,TRUE
Orlando Magic,2025-10-21,NA,NA,NA,2025,TRUE
Orlando Magic,2025-10-22,1,0,1,2025,TRUE
Orlando Magic,2025-10-23,1,0,1,2025,TRUE
Orlando Magic,2025-10-24,1,1,0.5,2025,TRUE
Orlando Magic,2025-10-25,1,2,0.3333333333333333,2025,TRUE
Orlando Magic,2025-10-26,1,2,0.3333333333333333,2025,TRUE
Orlando Magic,2025-10-27,1,3,0.25,2025,TRUE
Orlando Magic,2025-10-28,1,3,0.25,2025,TRUE
Orlando Magic,2025-10-29,1,4,0.2,2025,TRUE
Orlando Magic,2025-10-30,2,4,0.3333333333333333,2025,TRUE
Orlando Magic,2025-10-31,2,4,0.3333333333333333,2025,TRUE
Orlando Magic,2025-11-01,3,4,0.42857142857142855,2025,TRUE
Orlando Magic,2025-11-02,3,4,0.42857142857142855,2025,TRUE
Orlando Magic,2025-11-03,3,4,0.42857142857142855,2025,TRUE
Orlando Magic,2025-11-04,3,4,0.42857142857142855,2025,TRUE
Orlando Magic,2025-11-05,3,5,0.375,2025,TRUE
Orlando Magic,2025-11-06,3,5,0.375,2025,TRUE
Orlando Magic,2025-11-07,3,5,0.375,2025,TRUE
Orlando Magic,2025-11-08,4,5,0.4444444444444444,2025,TRUE
Orlando Magic,2025-11-09,4,6,0.4,2025,TRUE
Orlando Magic,2025-11-10,4,6,0.4,2025,TRUE
Orlando Magic,2025-11-11,5,6,0.45454545454545453,2025,TRUE
Orlando Magic,2025-11-12,5,6,0.45454545454545453,2025,TRUE
Orlando Magic,2025-11-13,6,6,0.5,2025,TRUE
Orlando Magic,2025-11-14,6,6,0.5,2025,TRUE
Orlando Magic,2025-11-15,7,6,0.5384615384615384,2025,TRUE
Orlando Magic,2025-11-16,7,6,0.5384615384615384,2025,TRUE
Orlando Magic,2025-11-17,7,7,0.5,2025,TRUE
Orlando Magic,2025-11-18,7,7,0.5,2025,TRUE
Orlando Magic,2025-11-19,8,7,0.5333333333333333,2025,TRUE
Orlando Magic,2025-11-20,8,7,0.5333333333333333,2025,TRUE
Orlando Magic,2025-11-21,9,7,0.5625,2025,TRUE
Orlando Magic,2025-11-22,10,7,0.5882352941176471,2025,TRUE
Orlando Magic,2025-11-23,10,8,0.5555555555555556,2025,TRUE
Orlando Magic,2025-11-24,10,8,0.5555555555555556,2025,TRUE
Orlando Magic,2025-11-25,10,8,0.5555555555555556,2025,TRUE
Orlando Magic,2025-11-26,11,8,0.5789473684210527,2025,TRUE
Orlando Magic,2025-11-27,11,8,0.5789473684210527,2025,TRUE
Orlando Magic,2025-11-29,12,8,0.6,2025,TRUE
Orlando Magic,2025-11-30,12,8,0.6,2025,TRUE
Orlando Magic,2025-12-01,12,8,0.6,2025,TRUE
Orlando Magic,2025-12-02,13,8,0.6190476190476191,2025,TRUE
Orlando Magic,2025-12-03,13,8,0.6190476190476191,2025,TRUE
Orlando Magic,2025-12-04,13,9,0.5909090909090909,2025,TRUE
Orlando Magic,2025-12-05,13,9,0.5909090909090909,2025,TRUE
Orlando Magic,2025-12-06,14,9,0.6086956521739131,2025,TRUE
Orlando Magic,2025-12-07,14,10,0.5833333333333334,2025,TRUE
Orlando Magic,2025-12-08,14,10,0.5833333333333334,2025,TRUE
Orlando Magic,2025-12-09,15,10,0.6,2025,TRUE
Orlando Magic,2025-12-10,15,10,0.6,2025,TRUE
Orlando Magic,2025-12-11,15,10,0.6,2025,TRUE
Orlando Magic,2025-12-12,15,10,0.6,2025,TRUE
Orlando Magic,2025-12-13,15,11,0.5769230769230769,2025,TRUE
Orlando Magic,2025-12-14,15,11,0.5769230769230769,2025,TRUE
Orlando Magic,2025-12-15,15,11,0.5769230769230769,2025,TRUE
Orlando Magic,2025-12-16,15,11,0.5769230769230769,2025,TRUE
Orlando Magic,2025-12-17,15,11,0.5769230769230769,2025,TRUE
Orlando Magic,2025-12-18,15,11,0.5769230769230769,2025,TRUE
Orlando Magic,2025-12-19,15,12,0.5555555555555556,2025,TRUE
Orlando Magic,2025-12-20,15,12,0.5555555555555556,2025,TRUE
Orlando Magic,2025-12-21,16,12,0.5714285714285714,2025,TRUE
Orlando Magic,2025-12-22,16,12,0.5714285714285714,2025,TRUE
Orlando Magic,2025-12-23,16,13,0.5517241379310345,2025,TRUE
Orlando Magic,2025-12-24,17,13,0.5666666666666667,2025,TRUE
Orlando Magic,2025-12-25,17,13,0.5666666666666667,2025,TRUE
Orlando Magic,2025-12-26,17,13,0.5666666666666667,2025,TRUE
Orlando Magic,2025-12-27,17,14,0.5483870967741935,2025,TRUE
Orlando Magic,2025-12-28,18,14,0.5625,2025,TRUE
Orlando Magic,2025-12-29,18,14,0.5625,2025,TRUE
Orlando Magic,2025-12-30,18,15,0.5454545454545454,2025,TRUE
Orlando Magic,2025-12-31,19,15,0.5588235294117647,2025,TRUE
Orlando Magic,2026-01-01,19,15,0.5588235294117647,2026,TRUE
Orlando Magic,2026-01-02,19,15,0.5588235294117647,2026,TRUE
Orlando Magic,2026-01-03,19,16,0.5428571428571428,2026,TRUE
Orlando Magic,2026-01-04,20,16,0.5555555555555556,2026,TRUE
Orlando Magic,2026-01-05,20,16,0.5555555555555556,2026,TRUE
Orlando Magic,2026-01-06,20,16,0.5555555555555556,2026,TRUE
Orlando Magic,2026-01-07,20,17,0.5405405405405406,2026,TRUE
Orlando Magic,2026-01-08,21,17,0.5526315789473685,2026,TRUE
Orlando Magic,2026-01-09,21,17,0.5526315789473685,2026,TRUE
Orlando Magic,2026-01-10,21,18,0.5384615384615384,2026,TRUE
Orlando Magic,2026-01-11,22,18,0.55,2026,TRUE
Orlando Magic,2026-01-12,22,18,0.55,2026,TRUE
Orlando Magic,2026-01-13,22,18,0.55,2026,TRUE
Orlando Magic,2026-01-14,22,18,0.55,2026,TRUE
Orlando Magic,2026-01-15,23,18,0.5609756097560976,2026,TRUE
Orlando Magic,2026-01-16,23,18,0.5609756097560976,2026,TRUE
Orlando Magic,2026-01-17,23,18,0.5609756097560976,2026,TRUE
Orlando Magic,2026-01-18,23,19,0.5476190476190477,2026,TRUE
Orlando Magic,2026-01-19,23,19,0.5476190476190477,2026,TRUE
Orlando Magic,2026-01-20,23,19,0.5476190476190477,2026,TRUE
Orlando Magic,2026-01-21,23,19,0.5476190476190477,2026,TRUE
Orlando Magic,2026-01-22,23,19,0.5476190476190477,2026,TRUE
Orlando Magic,2026-01-23,23,20,0.5348837209302325,2026,TRUE
Orlando Magic,2026-01-24,23,20,0.5348837209302325,2026,TRUE
Orlando Magic,2026-01-25,23,21,0.5227272727272727,2026,TRUE
Orlando Magic,2026-01-26,23,21,0.5227272727272727,2026,TRUE
Orlando Magic,2026-01-27,23,22,0.5111111111111111,2026,TRUE
Orlando Magic,2026-01-28,23,22,0.5111111111111111,2026,TRUE
Orlando Magic,2026-01-29,24,22,0.5217391304347826,2026,TRUE
Orlando Magic,2026-01-30,24,22,0.5217391304347826,2026,TRUE
Orlando Magic,2026-01-31,25,22,0.5319148936170213,2026,TRUE
Orlando Magic,2026-02-01,25,22,0.5319148936170213,2026,TRUE
Orlando Magic,2026-02-02,25,23,0.5208333333333334,2026,TRUE
Orlando Magic,2026-02-03,25,23,0.5208333333333334,2026,TRUE
Orlando Magic,2026-02-04,25,24,0.5102040816326531,2026,TRUE
Orlando Magic,2026-02-05,25,24,0.5102040816326531,2026,TRUE
Orlando Magic,2026-02-06,26,24,0.52,2026,TRUE
Orlando Magic,2026-02-07,26,24,0.52,2026,TRUE
Orlando Magic,2026-02-08,27,24,0.5294117647058824,2026,TRUE
Orlando Magic,2026-02-10,28,24,0.5384615384615384,2026,TRUE
Orlando Magic,2026-02-11,28,24,0.5384615384615384,2026,TRUE
Orlando Magic,2026-02-12,28,25,0.5283018867924528,2026,TRUE
Orlando Magic,2026-02-13,28,25,0.5283018867924528,2026,TRUE
Orlando Magic,2026-02-15,28,25,0.5283018867924528,2026,TRUE
Orlando Magic,2026-02-16,28,25,0.5283018867924528,2026,TRUE
Orlando Magic,2026-02-20,29,25,0.5370370370370371,2026,TRUE
Orlando Magic,2026-02-21,29,26,0.5272727272727272,2026,TRUE
Orlando Magic,2026-02-22,29,26,0.5272727272727272,2026,TRUE
Orlando Magic,2026-02-23,30,26,0.5357142857142857,2026,TRUE
Orlando Magic,2026-02-24,30,26,0.5357142857142857,2026,TRUE
Orlando Magic,2026-02-25,31,26,0.543859649122807,2026,TRUE
Orlando Magic,2026-02-26,31,26,0.543859649122807,2026,TRUE
Orlando Magic,2026-02-27,31,27,0.5344827586206896,2026,TRUE
Orlando Magic,2026-02-28,31,27,0.5344827586206896,2026,TRUE
Orlando Magic,2026-03-01,31,28,0.5254237288135594,2026,TRUE
Orlando Magic,2026-03-02,31,28,0.5254237288135594,2026,TRUE
Orlando Magic,2026-03-03,31,28,0.5254237288135594,2026,TRUE
Orlando Magic,2026-03-04,32,28,0.5333333333333333,2026,TRUE
Orlando Magic,2026-03-05,32,28,0.5333333333333333,2026,TRUE
Orlando Magic,2026-03-06,33,28,0.5409836065573771,2026,TRUE
Orlando Magic,2026-03-07,34,28,0.5483870967741935,2026,TRUE
Orlando Magic,2026-03-08,34,28,0.5483870967741935,2026,TRUE
Orlando Magic,2026-03-09,35,28,0.5555555555555556,2026,TRUE
Orlando Magic,2026-03-10,35,28,0.5555555555555556,2026,TRUE
Orlando Magic,2026-03-11,36,28,0.5625,2026,TRUE
Orlando Magic,2026-03-12,37,28,0.5692307692307692,2026,TRUE
Orlando Magic,2026-03-13,37,28,0.5692307692307692,2026,TRUE
Orlando Magic,2026-03-14,37,28,0.5692307692307692,2026,TRUE
Orlando Magic,2026-03-15,38,28,0.5757575757575758,2026,TRUE
Orlando Magic,2026-03-16,38,29,0.5671641791044776,2026,TRUE
Orlando Magic,2026-03-17,38,30,0.5588235294117647,2026,TRUE
Orlando Magic,2026-03-18,38,30,0.5588235294117647,2026,TRUE
Orlando Magic,2026-03-19,38,31,0.5507246376811594,2026,TRUE
Orlando Magic,2026-03-20,38,31,0.5507246376811594,2026,TRUE
Orlando Magic,2026-03-21,38,32,0.5428571428571428,2026,TRUE
Orlando Magic,2026-03-22,38,32,0.5428571428571428,2026,TRUE
Orlando Magic,2026-03-23,38,33,0.5352112676056338,2026,TRUE
Orlando Magic,2026-03-24,38,33,0.5352112676056338,2026,TRUE
Orlando Magic,2026-03-25,38,34,0.5277777777777778,2026,TRUE
Orlando Magic,2026-03-26,39,34,0.5342465753424658,2026,TRUE
Orlando Magic,2026-03-27,39,34,0.5342465753424658,2026,TRUE
Orlando Magic,2026-03-28,39,34,0.5342465753424658,2026,TRUE
Orlando Magic,2026-03-29,39,35,0.527027027027027,2026,TRUE
Orlando Magic,2026-03-30,39,35,0.527027027027027,2026,TRUE
Orlando Magic,2026-03-31,40,35,0.5333333333333333,2026,TRUE
Orlando Magic,2026-04-01,40,36,0.5263157894736842,2026,TRUE
Orlando Magic,2026-04-02,40,36,0.5263157894736842,2026,TRUE
Orlando Magic,2026-04-03,40,36,0.5263157894736842,2026,TRUE
Orlando Magic,2026-04-04,41,36,0.5324675324675324,2026,TRUE
Orlando Magic,2026-04-05,42,36,0.5384615384615384,2026,TRUE
Orlando Magic,2026-04-06,43,36,0.5443037974683544,2026,TRUE
Orlando Magic,2026-04-07,43,36,0.5443037974683544,2026,TRUE
Orlando Magic,2026-04-08,44,36,0.55,2026,TRUE
Orlando Magic,2026-04-09,44,36,0.55,2026,TRUE
Orlando Magic,2026-04-10,44,36,0.55,2026,TRUE
Orlando Magic,2026-04-11,45,36,0.5555555555555556,2026,TRUE
Orlando Magic,2026-04-12,45,37,0.5487804878048781,2026,TRUE
Orlando Magic,2026-04-13,45,37,0.5487804878048781,2026,TRUE
Orlando Magic,2026-04-14,45,37,0.5487804878048781,2026,TRUE
Orlando Magic,2026-04-15,45,37,0.5487804878048781,2026,TRUE
Orlando Magic,2026-04-16,45,37,0.5487804878048781,2026,TRUE
Orlando Magic,2026-04-17,45,37,0.5487804878048781,2026,TRUE
Orlando Magic,2026-04-18,45,37,0.5487804878048781,2026,TRUE
Orlando Magic,2026-04-19,45,37,0.5487804878048781,2026,TRUE
Orlando Magic,2026-04-20,45,37,0.5487804878048781,2026,TRUE
Orlando Magic,2026-04-21,45,37,0.5487804878048781,2026,TRUE
Orlando Magic,2026-04-22,45,37,0.5487804878048781,2026,TRUE
Orlando Magic,2026-04-23,45,37,0.5487804878048781,2026,TRUE
Philadelphia 76ers,2025-10-21,NA,NA,NA,2025,FALSE
Philadelphia 76ers,2025-10-22,1,0,1,2025,FALSE
Philadelphia 76ers,2025-10-23,1,0,1,2025,FALSE
Philadelphia 76ers,2025-10-24,1,0,1,2025,FALSE
Philadelphia 76ers,2025-10-25,2,0,1,2025,FALSE
Philadelphia 76ers,2025-10-26,2,0,1,2025,FALSE
Philadelphia 76ers,2025-10-27,3,0,1,2025,FALSE
Philadelphia 76ers,2025-10-28,4,0,1,2025,FALSE
Philadelphia 76ers,2025-10-29,4,0,1,2025,FALSE
Philadelphia 76ers,2025-10-30,4,0,1,2025,FALSE
Philadelphia 76ers,2025-10-31,4,1,0.8,2025,FALSE
Philadelphia 76ers,2025-11-01,4,1,0.8,2025,FALSE
Philadelphia 76ers,2025-11-02,5,1,0.8333333333333334,2025,FALSE
Philadelphia 76ers,2025-11-03,5,1,0.8333333333333334,2025,FALSE
Philadelphia 76ers,2025-11-04,5,1,0.8333333333333334,2025,FALSE
Philadelphia 76ers,2025-11-05,5,2,0.7142857142857143,2025,FALSE
Philadelphia 76ers,2025-11-06,5,3,0.625,2025,FALSE
Philadelphia 76ers,2025-11-07,5,3,0.625,2025,FALSE
Philadelphia 76ers,2025-11-08,5,3,0.625,2025,FALSE
Philadelphia 76ers,2025-11-09,6,3,0.6666666666666666,2025,FALSE
Philadelphia 76ers,2025-11-10,6,4,0.6,2025,FALSE
Philadelphia 76ers,2025-11-11,6,4,0.6,2025,FALSE
Philadelphia 76ers,2025-11-12,7,4,0.6363636363636364,2025,FALSE
Philadelphia 76ers,2025-11-13,7,4,0.6363636363636364,2025,FALSE
Philadelphia 76ers,2025-11-14,7,4,0.6363636363636364,2025,FALSE
Philadelphia 76ers,2025-11-15,7,5,0.5833333333333334,2025,FALSE
Philadelphia 76ers,2025-11-16,7,5,0.5833333333333334,2025,FALSE
Philadelphia 76ers,2025-11-17,7,5,0.5833333333333334,2025,FALSE
Philadelphia 76ers,2025-11-18,8,5,0.6153846153846154,2025,FALSE
Philadelphia 76ers,2025-11-19,8,5,0.6153846153846154,2025,FALSE
Philadelphia 76ers,2025-11-20,8,6,0.5714285714285714,2025,FALSE
Philadelphia 76ers,2025-11-21,9,6,0.6,2025,FALSE
Philadelphia 76ers,2025-11-22,9,6,0.6,2025,FALSE
Philadelphia 76ers,2025-11-23,9,7,0.5625,2025,FALSE
Philadelphia 76ers,2025-11-24,9,7,0.5625,2025,FALSE
Philadelphia 76ers,2025-11-25,9,7,0.5625,2025,FALSE
Philadelphia 76ers,2025-11-26,9,8,0.5294117647058824,2025,FALSE
Philadelphia 76ers,2025-11-27,9,8,0.5294117647058824,2025,FALSE
Philadelphia 76ers,2025-11-29,10,8,0.5555555555555556,2025,FALSE
Philadelphia 76ers,2025-11-30,10,9,0.5263157894736842,2025,FALSE
Philadelphia 76ers,2025-12-01,10,9,0.5263157894736842,2025,FALSE
Philadelphia 76ers,2025-12-02,10,9,0.5263157894736842,2025,FALSE
Philadelphia 76ers,2025-12-03,11,9,0.55,2025,FALSE
Philadelphia 76ers,2025-12-04,11,9,0.55,2025,FALSE
Philadelphia 76ers,2025-12-05,12,9,0.5714285714285714,2025,FALSE
Philadelphia 76ers,2025-12-06,45,37,0.5487804878048781,2025,FALSE
Philadelphia 76ers,2025-12-07,45,37,0.5487804878048781,2025,FALSE
Philadelphia 76ers,2025-12-08,13,10,0.5652173913043478,2025,FALSE
Philadelphia 76ers,2025-12-09,13,10,0.5652173913043478,2025,FALSE
Philadelphia 76ers,2025-12-10,13,10,0.5652173913043478,2025,FALSE
Philadelphia 76ers,2025-12-11,13,10,0.5652173913043478,2025,FALSE
Philadelphia 76ers,2025-12-12,13,10,0.5652173913043478,2025,FALSE
Philadelphia 76ers,2025-12-13,14,10,0.5833333333333334,2025,FALSE
Philadelphia 76ers,2025-12-14,14,11,0.56,2025,FALSE
Philadelphia 76ers,2025-12-15,14,11,0.56,2025,FALSE
Philadelphia 76ers,2025-12-16,14,11,0.56,2025,FALSE
Philadelphia 76ers,2025-12-17,14,11,0.56,2025,FALSE
Philadelphia 76ers,2025-12-18,14,11,0.56,2025,FALSE
Philadelphia 76ers,2025-12-19,14,11,0.56,2025,FALSE
Philadelphia 76ers,2025-12-20,15,11,0.5769230769230769,2025,FALSE
Philadelphia 76ers,2025-12-21,16,11,0.5925925925925926,2025,FALSE
Philadelphia 76ers,2025-12-22,16,11,0.5925925925925926,2025,FALSE
Philadelphia 76ers,2025-12-23,16,11,0.5925925925925926,2025,FALSE
Philadelphia 76ers,2025-12-24,16,12,0.5714285714285714,2025,FALSE
Philadelphia 76ers,2025-12-25,16,12,0.5714285714285714,2025,FALSE
Philadelphia 76ers,2025-12-26,16,12,0.5714285714285714,2025,FALSE
Philadelphia 76ers,2025-12-27,16,13,0.5517241379310345,2025,FALSE
Philadelphia 76ers,2025-12-28,16,14,0.5333333333333333,2025,FALSE
Philadelphia 76ers,2025-12-29,16,14,0.5333333333333333,2025,FALSE
Philadelphia 76ers,2025-12-30,16,14,0.5333333333333333,2025,FALSE
Philadelphia 76ers,2025-12-31,17,14,0.5483870967741935,2025,FALSE
Philadelphia 76ers,2026-01-01,17,14,0.5483870967741935,2026,TRUE
Philadelphia 76ers,2026-01-02,18,14,0.5625,2026,TRUE
Philadelphia 76ers,2026-01-03,18,14,0.5625,2026,TRUE
Philadelphia 76ers,2026-01-04,19,14,0.5757575757575758,2026,TRUE
Philadelphia 76ers,2026-01-05,19,14,0.5757575757575758,2026,TRUE
Philadelphia 76ers,2026-01-06,19,15,0.5588235294117647,2026,TRUE
Philadelphia 76ers,2026-01-07,19,15,0.5588235294117647,2026,TRUE
Philadelphia 76ers,2026-01-08,20,15,0.5714285714285714,2026,TRUE
Philadelphia 76ers,2026-01-09,20,15,0.5714285714285714,2026,TRUE
Philadelphia 76ers,2026-01-10,21,15,0.5833333333333334,2026,TRUE
Philadelphia 76ers,2026-01-11,21,16,0.5675675675675675,2026,TRUE
Philadelphia 76ers,2026-01-12,21,16,0.5675675675675675,2026,TRUE
Philadelphia 76ers,2026-01-13,22,16,0.5789473684210527,2026,TRUE
Philadelphia 76ers,2026-01-14,22,16,0.5789473684210527,2026,TRUE
Philadelphia 76ers,2026-01-15,22,17,0.5641025641025641,2026,TRUE
Philadelphia 76ers,2026-01-16,22,17,0.5641025641025641,2026,TRUE
Philadelphia 76ers,2026-01-17,22,18,0.55,2026,TRUE
Philadelphia 76ers,2026-01-18,22,18,0.55,2026,TRUE
Philadelphia 76ers,2026-01-19,22,18,0.55,2026,TRUE
Philadelphia 76ers,2026-01-20,23,18,0.5609756097560976,2026,TRUE
Philadelphia 76ers,2026-01-21,23,19,0.5476190476190477,2026,TRUE
Philadelphia 76ers,2026-01-22,23,19,0.5476190476190477,2026,TRUE
Philadelphia 76ers,2026-01-23,24,19,0.5581395348837209,2026,TRUE
Philadelphia 76ers,2026-01-24,24,20,0.5454545454545454,2026,TRUE
Philadelphia 76ers,2026-01-25,24,20,0.5454545454545454,2026,TRUE
Philadelphia 76ers,2026-01-26,24,21,0.5333333333333333,2026,TRUE
Philadelphia 76ers,2026-01-27,24,21,0.5333333333333333,2026,TRUE
Philadelphia 76ers,2026-01-28,25,21,0.5434782608695652,2026,TRUE
Philadelphia 76ers,2026-01-29,25,21,0.5434782608695652,2026,TRUE
Philadelphia 76ers,2026-01-30,26,21,0.5531914893617021,2026,TRUE
Philadelphia 76ers,2026-01-31,26,21,0.5531914893617021,2026,TRUE
Philadelphia 76ers,2026-02-01,27,21,0.5625,2026,TRUE
Philadelphia 76ers,2026-02-02,27,21,0.5625,2026,TRUE
Philadelphia 76ers,2026-02-03,28,21,0.5714285714285714,2026,TRUE
Philadelphia 76ers,2026-02-04,29,21,0.58,2026,TRUE
Philadelphia 76ers,2026-02-05,29,21,0.58,2026,TRUE
Philadelphia 76ers,2026-02-06,29,22,0.5686274509803921,2026,TRUE
Philadelphia 76ers,2026-02-07,29,22,0.5686274509803921,2026,TRUE
Philadelphia 76ers,2026-02-08,30,22,0.5769230769230769,2026,TRUE
Philadelphia 76ers,2026-02-10,30,23,0.5660377358490566,2026,TRUE
Philadelphia 76ers,2026-02-11,30,23,0.5660377358490566,2026,TRUE
Philadelphia 76ers,2026-02-12,30,24,0.5555555555555556,2026,TRUE
Philadelphia 76ers,2026-02-13,30,24,0.5555555555555556,2026,TRUE
Philadelphia 76ers,2026-02-15,30,24,0.5555555555555556,2026,TRUE
Philadelphia 76ers,2026-02-16,30,24,0.5555555555555556,2026,TRUE
Philadelphia 76ers,2026-02-20,30,25,0.5454545454545454,2026,TRUE
Philadelphia 76ers,2026-02-21,30,25,0.5454545454545454,2026,TRUE
Philadelphia 76ers,2026-02-22,30,26,0.5357142857142857,2026,TRUE
Philadelphia 76ers,2026-02-23,31,26,0.543859649122807,2026,TRUE
Philadelphia 76ers,2026-02-24,31,26,0.543859649122807,2026,TRUE
Philadelphia 76ers,2026-02-25,32,26,0.5517241379310345,2026,TRUE
Philadelphia 76ers,2026-02-26,32,26,0.5517241379310345,2026,TRUE
Philadelphia 76ers,2026-02-27,33,26,0.559322033898305,2026,TRUE
Philadelphia 76ers,2026-02-28,33,26,0.559322033898305,2026,TRUE
Philadelphia 76ers,2026-03-01,33,26,0.559322033898305,2026,TRUE
Philadelphia 76ers,2026-03-02,33,27,0.55,2026,TRUE
Philadelphia 76ers,2026-03-03,33,27,0.55,2026,TRUE
Philadelphia 76ers,2026-03-04,33,28,0.5409836065573771,2026,TRUE
Philadelphia 76ers,2026-03-05,34,28,0.5483870967741935,2026,TRUE
Philadelphia 76ers,2026-03-06,34,28,0.5483870967741935,2026,TRUE
Philadelphia 76ers,2026-03-07,34,29,0.5396825396825397,2026,TRUE
Philadelphia 76ers,2026-03-08,34,29,0.5396825396825397,2026,TRUE
Philadelphia 76ers,2026-03-09,34,30,0.53125,2026,TRUE
Philadelphia 76ers,2026-03-10,35,30,0.5384615384615384,2026,TRUE
Philadelphia 76ers,2026-03-11,35,30,0.5384615384615384,2026,TRUE
Philadelphia 76ers,2026-03-12,35,31,0.5303030303030303,2026,TRUE
Philadelphia 76ers,2026-03-13,35,31,0.5303030303030303,2026,TRUE
Philadelphia 76ers,2026-03-14,36,31,0.5373134328358209,2026,TRUE
Philadelphia 76ers,2026-03-15,37,31,0.5441176470588235,2026,TRUE
Philadelphia 76ers,2026-03-16,37,31,0.5441176470588235,2026,TRUE
Philadelphia 76ers,2026-03-17,37,31,0.5441176470588235,2026,TRUE
Philadelphia 76ers,2026-03-18,37,32,0.5362318840579711,2026,TRUE
Philadelphia 76ers,2026-03-19,37,32,0.5362318840579711,2026,TRUE
Philadelphia 76ers,2026-03-20,38,32,0.5428571428571428,2026,TRUE
Philadelphia 76ers,2026-03-21,38,32,0.5428571428571428,2026,TRUE
Philadelphia 76ers,2026-03-22,39,32,0.5492957746478874,2026,TRUE
Philadelphia 76ers,2026-03-23,39,33,0.5416666666666666,2026,TRUE
Philadelphia 76ers,2026-03-24,39,33,0.5416666666666666,2026,TRUE
Philadelphia 76ers,2026-03-25,40,33,0.547945205479452,2026,TRUE
Philadelphia 76ers,2026-03-26,40,33,0.547945205479452,2026,TRUE
Philadelphia 76ers,2026-03-27,40,33,0.547945205479452,2026,TRUE
Philadelphia 76ers,2026-03-28,41,33,0.5540540540540541,2026,TRUE
Philadelphia 76ers,2026-03-29,41,33,0.5540540540540541,2026,TRUE
Philadelphia 76ers,2026-03-30,41,34,0.5466666666666666,2026,TRUE
Philadelphia 76ers,2026-03-31,41,34,0.5466666666666666,2026,TRUE
Philadelphia 76ers,2026-04-01,42,34,0.5526315789473685,2026,TRUE
Philadelphia 76ers,2026-04-02,42,34,0.5526315789473685,2026,TRUE
Philadelphia 76ers,2026-04-03,43,34,0.5584415584415584,2026,TRUE
Philadelphia 76ers,2026-04-04,43,35,0.5512820512820513,2026,TRUE
Philadelphia 76ers,2026-04-05,43,35,0.5512820512820513,2026,TRUE
Philadelphia 76ers,2026-04-06,43,35,0.5512820512820513,2026,TRUE
Philadelphia 76ers,2026-04-07,43,36,0.5443037974683544,2026,TRUE
Philadelphia 76ers,2026-04-08,43,36,0.5443037974683544,2026,TRUE
Philadelphia 76ers,2026-04-09,43,36,0.5443037974683544,2026,TRUE
Philadelphia 76ers,2026-04-10,43,37,0.5375,2026,TRUE
Philadelphia 76ers,2026-04-11,43,37,0.5375,2026,TRUE
Philadelphia 76ers,2026-04-12,45,37,0.5487804878048781,2026,TRUE
Philadelphia 76ers,2026-04-13,45,37,0.5487804878048781,2026,TRUE
Philadelphia 76ers,2026-04-14,45,37,0.5487804878048781,2026,TRUE
Philadelphia 76ers,2026-04-15,45,37,0.5487804878048781,2026,TRUE
Philadelphia 76ers,2026-04-16,45,37,0.5487804878048781,2026,TRUE
Philadelphia 76ers,2026-04-17,45,37,0.5487804878048781,2026,TRUE
Philadelphia 76ers,2026-04-18,45,37,0.5487804878048781,2026,TRUE
Philadelphia 76ers,2026-04-19,45,37,0.5487804878048781,2026,TRUE
Philadelphia 76ers,2026-04-20,45,37,0.5487804878048781,2026,TRUE
Philadelphia 76ers,2026-04-21,45,37,0.5487804878048781,2026,TRUE
Philadelphia 76ers,2026-04-22,45,37,0.5487804878048781,2026,TRUE
Philadelphia 76ers,2026-04-23,45,37,0.5487804878048781,2026,TRUE
Phoenix Suns,2025-10-21,NA,NA,NA,2025,FALSE
Phoenix Suns,2025-10-22,NA,NA,NA,2025,FALSE
Phoenix Suns,2025-10-23,1,0,1,2025,FALSE
Phoenix Suns,2025-10-24,1,0,1,2025,FALSE
Phoenix Suns,2025-10-25,1,1,0.5,2025,FALSE
Phoenix Suns,2025-10-26,1,2,0.3333333333333333,2025,FALSE
Phoenix Suns,2025-10-27,1,2,0.3333333333333333,2025,FALSE
Phoenix Suns,2025-10-28,1,3,0.25,2025,FALSE
Phoenix Suns,2025-10-29,1,3,0.25,2025,FALSE
Phoenix Suns,2025-10-30,1,4,0.2,2025,FALSE
Phoenix Suns,2025-10-31,1,4,0.2,2025,FALSE
Phoenix Suns,2025-11-01,2,4,0.3333333333333333,2025,FALSE
Phoenix Suns,2025-11-02,2,4,0.3333333333333333,2025,FALSE
Phoenix Suns,2025-11-03,3,4,0.42857142857142855,2025,FALSE
Phoenix Suns,2025-11-04,3,4,0.42857142857142855,2025,FALSE
Phoenix Suns,2025-11-05,3,5,0.375,2025,FALSE
Phoenix Suns,2025-11-06,3,5,0.375,2025,FALSE
Phoenix Suns,2025-11-07,4,5,0.4444444444444444,2025,FALSE
Phoenix Suns,2025-11-08,4,5,0.4444444444444444,2025,FALSE
Phoenix Suns,2025-11-09,5,5,0.5,2025,FALSE
Phoenix Suns,2025-11-10,5,5,0.5,2025,FALSE
Phoenix Suns,2025-11-11,6,5,0.5454545454545454,2025,FALSE
Phoenix Suns,2025-11-12,6,5,0.5454545454545454,2025,FALSE
Phoenix Suns,2025-11-13,7,5,0.5833333333333334,2025,FALSE
Phoenix Suns,2025-11-14,8,5,0.6153846153846154,2025,FALSE
Phoenix Suns,2025-11-15,8,5,0.6153846153846154,2025,FALSE
Phoenix Suns,2025-11-16,8,5,0.6153846153846154,2025,FALSE
Phoenix Suns,2025-11-17,8,6,0.5714285714285714,2025,FALSE
Phoenix Suns,2025-11-18,8,6,0.5714285714285714,2025,FALSE
Phoenix Suns,2025-11-19,9,6,0.6,2025,FALSE
Phoenix Suns,2025-11-20,9,6,0.6,2025,FALSE
Phoenix Suns,2025-11-21,9,6,0.6,2025,FALSE
Phoenix Suns,2025-11-22,10,6,0.625,2025,FALSE
Phoenix Suns,2025-11-23,10,6,0.625,2025,FALSE
Phoenix Suns,2025-11-24,11,6,0.6470588235294118,2025,FALSE
Phoenix Suns,2025-11-25,11,7,0.6111111111111112,2025,FALSE
Phoenix Suns,2025-11-26,11,7,0.6111111111111112,2025,FALSE
Phoenix Suns,2025-11-27,12,7,0.631578947368421,2025,FALSE
Phoenix Suns,2025-11-29,12,8,0.6,2025,FALSE
Phoenix Suns,2025-11-30,12,9,0.5714285714285714,2025,FALSE
Phoenix Suns,2025-12-01,12,9,0.5714285714285714,2025,FALSE
Phoenix Suns,2025-12-02,13,9,0.5909090909090909,2025,FALSE
Phoenix Suns,2025-12-03,13,9,0.5909090909090909,2025,FALSE
Phoenix Suns,2025-12-04,13,9,0.5909090909090909,2025,FALSE
Phoenix Suns,2025-12-05,13,9,0.5909090909090909,2025,FALSE
Phoenix Suns,2025-12-06,13,10,0.5652173913043478,2025,FALSE
Phoenix Suns,2025-12-07,13,10,0.5652173913043478,2025,FALSE
Phoenix Suns,2025-12-08,13,10,0.5652173913043478,2025,FALSE
Phoenix Suns,2025-12-09,14,10,0.5833333333333334,2025,FALSE
Phoenix Suns,2025-12-10,14,10,0.5833333333333334,2025,FALSE
Phoenix Suns,2025-12-11,14,11,0.56,2025,FALSE
Phoenix Suns,2025-12-12,14,11,0.56,2025,FALSE
Phoenix Suns,2025-12-13,14,11,0.56,2025,FALSE
Phoenix Suns,2025-12-14,14,11,0.56,2025,FALSE
Phoenix Suns,2025-12-15,14,12,0.5384615384615384,2025,FALSE
Phoenix Suns,2025-12-16,14,12,0.5384615384615384,2025,FALSE
Phoenix Suns,2025-12-17,14,12,0.5384615384615384,2025,FALSE
Phoenix Suns,2025-12-18,14,12,0.5384615384615384,2025,FALSE
Phoenix Suns,2025-12-19,15,12,0.5555555555555556,2025,FALSE
Phoenix Suns,2025-12-20,15,12,0.5555555555555556,2025,FALSE
Phoenix Suns,2025-12-21,15,13,0.5357142857142857,2025,FALSE
Phoenix Suns,2025-12-22,15,13,0.5357142857142857,2025,FALSE
Phoenix Suns,2025-12-23,15,13,0.5357142857142857,2025,FALSE
Phoenix Suns,2025-12-24,16,13,0.5517241379310345,2025,FALSE
Phoenix Suns,2025-12-25,16,13,0.5517241379310345,2025,FALSE
Phoenix Suns,2025-12-26,16,13,0.5517241379310345,2025,FALSE
Phoenix Suns,2025-12-27,17,13,0.5666666666666667,2025,FALSE
Phoenix Suns,2025-12-28,18,13,0.5806451612903226,2025,FALSE
Phoenix Suns,2025-12-29,18,13,0.5806451612903226,2025,FALSE
Phoenix Suns,2025-12-30,19,13,0.59375,2025,FALSE
Phoenix Suns,2025-12-31,19,14,0.5757575757575758,2025,FALSE
Phoenix Suns,2026-01-01,19,14,0.5757575757575758,2026,TRUE
Phoenix Suns,2026-01-02,19,14,0.5757575757575758,2026,TRUE
Phoenix Suns,2026-01-03,20,14,0.5882352941176471,2026,TRUE
Phoenix Suns,2026-01-04,20,14,0.5882352941176471,2026,TRUE
Phoenix Suns,2026-01-05,21,14,0.6,2026,TRUE
Phoenix Suns,2026-01-06,21,15,0.5833333333333334,2026,TRUE
Phoenix Suns,2026-01-07,21,15,0.5833333333333334,2026,TRUE
Phoenix Suns,2026-01-08,22,15,0.5945945945945946,2026,TRUE
Phoenix Suns,2026-01-09,22,15,0.5945945945945946,2026,TRUE
Phoenix Suns,2026-01-10,23,15,0.6052631578947368,2026,TRUE
Phoenix Suns,2026-01-11,23,15,0.6052631578947368,2026,TRUE
Phoenix Suns,2026-01-12,24,15,0.6153846153846154,2026,TRUE
Phoenix Suns,2026-01-13,24,15,0.6153846153846154,2026,TRUE
Phoenix Suns,2026-01-14,24,16,0.6,2026,TRUE
Phoenix Suns,2026-01-15,24,16,0.6,2026,TRUE
Phoenix Suns,2026-01-16,24,17,0.5853658536585366,2026,TRUE
Phoenix Suns,2026-01-17,24,17,0.5853658536585366,2026,TRUE
Phoenix Suns,2026-01-18,25,17,0.5952380952380952,2026,TRUE
Phoenix Suns,2026-01-19,25,17,0.5952380952380952,2026,TRUE
Phoenix Suns,2026-01-20,26,17,0.6046511627906976,2026,TRUE
Phoenix Suns,2026-01-21,27,17,0.6136363636363636,2026,TRUE
Phoenix Suns,2026-01-22,27,17,0.6136363636363636,2026,TRUE
Phoenix Suns,2026-01-23,27,17,0.6136363636363636,2026,TRUE
Phoenix Suns,2026-01-24,27,18,0.6,2026,TRUE
Phoenix Suns,2026-01-25,27,18,0.6,2026,TRUE
Phoenix Suns,2026-01-26,27,19,0.5869565217391305,2026,TRUE
Phoenix Suns,2026-01-27,27,19,0.5869565217391305,2026,TRUE
Phoenix Suns,2026-01-28,28,19,0.5957446808510638,2026,TRUE
Phoenix Suns,2026-01-29,28,19,0.5957446808510638,2026,TRUE
Phoenix Suns,2026-01-30,29,19,0.6041666666666666,2026,TRUE
Phoenix Suns,2026-01-31,30,19,0.6122448979591837,2026,TRUE
Phoenix Suns,2026-02-01,30,19,0.6122448979591837,2026,TRUE
Phoenix Suns,2026-02-02,30,20,0.6,2026,TRUE
Phoenix Suns,2026-02-03,30,20,0.6,2026,TRUE
Phoenix Suns,2026-02-04,31,20,0.6078431372549019,2026,TRUE
Phoenix Suns,2026-02-05,31,20,0.6078431372549019,2026,TRUE
Phoenix Suns,2026-02-06,31,21,0.5961538461538461,2026,TRUE
Phoenix Suns,2026-02-07,31,21,0.5961538461538461,2026,TRUE
Phoenix Suns,2026-02-08,31,22,0.5849056603773585,2026,TRUE
Phoenix Suns,2026-02-10,31,22,0.5849056603773585,2026,TRUE
Phoenix Suns,2026-02-11,32,22,0.5925925925925926,2026,TRUE
Phoenix Suns,2026-02-12,32,23,0.5818181818181818,2026,TRUE
Phoenix Suns,2026-02-13,32,23,0.5818181818181818,2026,TRUE
Phoenix Suns,2026-02-15,32,23,0.5818181818181818,2026,TRUE
Phoenix Suns,2026-02-16,32,23,0.5818181818181818,2026,TRUE
Phoenix Suns,2026-02-20,32,24,0.5714285714285714,2026,TRUE
Phoenix Suns,2026-02-21,33,24,0.5789473684210527,2026,TRUE
Phoenix Suns,2026-02-22,33,24,0.5789473684210527,2026,TRUE
Phoenix Suns,2026-02-23,33,25,0.5689655172413793,2026,TRUE
Phoenix Suns,2026-02-24,33,25,0.5689655172413793,2026,TRUE
Phoenix Suns,2026-02-25,33,26,0.559322033898305,2026,TRUE
Phoenix Suns,2026-02-26,33,26,0.559322033898305,2026,TRUE
Phoenix Suns,2026-02-27,34,26,0.5666666666666667,2026,TRUE
Phoenix Suns,2026-02-28,34,26,0.5666666666666667,2026,TRUE
Phoenix Suns,2026-03-01,34,26,0.5666666666666667,2026,TRUE
Phoenix Suns,2026-03-02,34,26,0.5666666666666667,2026,TRUE
Phoenix Suns,2026-03-03,34,26,0.5666666666666667,2026,TRUE
Phoenix Suns,2026-03-04,35,26,0.5737704918032787,2026,TRUE
Phoenix Suns,2026-03-05,35,26,0.5737704918032787,2026,TRUE
Phoenix Suns,2026-03-06,35,27,0.5645161290322581,2026,TRUE
Phoenix Suns,2026-03-07,36,27,0.5714285714285714,2026,TRUE
Phoenix Suns,2026-03-08,36,27,0.5714285714285714,2026,TRUE
Phoenix Suns,2026-03-09,37,27,0.578125,2026,TRUE
Phoenix Suns,2026-03-10,37,27,0.578125,2026,TRUE
Phoenix Suns,2026-03-11,38,27,0.5846153846153846,2026,TRUE
Phoenix Suns,2026-03-12,39,27,0.5909090909090909,2026,TRUE
Phoenix Suns,2026-03-13,39,28,0.582089552238806,2026,TRUE
Phoenix Suns,2026-03-14,39,28,0.582089552238806,2026,TRUE
Phoenix Suns,2026-03-15,39,28,0.582089552238806,2026,TRUE
Phoenix Suns,2026-03-16,39,29,0.5735294117647058,2026,TRUE
Phoenix Suns,2026-03-17,39,29,0.5735294117647058,2026,TRUE
Phoenix Suns,2026-03-18,39,30,0.5652173913043478,2026,TRUE
Phoenix Suns,2026-03-19,39,30,0.5652173913043478,2026,TRUE
Phoenix Suns,2026-03-20,39,31,0.5571428571428572,2026,TRUE
Phoenix Suns,2026-03-21,39,31,0.5571428571428572,2026,TRUE
Phoenix Suns,2026-03-22,39,32,0.5492957746478874,2026,TRUE
Phoenix Suns,2026-03-23,40,32,0.5555555555555556,2026,TRUE
Phoenix Suns,2026-03-24,40,32,0.5555555555555556,2026,TRUE
Phoenix Suns,2026-03-25,40,33,0.547945205479452,2026,TRUE
Phoenix Suns,2026-03-26,40,33,0.547945205479452,2026,TRUE
Phoenix Suns,2026-03-27,40,33,0.547945205479452,2026,TRUE
Phoenix Suns,2026-03-28,40,33,0.547945205479452,2026,TRUE
Phoenix Suns,2026-03-29,41,33,0.5540540540540541,2026,TRUE
Phoenix Suns,2026-03-30,41,33,0.5540540540540541,2026,TRUE
Phoenix Suns,2026-03-31,42,33,0.56,2026,TRUE
Phoenix Suns,2026-04-01,42,33,0.56,2026,TRUE
Phoenix Suns,2026-04-02,42,35,0.5454545454545454,2026,TRUE
Phoenix Suns,2026-04-03,42,35,0.5454545454545454,2026,TRUE
Phoenix Suns,2026-04-04,42,35,0.5454545454545454,2026,TRUE
Phoenix Suns,2026-04-05,43,35,0.5512820512820513,2026,TRUE
Phoenix Suns,2026-04-06,43,35,0.5512820512820513,2026,TRUE
Phoenix Suns,2026-04-07,43,35,0.5512820512820513,2026,TRUE
Phoenix Suns,2026-04-08,43,36,0.5443037974683544,2026,TRUE
Phoenix Suns,2026-04-09,44,36,0.55,2026,TRUE
Phoenix Suns,2026-04-10,44,36,0.55,2026,TRUE
Phoenix Suns,2026-04-11,44,37,0.5432098765432098,2026,TRUE
Phoenix Suns,2026-04-12,44,37,0.5432098765432098,2026,TRUE
Phoenix Suns,2026-04-13,45,37,0.5487804878048781,2026,TRUE
Phoenix Suns,2026-04-14,45,37,0.5487804878048781,2026,TRUE
Phoenix Suns,2026-04-15,45,37,0.5487804878048781,2026,TRUE
Phoenix Suns,2026-04-16,45,37,0.5487804878048781,2026,TRUE
Phoenix Suns,2026-04-17,45,37,0.5487804878048781,2026,TRUE
Phoenix Suns,2026-04-18,45,37,0.5487804878048781,2026,TRUE
Phoenix Suns,2026-04-19,45,37,0.5487804878048781,2026,TRUE
Phoenix Suns,2026-04-20,45,37,0.5487804878048781,2026,TRUE
Phoenix Suns,2026-04-21,45,37,0.5487804878048781,2026,TRUE
Phoenix Suns,2026-04-22,45,37,0.5487804878048781,2026,TRUE
Phoenix Suns,2026-04-23,45,37,0.5487804878048781,2026,TRUE
Portland Trail Blazers,2025-10-21,NA,NA,NA,2025,FALSE
Portland Trail Blazers,2025-10-22,NA,NA,NA,2025,FALSE
Portland Trail Blazers,2025-10-23,0,1,0,2025,FALSE
Portland Trail Blazers,2025-10-24,0,1,0,2025,FALSE
Portland Trail Blazers,2025-10-25,1,1,0.5,2025,FALSE
Portland Trail Blazers,2025-10-26,1,1,0.5,2025,FALSE
Portland Trail Blazers,2025-10-27,1,2,0.3333333333333333,2025,FALSE
Portland Trail Blazers,2025-10-28,2,2,0.5,2025,FALSE
Portland Trail Blazers,2025-10-29,2,2,0.5,2025,FALSE
Portland Trail Blazers,2025-10-30,3,2,0.6,2025,FALSE
Portland Trail Blazers,2025-10-31,3,2,0.6,2025,FALSE
Portland Trail Blazers,2025-11-01,4,2,0.6666666666666666,2025,FALSE
Portland Trail Blazers,2025-11-02,4,2,0.6666666666666666,2025,FALSE
Portland Trail Blazers,2025-11-03,4,2,0.6666666666666666,2025,FALSE
Portland Trail Blazers,2025-11-04,4,3,0.5714285714285714,2025,FALSE
Portland Trail Blazers,2025-11-05,4,3,0.5714285714285714,2025,FALSE
Portland Trail Blazers,2025-11-06,5,3,0.625,2025,FALSE
Portland Trail Blazers,2025-11-07,5,3,0.625,2025,FALSE
Portland Trail Blazers,2025-11-08,5,3,0.625,2025,FALSE
Portland Trail Blazers,2025-11-09,5,4,0.5555555555555556,2025,FALSE
Portland Trail Blazers,2025-11-10,5,4,0.5555555555555556,2025,FALSE
Portland Trail Blazers,2025-11-11,5,5,0.5,2025,FALSE
Portland Trail Blazers,2025-11-12,5,5,0.5,2025,FALSE
Portland Trail Blazers,2025-11-13,6,5,0.5454545454545454,2025,FALSE
Portland Trail Blazers,2025-11-14,6,5,0.5454545454545454,2025,FALSE
Portland Trail Blazers,2025-11-15,6,6,0.5,2025,FALSE
Portland Trail Blazers,2025-11-16,6,6,0.5,2025,FALSE
Portland Trail Blazers,2025-11-17,6,7,0.46153846153846156,2025,FALSE
Portland Trail Blazers,2025-11-18,6,7,0.46153846153846156,2025,FALSE
Portland Trail Blazers,2025-11-19,6,8,0.42857142857142855,2025,FALSE
Portland Trail Blazers,2025-11-20,6,9,0.4,2025,FALSE
Portland Trail Blazers,2025-11-21,6,9,0.4,2025,FALSE
Portland Trail Blazers,2025-11-22,7,9,0.4375,2025,FALSE
Portland Trail Blazers,2025-11-23,7,9,0.4375,2025,FALSE
Portland Trail Blazers,2025-11-24,7,10,0.4117647058823529,2025,FALSE
Portland Trail Blazers,2025-11-25,8,10,0.4444444444444444,2025,FALSE
Portland Trail Blazers,2025-11-26,8,10,0.4444444444444444,2025,FALSE
Portland Trail Blazers,2025-11-27,8,11,0.42105263157894735,2025,FALSE
Portland Trail Blazers,2025-11-29,8,11,0.42105263157894735,2025,FALSE
Portland Trail Blazers,2025-11-30,8,12,0.4,2025,FALSE
Portland Trail Blazers,2025-12-01,8,12,0.4,2025,FALSE
Portland Trail Blazers,2025-12-02,8,12,0.4,2025,FALSE
Portland Trail Blazers,2025-12-03,8,13,0.38095238095238093,2025,FALSE
Portland Trail Blazers,2025-12-04,9,13,0.4090909090909091,2025,FALSE
Portland Trail Blazers,2025-12-05,9,13,0.4090909090909091,2025,FALSE
Portland Trail Blazers,2025-12-06,9,14,0.391304347826087,2025,FALSE
Portland Trail Blazers,2025-12-07,9,15,0.375,2025,FALSE
Portland Trail Blazers,2025-12-08,9,15,0.375,2025,FALSE
Portland Trail Blazers,2025-12-09,9,15,0.375,2025,FALSE
Portland Trail Blazers,2025-12-10,9,15,0.375,2025,FALSE
Portland Trail Blazers,2025-12-11,9,15,0.375,2025,FALSE
Portland Trail Blazers,2025-12-12,9,16,0.36,2025,FALSE
Portland Trail Blazers,2025-12-13,9,16,0.36,2025,FALSE
Portland Trail Blazers,2025-12-14,9,16,0.36,2025,FALSE
Portland Trail Blazers,2025-12-15,10,16,0.38461538461538464,2025,FALSE
Portland Trail Blazers,2025-12-16,10,16,0.38461538461538464,2025,FALSE
Portland Trail Blazers,2025-12-17,10,16,0.38461538461538464,2025,FALSE
Portland Trail Blazers,2025-12-18,10,16,0.38461538461538464,2025,FALSE
Portland Trail Blazers,2025-12-19,11,16,0.4074074074074074,2025,FALSE
Portland Trail Blazers,2025-12-20,11,16,0.4074074074074074,2025,FALSE
Portland Trail Blazers,2025-12-21,12,16,0.42857142857142855,2025,FALSE
Portland Trail Blazers,2025-12-22,12,16,0.42857142857142855,2025,FALSE
Portland Trail Blazers,2025-12-23,12,17,0.41379310344827586,2025,FALSE
Portland Trail Blazers,2025-12-24,12,18,0.4,2025,FALSE
Portland Trail Blazers,2025-12-25,12,18,0.4,2025,FALSE
Portland Trail Blazers,2025-12-26,12,18,0.4,2025,FALSE
Portland Trail Blazers,2025-12-27,12,19,0.3870967741935484,2025,FALSE
Portland Trail Blazers,2025-12-28,13,19,0.40625,2025,FALSE
Portland Trail Blazers,2025-12-29,13,19,0.40625,2025,FALSE
Portland Trail Blazers,2025-12-30,14,19,0.42424242424242425,2025,FALSE
Portland Trail Blazers,2025-12-31,14,19,0.42424242424242425,2025,FALSE
Portland Trail Blazers,2026-01-01,14,20,0.4117647058823529,2026,TRUE
Portland Trail Blazers,2026-01-02,14,20,0.4117647058823529,2026,TRUE
Portland Trail Blazers,2026-01-03,15,20,0.42857142857142855,2026,TRUE
Portland Trail Blazers,2026-01-04,16,20,0.4444444444444444,2026,TRUE
Portland Trail Blazers,2026-01-05,16,20,0.4444444444444444,2026,TRUE
Portland Trail Blazers,2026-01-06,17,20,0.4594594594594595,2026,TRUE
Portland Trail Blazers,2026-01-07,17,20,0.4594594594594595,2026,TRUE
Portland Trail Blazers,2026-01-08,18,20,0.47368421052631576,2026,TRUE
Portland Trail Blazers,2026-01-09,18,20,0.47368421052631576,2026,TRUE
Portland Trail Blazers,2026-01-10,19,20,0.48717948717948717,2026,TRUE
Portland Trail Blazers,2026-01-11,19,21,0.475,2026,TRUE
Portland Trail Blazers,2026-01-12,19,21,0.475,2026,TRUE
Portland Trail Blazers,2026-01-13,19,21,0.475,2026,TRUE
Portland Trail Blazers,2026-01-14,19,22,0.4634146341463415,2026,TRUE
Portland Trail Blazers,2026-01-15,19,22,0.4634146341463415,2026,TRUE
Portland Trail Blazers,2026-01-16,20,22,0.47619047619047616,2026,TRUE
Portland Trail Blazers,2026-01-17,20,22,0.47619047619047616,2026,TRUE
Portland Trail Blazers,2026-01-18,21,22,0.4883720930232558,2026,TRUE
Portland Trail Blazers,2026-01-19,22,22,0.5,2026,TRUE
Portland Trail Blazers,2026-01-20,22,22,0.5,2026,TRUE
Portland Trail Blazers,2026-01-21,22,22,0.5,2026,TRUE
Portland Trail Blazers,2026-01-22,22,22,0.5,2026,TRUE
Portland Trail Blazers,2026-01-23,23,22,0.5111111111111111,2026,TRUE
Portland Trail Blazers,2026-01-24,23,23,0.5,2026,TRUE
Portland Trail Blazers,2026-01-25,23,23,0.5,2026,TRUE
Portland Trail Blazers,2026-01-26,23,23,0.5,2026,TRUE
Portland Trail Blazers,2026-01-27,23,24,0.48936170212765956,2026,TRUE
Portland Trail Blazers,2026-01-28,23,25,0.4791666666666667,2026,TRUE
Portland Trail Blazers,2026-01-29,23,25,0.4791666666666667,2026,TRUE
Portland Trail Blazers,2026-01-30,23,25,0.4791666666666667,2026,TRUE
Portland Trail Blazers,2026-01-31,23,26,0.46938775510204084,2026,TRUE
Portland Trail Blazers,2026-02-01,23,26,0.46938775510204084,2026,TRUE
Portland Trail Blazers,2026-02-02,23,27,0.46,2026,TRUE
Portland Trail Blazers,2026-02-03,23,27,0.46,2026,TRUE
Portland Trail Blazers,2026-02-04,23,28,0.45098039215686275,2026,TRUE
Portland Trail Blazers,2026-02-05,23,28,0.45098039215686275,2026,TRUE
Portland Trail Blazers,2026-02-06,23,28,0.45098039215686275,2026,TRUE
Portland Trail Blazers,2026-02-07,24,28,0.46153846153846156,2026,TRUE
Portland Trail Blazers,2026-02-08,25,28,0.4716981132075472,2026,TRUE
Portland Trail Blazers,2026-02-10,26,28,0.48148148148148145,2026,TRUE
Portland Trail Blazers,2026-02-11,26,28,0.48148148148148145,2026,TRUE
Portland Trail Blazers,2026-02-12,26,29,0.4727272727272727,2026,TRUE
Portland Trail Blazers,2026-02-13,27,29,0.48214285714285715,2026,TRUE
Portland Trail Blazers,2026-02-15,27,29,0.48214285714285715,2026,TRUE
Portland Trail Blazers,2026-02-16,27,29,0.48214285714285715,2026,TRUE
Portland Trail Blazers,2026-02-20,27,29,0.48214285714285715,2026,TRUE
Portland Trail Blazers,2026-02-21,27,30,0.47368421052631576,2026,TRUE
Portland Trail Blazers,2026-02-22,27,30,0.47368421052631576,2026,TRUE
Portland Trail Blazers,2026-02-23,28,30,0.4827586206896552,2026,TRUE
Portland Trail Blazers,2026-02-24,28,30,0.4827586206896552,2026,TRUE
Portland Trail Blazers,2026-02-25,28,31,0.4745762711864407,2026,TRUE
Portland Trail Blazers,2026-02-26,28,31,0.4745762711864407,2026,TRUE
Portland Trail Blazers,2026-02-27,29,31,0.48333333333333334,2026,TRUE
Portland Trail Blazers,2026-02-28,29,32,0.47540983606557374,2026,TRUE
Portland Trail Blazers,2026-03-01,29,33,0.46774193548387094,2026,TRUE
Portland Trail Blazers,2026-03-02,29,33,0.46774193548387094,2026,TRUE
Portland Trail Blazers,2026-03-03,29,33,0.46774193548387094,2026,TRUE
Portland Trail Blazers,2026-03-04,29,33,0.46774193548387094,2026,TRUE
Portland Trail Blazers,2026-03-05,30,33,0.47619047619047616,2026,TRUE
Portland Trail Blazers,2026-03-06,30,33,0.47619047619047616,2026,TRUE
Portland Trail Blazers,2026-03-07,30,34,0.46875,2026,TRUE
Portland Trail Blazers,2026-03-08,30,34,0.46875,2026,TRUE
Portland Trail Blazers,2026-03-09,31,34,0.47692307692307695,2026,TRUE
Portland Trail Blazers,2026-03-10,31,34,0.47692307692307695,2026,TRUE
Portland Trail Blazers,2026-03-11,31,35,0.4696969696969697,2026,TRUE
Portland Trail Blazers,2026-03-12,31,35,0.4696969696969697,2026,TRUE
Portland Trail Blazers,2026-03-13,31,35,0.4696969696969697,2026,TRUE
Portland Trail Blazers,2026-03-14,32,35,0.47761194029850745,2026,TRUE
Portland Trail Blazers,2026-03-15,32,36,0.47058823529411764,2026,TRUE
Portland Trail Blazers,2026-03-16,33,36,0.4782608695652174,2026,TRUE
Portland Trail Blazers,2026-03-17,33,36,0.4782608695652174,2026,TRUE
Portland Trail Blazers,2026-03-18,34,36,0.4857142857142857,2026,TRUE
Portland Trail Blazers,2026-03-19,34,36,0.4857142857142857,2026,TRUE
Portland Trail Blazers,2026-03-20,34,36,0.4857142857142857,2026,TRUE
Portland Trail Blazers,2026-03-21,35,36,0.49295774647887325,2026,TRUE
Portland Trail Blazers,2026-03-22,35,37,0.4861111111111111,2026,TRUE
Portland Trail Blazers,2026-03-23,35,37,0.4861111111111111,2026,TRUE
Portland Trail Blazers,2026-03-24,36,37,0.4931506849315068,2026,TRUE
Portland Trail Blazers,2026-03-25,36,37,0.4931506849315068,2026,TRUE
Portland Trail Blazers,2026-03-26,37,37,0.5,2026,TRUE
Portland Trail Blazers,2026-03-27,37,37,0.5,2026,TRUE
Portland Trail Blazers,2026-03-28,37,38,0.49333333333333335,2026,TRUE
Portland Trail Blazers,2026-03-29,38,38,0.5,2026,TRUE
Portland Trail Blazers,2026-03-30,38,38,0.5,2026,TRUE
Portland Trail Blazers,2026-03-31,38,38,0.5,2026,TRUE
Portland Trail Blazers,2026-04-01,39,38,0.5064935064935064,2026,TRUE
Portland Trail Blazers,2026-04-02,39,38,0.5064935064935064,2026,TRUE
Portland Trail Blazers,2026-04-03,40,38,0.5128205128205128,2026,TRUE
Portland Trail Blazers,2026-04-04,40,38,0.5128205128205128,2026,TRUE
Portland Trail Blazers,2026-04-05,40,38,0.5128205128205128,2026,TRUE
Portland Trail Blazers,2026-04-06,40,38,0.5128205128205128,2026,TRUE
Portland Trail Blazers,2026-04-07,40,39,0.5063291139240507,2026,TRUE
Portland Trail Blazers,2026-04-08,40,39,0.5063291139240507,2026,TRUE
Portland Trail Blazers,2026-04-09,40,40,0.5,2026,TRUE
Portland Trail Blazers,2026-04-10,40,40,0.5,2026,TRUE
Portland Trail Blazers,2026-04-11,41,40,0.5061728395061729,2026,TRUE
Portland Trail Blazers,2026-04-12,41,40,0.5061728395061729,2026,TRUE
Portland Trail Blazers,2026-04-13,42,40,0.5121951219512195,2026,TRUE
Portland Trail Blazers,2026-04-14,42,40,0.5121951219512195,2026,TRUE
Portland Trail Blazers,2026-04-15,42,40,0.5121951219512195,2026,TRUE
Portland Trail Blazers,2026-04-16,42,40,0.5121951219512195,2026,TRUE
Portland Trail Blazers,2026-04-17,42,40,0.5121951219512195,2026,TRUE
Portland Trail Blazers,2026-04-18,42,40,0.5121951219512195,2026,TRUE
Portland Trail Blazers,2026-04-19,42,40,0.5121951219512195,2026,TRUE
Portland Trail Blazers,2026-04-20,42,40,0.5121951219512195,2026,TRUE
Portland Trail Blazers,2026-04-21,42,40,0.5121951219512195,2026,TRUE
Portland Trail Blazers,2026-04-22,42,40,0.5121951219512195,2026,TRUE
Portland Trail Blazers,2026-04-23,42,40,0.5121951219512195,2026,TRUE
Sacramento Kings,2025-10-21,NA,NA,NA,2025,TRUE
Sacramento Kings,2025-10-22,NA,NA,NA,2025,TRUE
Sacramento Kings,2025-10-23,0,1,0,2025,TRUE
Sacramento Kings,2025-10-24,0,1,0,2025,TRUE
Sacramento Kings,2025-10-25,1,1,0.5,2025,TRUE
Sacramento Kings,2025-10-26,1,1,0.5,2025,TRUE
Sacramento Kings,2025-10-27,1,2,0.3333333333333333,2025,TRUE
Sacramento Kings,2025-10-28,1,2,0.3333333333333333,2025,TRUE
Sacramento Kings,2025-10-29,1,3,0.25,2025,TRUE
Sacramento Kings,2025-10-30,1,4,0.2,2025,TRUE
Sacramento Kings,2025-10-31,1,4,0.2,2025,TRUE
Sacramento Kings,2025-11-01,2,4,0.3333333333333333,2025,TRUE
Sacramento Kings,2025-11-02,2,4,0.3333333333333333,2025,TRUE
Sacramento Kings,2025-11-03,2,4,0.3333333333333333,2025,TRUE
Sacramento Kings,2025-11-04,2,5,0.2857142857142857,2025,TRUE
Sacramento Kings,2025-11-05,2,5,0.2857142857142857,2025,TRUE
Sacramento Kings,2025-11-06,3,5,0.375,2025,TRUE
Sacramento Kings,2025-11-07,3,5,0.375,2025,TRUE
Sacramento Kings,2025-11-08,3,6,0.3333333333333333,2025,TRUE
Sacramento Kings,2025-11-09,3,6,0.3333333333333333,2025,TRUE
Sacramento Kings,2025-11-10,3,7,0.3,2025,TRUE
Sacramento Kings,2025-11-11,3,7,0.3,2025,TRUE
Sacramento Kings,2025-11-12,3,8,0.2727272727272727,2025,TRUE
Sacramento Kings,2025-11-13,3,9,0.25,2025,TRUE
Sacramento Kings,2025-11-14,3,9,0.25,2025,TRUE
Sacramento Kings,2025-11-15,3,10,0.23076923076923078,2025,TRUE
Sacramento Kings,2025-11-16,3,11,0.21428571428571427,2025,TRUE
Sacramento Kings,2025-11-17,3,11,0.21428571428571427,2025,TRUE
Sacramento Kings,2025-11-18,3,11,0.21428571428571427,2025,TRUE
Sacramento Kings,2025-11-19,3,11,0.21428571428571427,2025,TRUE
Sacramento Kings,2025-11-20,3,12,0.2,2025,TRUE
Sacramento Kings,2025-11-21,3,13,0.1875,2025,TRUE
Sacramento Kings,2025-11-22,3,13,0.1875,2025,TRUE
Sacramento Kings,2025-11-23,4,13,0.23529411764705882,2025,TRUE
Sacramento Kings,2025-11-24,4,13,0.23529411764705882,2025,TRUE
Sacramento Kings,2025-11-25,5,13,0.2777777777777778,2025,TRUE
Sacramento Kings,2025-11-26,5,13,0.2777777777777778,2025,TRUE
Sacramento Kings,2025-11-27,5,14,0.2631578947368421,2025,TRUE
Sacramento Kings,2025-11-29,5,15,0.25,2025,TRUE
Sacramento Kings,2025-11-30,5,15,0.25,2025,TRUE
Sacramento Kings,2025-12-01,5,16,0.23809523809523808,2025,TRUE
Sacramento Kings,2025-12-02,5,16,0.23809523809523808,2025,TRUE
Sacramento Kings,2025-12-03,5,16,0.23809523809523808,2025,TRUE
Sacramento Kings,2025-12-04,5,17,0.22727272727272727,2025,TRUE
Sacramento Kings,2025-12-05,5,17,0.22727272727272727,2025,TRUE
Sacramento Kings,2025-12-06,5,17,0.22727272727272727,2025,TRUE
Sacramento Kings,2025-12-07,6,17,0.2608695652173913,2025,TRUE
Sacramento Kings,2025-12-08,6,17,0.2608695652173913,2025,TRUE
Sacramento Kings,2025-12-09,6,18,0.25,2025,TRUE
Sacramento Kings,2025-12-10,6,18,0.25,2025,TRUE
Sacramento Kings,2025-12-11,6,18,0.25,2025,TRUE
Sacramento Kings,2025-12-12,6,19,0.24,2025,TRUE
Sacramento Kings,2025-12-13,6,19,0.24,2025,TRUE
Sacramento Kings,2025-12-14,6,19,0.24,2025,TRUE
Sacramento Kings,2025-12-15,6,20,0.23076923076923078,2025,TRUE
Sacramento Kings,2025-12-16,6,20,0.23076923076923078,2025,TRUE
Sacramento Kings,2025-12-17,6,20,0.23076923076923078,2025,TRUE
Sacramento Kings,2025-12-18,6,20,0.23076923076923078,2025,TRUE
Sacramento Kings,2025-12-19,6,21,0.2222222222222222,2025,TRUE
Sacramento Kings,2025-12-20,6,21,0.2222222222222222,2025,TRUE
Sacramento Kings,2025-12-21,6,22,0.21428571428571427,2025,TRUE
Sacramento Kings,2025-12-22,7,22,0.2413793103448276,2025,TRUE
Sacramento Kings,2025-12-23,7,22,0.2413793103448276,2025,TRUE
Sacramento Kings,2025-12-24,7,23,0.23333333333333334,2025,TRUE
Sacramento Kings,2025-12-25,7,23,0.23333333333333334,2025,TRUE
Sacramento Kings,2025-12-26,7,23,0.23333333333333334,2025,TRUE
Sacramento Kings,2025-12-27,8,23,0.25806451612903225,2025,TRUE
Sacramento Kings,2025-12-28,8,23,0.25806451612903225,2025,TRUE
Sacramento Kings,2025-12-29,8,24,0.25,2025,TRUE
Sacramento Kings,2025-12-30,8,24,0.25,2025,TRUE
Sacramento Kings,2025-12-31,8,25,0.24242424242424243,2025,TRUE
Sacramento Kings,2026-01-01,8,25,0.24242424242424243,2026,FALSE
Sacramento Kings,2026-01-02,8,26,0.23529411764705882,2026,FALSE
Sacramento Kings,2026-01-03,8,27,0.22857142857142856,2026,FALSE
Sacramento Kings,2026-01-04,8,27,0.22857142857142856,2026,FALSE
Sacramento Kings,2026-01-05,8,28,0.2222222222222222,2026,FALSE
Sacramento Kings,2026-01-06,8,28,0.2222222222222222,2026,FALSE
Sacramento Kings,2026-01-07,8,29,0.21621621621621623,2026,FALSE
Sacramento Kings,2026-01-08,8,29,0.21621621621621623,2026,FALSE
Sacramento Kings,2026-01-09,8,29,0.21621621621621623,2026,FALSE
Sacramento Kings,2026-01-10,8,30,0.21052631578947367,2026,FALSE
Sacramento Kings,2026-01-11,8,30,0.21052631578947367,2026,FALSE
Sacramento Kings,2026-01-12,9,30,0.23076923076923078,2026,FALSE
Sacramento Kings,2026-01-13,10,30,0.25,2026,FALSE
Sacramento Kings,2026-01-14,10,30,0.25,2026,FALSE
Sacramento Kings,2026-01-15,11,30,0.2682926829268293,2026,FALSE
Sacramento Kings,2026-01-16,11,30,0.2682926829268293,2026,FALSE
Sacramento Kings,2026-01-17,12,30,0.2857142857142857,2026,FALSE
Sacramento Kings,2026-01-18,12,30,0.2857142857142857,2026,FALSE
Sacramento Kings,2026-01-19,12,31,0.27906976744186046,2026,FALSE
Sacramento Kings,2026-01-20,12,31,0.27906976744186046,2026,FALSE
Sacramento Kings,2026-01-21,12,32,0.2727272727272727,2026,FALSE
Sacramento Kings,2026-01-22,12,33,0.26666666666666666,2026,FALSE
Sacramento Kings,2026-01-23,12,33,0.26666666666666666,2026,FALSE
Sacramento Kings,2026-01-24,12,34,0.2608695652173913,2026,FALSE
Sacramento Kings,2026-01-25,12,35,0.2553191489361702,2026,FALSE
Sacramento Kings,2026-01-26,12,35,0.2553191489361702,2026,FALSE
Sacramento Kings,2026-01-27,12,35,0.2553191489361702,2026,FALSE
Sacramento Kings,2026-01-28,12,36,0.25,2026,FALSE
Sacramento Kings,2026-01-29,12,36,0.25,2026,FALSE
Sacramento Kings,2026-01-30,12,37,0.24489795918367346,2026,FALSE
Sacramento Kings,2026-01-31,12,38,0.24,2026,FALSE
Sacramento Kings,2026-02-01,12,39,0.23529411764705882,2026,FALSE
Sacramento Kings,2026-02-02,12,39,0.23529411764705882,2026,FALSE
Sacramento Kings,2026-02-03,12,39,0.23529411764705882,2026,FALSE
Sacramento Kings,2026-02-04,12,39,0.23529411764705882,2026,FALSE
Sacramento Kings,2026-02-05,12,40,0.23076923076923078,2026,FALSE
Sacramento Kings,2026-02-06,12,40,0.23076923076923078,2026,FALSE
Sacramento Kings,2026-02-07,12,41,0.22641509433962265,2026,FALSE
Sacramento Kings,2026-02-08,12,42,0.2222222222222222,2026,FALSE
Sacramento Kings,2026-02-10,12,43,0.21818181818181817,2026,FALSE
Sacramento Kings,2026-02-11,12,43,0.21818181818181817,2026,FALSE
Sacramento Kings,2026-02-12,12,44,0.21428571428571427,2026,FALSE
Sacramento Kings,2026-02-13,12,44,0.21428571428571427,2026,FALSE
Sacramento Kings,2026-02-15,12,44,0.21428571428571427,2026,FALSE
Sacramento Kings,2026-02-16,12,44,0.21428571428571427,2026,FALSE
Sacramento Kings,2026-02-20,12,45,0.21052631578947367,2026,FALSE
Sacramento Kings,2026-02-21,12,45,0.21052631578947367,2026,FALSE
Sacramento Kings,2026-02-22,12,46,0.20689655172413793,2026,FALSE
Sacramento Kings,2026-02-23,12,46,0.20689655172413793,2026,FALSE
Sacramento Kings,2026-02-24,13,46,0.22033898305084745,2026,FALSE
Sacramento Kings,2026-02-25,13,46,0.22033898305084745,2026,FALSE
Sacramento Kings,2026-02-26,13,47,0.21666666666666667,2026,FALSE
Sacramento Kings,2026-02-27,14,47,0.22950819672131148,2026,FALSE
Sacramento Kings,2026-02-28,14,47,0.22950819672131148,2026,FALSE
Sacramento Kings,2026-03-01,14,47,0.22950819672131148,2026,FALSE
Sacramento Kings,2026-03-02,14,48,0.22580645161290322,2026,FALSE
Sacramento Kings,2026-03-03,14,48,0.22580645161290322,2026,FALSE
Sacramento Kings,2026-03-04,14,49,0.2222222222222222,2026,FALSE
Sacramento Kings,2026-03-05,14,49,0.2222222222222222,2026,FALSE
Sacramento Kings,2026-03-06,14,50,0.21875,2026,FALSE
Sacramento Kings,2026-03-07,14,50,0.21875,2026,FALSE
Sacramento Kings,2026-03-08,14,50,0.21875,2026,FALSE
Sacramento Kings,2026-03-09,15,50,0.23076923076923078,2026,FALSE
Sacramento Kings,2026-03-10,15,50,0.23076923076923078,2026,FALSE
Sacramento Kings,2026-03-11,16,50,0.24242424242424243,2026,FALSE
Sacramento Kings,2026-03-12,16,51,0.23880597014925373,2026,FALSE
Sacramento Kings,2026-03-13,16,51,0.23880597014925373,2026,FALSE
Sacramento Kings,2026-03-14,16,51,0.23880597014925373,2026,FALSE
Sacramento Kings,2026-03-15,17,51,0.25,2026,FALSE
Sacramento Kings,2026-03-16,18,51,0.2608695652173913,2026,FALSE
Sacramento Kings,2026-03-17,18,51,0.2608695652173913,2026,FALSE
Sacramento Kings,2026-03-18,18,52,0.2571428571428571,2026,FALSE
Sacramento Kings,2026-03-19,18,52,0.2571428571428571,2026,FALSE
Sacramento Kings,2026-03-20,18,53,0.2535211267605634,2026,FALSE
Sacramento Kings,2026-03-21,18,53,0.2535211267605634,2026,FALSE
Sacramento Kings,2026-03-22,19,53,0.2638888888888889,2026,FALSE
Sacramento Kings,2026-03-23,19,53,0.2638888888888889,2026,FALSE
Sacramento Kings,2026-03-24,19,54,0.2602739726027397,2026,FALSE
Sacramento Kings,2026-03-25,19,54,0.2602739726027397,2026,FALSE
Sacramento Kings,2026-03-26,19,55,0.25675675675675674,2026,FALSE
Sacramento Kings,2026-03-27,19,55,0.25675675675675674,2026,FALSE
Sacramento Kings,2026-03-28,19,56,0.25333333333333335,2026,FALSE
Sacramento Kings,2026-03-29,19,57,0.25,2026,FALSE
Sacramento Kings,2026-03-30,19,57,0.25,2026,FALSE
Sacramento Kings,2026-03-31,19,57,0.25,2026,FALSE
Sacramento Kings,2026-04-01,19,57,0.25,2026,FALSE
Sacramento Kings,2026-04-02,20,57,0.2597402597402597,2026,FALSE
Sacramento Kings,2026-04-03,20,57,0.2597402597402597,2026,FALSE
Sacramento Kings,2026-04-04,21,57,0.2692307692307692,2026,FALSE
Sacramento Kings,2026-04-05,21,57,0.2692307692307692,2026,FALSE
Sacramento Kings,2026-04-06,21,58,0.26582278481012656,2026,FALSE
Sacramento Kings,2026-04-07,21,58,0.26582278481012656,2026,FALSE
Sacramento Kings,2026-04-08,21,59,0.2625,2026,FALSE
Sacramento Kings,2026-04-09,21,59,0.2625,2026,FALSE
Sacramento Kings,2026-04-10,21,59,0.2625,2026,FALSE
Sacramento Kings,2026-04-11,22,59,0.2716049382716049,2026,FALSE
Sacramento Kings,2026-04-12,22,59,0.2716049382716049,2026,FALSE
Sacramento Kings,2026-04-13,22,60,0.2682926829268293,2026,FALSE
Sacramento Kings,2026-04-14,22,60,0.2682926829268293,2026,FALSE
Sacramento Kings,2026-04-15,22,60,0.2682926829268293,2026,FALSE
Sacramento Kings,2026-04-16,22,60,0.2682926829268293,2026,FALSE
Sacramento Kings,2026-04-17,22,60,0.2682926829268293,2026,FALSE
Sacramento Kings,2026-04-18,22,60,0.2682926829268293,2026,FALSE
Sacramento Kings,2026-04-19,22,60,0.2682926829268293,2026,FALSE
Sacramento Kings,2026-04-20,22,60,0.2682926829268293,2026,FALSE
Sacramento Kings,2026-04-21,22,60,0.2682926829268293,2026,FALSE
Sacramento Kings,2026-04-22,22,60,0.2682926829268293,2026,FALSE
Sacramento Kings,2026-04-23,22,60,0.2682926829268293,2026,FALSE
San Antonio Spurs,2025-10-21,NA,NA,NA,2025,FALSE
San Antonio Spurs,2025-10-22,NA,NA,NA,2025,FALSE
San Antonio Spurs,2025-10-23,1,0,1,2025,FALSE
San Antonio Spurs,2025-10-24,1,0,1,2025,FALSE
San Antonio Spurs,2025-10-25,2,0,1,2025,FALSE
San Antonio Spurs,2025-10-26,3,0,1,2025,FALSE
San Antonio Spurs,2025-10-27,3,0,1,2025,FALSE
San Antonio Spurs,2025-10-28,4,0,1,2025,FALSE
San Antonio Spurs,2025-10-29,4,0,1,2025,FALSE
San Antonio Spurs,2025-10-30,4,0,1,2025,FALSE
San Antonio Spurs,2025-10-31,5,0,1,2025,FALSE
San Antonio Spurs,2025-11-01,5,0,1,2025,FALSE
San Antonio Spurs,2025-11-02,5,0,1,2025,FALSE
San Antonio Spurs,2025-11-03,5,1,0.8333333333333334,2025,FALSE
San Antonio Spurs,2025-11-04,5,1,0.8333333333333334,2025,FALSE
San Antonio Spurs,2025-11-05,5,1,0.8333333333333334,2025,FALSE
San Antonio Spurs,2025-11-06,5,2,0.7142857142857143,2025,FALSE
San Antonio Spurs,2025-11-07,5,2,0.7142857142857143,2025,FALSE
San Antonio Spurs,2025-11-08,6,2,0.75,2025,FALSE
San Antonio Spurs,2025-11-09,7,2,0.7777777777777778,2025,FALSE
San Antonio Spurs,2025-11-10,7,2,0.7777777777777778,2025,FALSE
San Antonio Spurs,2025-11-11,8,2,0.8,2025,FALSE
San Antonio Spurs,2025-11-12,8,2,0.8,2025,FALSE
San Antonio Spurs,2025-11-13,8,3,0.7272727272727273,2025,FALSE
San Antonio Spurs,2025-11-14,8,3,0.7272727272727273,2025,FALSE
San Antonio Spurs,2025-11-15,8,4,0.6666666666666666,2025,FALSE
San Antonio Spurs,2025-11-16,9,4,0.6923076923076923,2025,FALSE
San Antonio Spurs,2025-11-17,9,4,0.6923076923076923,2025,FALSE
San Antonio Spurs,2025-11-18,9,4,0.6923076923076923,2025,FALSE
San Antonio Spurs,2025-11-19,10,4,0.7142857142857143,2025,FALSE
San Antonio Spurs,2025-11-20,10,4,0.7142857142857143,2025,FALSE
San Antonio Spurs,2025-11-21,11,4,0.7333333333333333,2025,FALSE
San Antonio Spurs,2025-11-22,11,4,0.7333333333333333,2025,FALSE
San Antonio Spurs,2025-11-23,11,4,0.7333333333333333,2025,FALSE
San Antonio Spurs,2025-11-24,11,5,0.6875,2025,FALSE
San Antonio Spurs,2025-11-25,11,5,0.6875,2025,FALSE
San Antonio Spurs,2025-11-26,11,5,0.6875,2025,FALSE
San Antonio Spurs,2025-11-27,12,5,0.7058823529411765,2025,FALSE
San Antonio Spurs,2025-11-29,13,5,0.7222222222222222,2025,FALSE
San Antonio Spurs,2025-11-30,13,5,0.7222222222222222,2025,FALSE
San Antonio Spurs,2025-12-01,13,6,0.6842105263157895,2025,FALSE
San Antonio Spurs,2025-12-02,13,6,0.6842105263157895,2025,FALSE
San Antonio Spurs,2025-12-03,14,6,0.7,2025,FALSE
San Antonio Spurs,2025-12-04,15,6,0.7142857142857143,2025,FALSE
San Antonio Spurs,2025-12-05,15,6,0.7142857142857143,2025,FALSE
San Antonio Spurs,2025-12-06,15,7,0.6818181818181818,2025,FALSE
San Antonio Spurs,2025-12-07,15,7,0.6818181818181818,2025,FALSE
San Antonio Spurs,2025-12-08,15,7,0.6818181818181818,2025,FALSE
San Antonio Spurs,2025-12-09,16,7,0.6956521739130435,2025,FALSE
San Antonio Spurs,2025-12-10,16,7,0.6956521739130435,2025,FALSE
San Antonio Spurs,2025-12-11,17,7,0.7083333333333334,2025,FALSE
San Antonio Spurs,2025-12-12,17,7,0.7083333333333334,2025,FALSE
San Antonio Spurs,2025-12-13,17,7,0.7083333333333334,2025,FALSE
San Antonio Spurs,2025-12-14,18,7,0.72,2025,FALSE
San Antonio Spurs,2025-12-15,18,7,0.72,2025,FALSE
San Antonio Spurs,2025-12-16,18,7,0.72,2025,FALSE
San Antonio Spurs,2025-12-17,0,0,NA,2025,FALSE
San Antonio Spurs,2025-12-18,0,0,NA,2025,FALSE
San Antonio Spurs,2025-12-19,19,7,0.7307692307692307,2025,FALSE
San Antonio Spurs,2025-12-20,20,7,0.7407407407407407,2025,FALSE
San Antonio Spurs,2025-12-21,20,7,0.7407407407407407,2025,FALSE
San Antonio Spurs,2025-12-22,21,7,0.75,2025,FALSE
San Antonio Spurs,2025-12-23,21,7,0.75,2025,FALSE
San Antonio Spurs,2025-12-24,22,7,0.7586206896551724,2025,FALSE
San Antonio Spurs,2025-12-25,23,7,0.7666666666666667,2025,FALSE
San Antonio Spurs,2025-12-26,23,7,0.7666666666666667,2025,FALSE
San Antonio Spurs,2025-12-27,23,7,0.7666666666666667,2025,FALSE
San Antonio Spurs,2025-12-28,23,8,0.7419354838709677,2025,FALSE
San Antonio Spurs,2025-12-29,23,8,0.7419354838709677,2025,FALSE
San Antonio Spurs,2025-12-30,23,9,0.71875,2025,FALSE
San Antonio Spurs,2025-12-31,23,9,0.71875,2025,FALSE
San Antonio Spurs,2026-01-01,24,9,0.7272727272727273,2026,TRUE
San Antonio Spurs,2026-01-02,24,9,0.7272727272727273,2026,TRUE
San Antonio Spurs,2026-01-03,25,9,0.7352941176470589,2026,TRUE
San Antonio Spurs,2026-01-04,25,10,0.7142857142857143,2026,TRUE
San Antonio Spurs,2026-01-05,25,10,0.7142857142857143,2026,TRUE
San Antonio Spurs,2026-01-06,25,10,0.7142857142857143,2026,TRUE
San Antonio Spurs,2026-01-07,25,11,0.6944444444444444,2026,TRUE
San Antonio Spurs,2026-01-08,26,11,0.7027027027027027,2026,TRUE
San Antonio Spurs,2026-01-09,26,11,0.7027027027027027,2026,TRUE
San Antonio Spurs,2026-01-10,26,11,0.7027027027027027,2026,TRUE
San Antonio Spurs,2026-01-11,27,11,0.7105263157894737,2026,TRUE
San Antonio Spurs,2026-01-12,27,12,0.6923076923076923,2026,TRUE
San Antonio Spurs,2026-01-13,27,12,0.6923076923076923,2026,TRUE
San Antonio Spurs,2026-01-14,27,13,0.675,2026,TRUE
San Antonio Spurs,2026-01-15,27,13,0.675,2026,TRUE
San Antonio Spurs,2026-01-16,28,13,0.6829268292682927,2026,TRUE
San Antonio Spurs,2026-01-17,28,13,0.6829268292682927,2026,TRUE
San Antonio Spurs,2026-01-18,29,13,0.6904761904761905,2026,TRUE
San Antonio Spurs,2026-01-19,30,13,0.6976744186046512,2026,TRUE
San Antonio Spurs,2026-01-20,30,13,0.6976744186046512,2026,TRUE
San Antonio Spurs,2026-01-21,30,14,0.6818181818181818,2026,TRUE
San Antonio Spurs,2026-01-22,30,14,0.6818181818181818,2026,TRUE
San Antonio Spurs,2026-01-23,31,14,0.6888888888888889,2026,TRUE
San Antonio Spurs,2026-01-24,31,14,0.6888888888888889,2026,TRUE
San Antonio Spurs,2026-01-25,31,14,0.6888888888888889,2026,TRUE
San Antonio Spurs,2026-01-26,31,15,0.6739130434782609,2026,TRUE
San Antonio Spurs,2026-01-27,31,15,0.6739130434782609,2026,TRUE
San Antonio Spurs,2026-01-28,31,15,0.6739130434782609,2026,TRUE
San Antonio Spurs,2026-01-29,32,15,0.6808510638297872,2026,TRUE
San Antonio Spurs,2026-01-30,32,15,0.6808510638297872,2026,TRUE
San Antonio Spurs,2026-01-31,32,16,0.6666666666666666,2026,TRUE
San Antonio Spurs,2026-02-01,32,16,0.6666666666666666,2026,TRUE
San Antonio Spurs,2026-02-02,33,16,0.673469387755102,2026,TRUE
San Antonio Spurs,2026-02-03,33,16,0.673469387755102,2026,TRUE
San Antonio Spurs,2026-02-04,33,16,0.673469387755102,2026,TRUE
San Antonio Spurs,2026-02-05,34,16,0.68,2026,TRUE
San Antonio Spurs,2026-02-06,35,16,0.6862745098039216,2026,TRUE
San Antonio Spurs,2026-02-07,36,16,0.6923076923076923,2026,TRUE
San Antonio Spurs,2026-02-08,36,16,0.6923076923076923,2026,TRUE
San Antonio Spurs,2026-02-10,36,16,0.6923076923076923,2026,TRUE
San Antonio Spurs,2026-02-11,37,16,0.6981132075471698,2026,TRUE
San Antonio Spurs,2026-02-12,38,16,0.7037037037037037,2026,TRUE
San Antonio Spurs,2026-02-13,38,16,0.7037037037037037,2026,TRUE
San Antonio Spurs,2026-02-15,38,16,0.7037037037037037,2026,TRUE
San Antonio Spurs,2026-02-16,38,16,0.7037037037037037,2026,TRUE
San Antonio Spurs,2026-02-20,39,16,0.7090909090909091,2026,TRUE
San Antonio Spurs,2026-02-21,39,16,0.7090909090909091,2026,TRUE
San Antonio Spurs,2026-02-22,40,16,0.7142857142857143,2026,TRUE
San Antonio Spurs,2026-02-23,40,16,0.7142857142857143,2026,TRUE
San Antonio Spurs,2026-02-24,41,16,0.7192982456140351,2026,TRUE
San Antonio Spurs,2026-02-25,41,16,0.7192982456140351,2026,TRUE
San Antonio Spurs,2026-02-26,42,16,0.7241379310344828,2026,TRUE
San Antonio Spurs,2026-02-27,43,16,0.7288135593220338,2026,TRUE
San Antonio Spurs,2026-02-28,43,16,0.7288135593220338,2026,TRUE
San Antonio Spurs,2026-03-01,43,17,0.7166666666666667,2026,TRUE
San Antonio Spurs,2026-03-02,43,17,0.7166666666666667,2026,TRUE
San Antonio Spurs,2026-03-03,43,17,0.7166666666666667,2026,TRUE
San Antonio Spurs,2026-03-04,44,17,0.7213114754098361,2026,TRUE
San Antonio Spurs,2026-03-05,44,17,0.7213114754098361,2026,TRUE
San Antonio Spurs,2026-03-06,45,17,0.7258064516129032,2026,TRUE
San Antonio Spurs,2026-03-07,46,17,0.7301587301587301,2026,TRUE
San Antonio Spurs,2026-03-08,46,17,0.7301587301587301,2026,TRUE
San Antonio Spurs,2026-03-09,47,17,0.734375,2026,TRUE
San Antonio Spurs,2026-03-10,47,17,0.734375,2026,TRUE
San Antonio Spurs,2026-03-11,48,17,0.7384615384615385,2026,TRUE
San Antonio Spurs,2026-03-12,48,17,0.7384615384615385,2026,TRUE
San Antonio Spurs,2026-03-13,48,18,0.7272727272727273,2026,TRUE
San Antonio Spurs,2026-03-14,49,18,0.7313432835820896,2026,TRUE
San Antonio Spurs,2026-03-15,49,18,0.7313432835820896,2026,TRUE
San Antonio Spurs,2026-03-16,49,18,0.7313432835820896,2026,TRUE
San Antonio Spurs,2026-03-17,50,18,0.7352941176470589,2026,TRUE
San Antonio Spurs,2026-03-18,51,18,0.7391304347826086,2026,TRUE
San Antonio Spurs,2026-03-19,51,18,0.7391304347826086,2026,TRUE
San Antonio Spurs,2026-03-20,52,18,0.7428571428571429,2026,TRUE
San Antonio Spurs,2026-03-21,52,18,0.7428571428571429,2026,TRUE
San Antonio Spurs,2026-03-22,53,18,0.7464788732394366,2026,TRUE
San Antonio Spurs,2026-03-23,54,18,0.75,2026,TRUE
San Antonio Spurs,2026-03-24,54,18,0.75,2026,TRUE
San Antonio Spurs,2026-03-25,54,18,0.75,2026,TRUE
San Antonio Spurs,2026-03-26,55,18,0.7534246575342466,2026,TRUE
San Antonio Spurs,2026-03-27,55,18,0.7534246575342466,2026,TRUE
San Antonio Spurs,2026-03-28,56,18,0.7567567567567568,2026,TRUE
San Antonio Spurs,2026-03-29,56,18,0.7567567567567568,2026,TRUE
San Antonio Spurs,2026-03-30,56,18,0.7567567567567568,2026,TRUE
San Antonio Spurs,2026-03-31,57,18,0.76,2026,TRUE
San Antonio Spurs,2026-04-01,57,18,0.76,2026,TRUE
San Antonio Spurs,2026-04-02,58,18,0.7631578947368421,2026,TRUE
San Antonio Spurs,2026-04-03,59,18,0.7662337662337663,2026,TRUE
San Antonio Spurs,2026-04-04,59,19,0.7564102564102564,2026,TRUE
San Antonio Spurs,2026-04-05,59,19,0.7564102564102564,2026,TRUE
San Antonio Spurs,2026-04-06,59,19,0.7564102564102564,2026,TRUE
San Antonio Spurs,2026-04-07,60,19,0.759493670886076,2026,TRUE
San Antonio Spurs,2026-04-08,60,19,0.759493670886076,2026,TRUE
San Antonio Spurs,2026-04-09,61,19,0.7625,2026,TRUE
San Antonio Spurs,2026-04-10,61,19,0.7625,2026,TRUE
San Antonio Spurs,2026-04-11,62,19,0.7654320987654321,2026,TRUE
San Antonio Spurs,2026-04-12,62,19,0.7654320987654321,2026,TRUE
San Antonio Spurs,2026-04-13,62,20,0.7560975609756098,2026,TRUE
San Antonio Spurs,2026-04-14,62,20,0.7560975609756098,2026,TRUE
San Antonio Spurs,2026-04-15,62,20,0.7560975609756098,2026,TRUE
San Antonio Spurs,2026-04-16,62,20,0.7560975609756098,2026,TRUE
San Antonio Spurs,2026-04-17,62,20,0.7560975609756098,2026,TRUE
San Antonio Spurs,2026-04-18,62,20,0.7560975609756098,2026,TRUE
San Antonio Spurs,2026-04-19,62,20,0.7560975609756098,2026,TRUE
San Antonio Spurs,2026-04-20,62,20,0.7560975609756098,2026,TRUE
San Antonio Spurs,2026-04-21,62,20,0.7560975609756098,2026,TRUE
San Antonio Spurs,2026-04-22,62,20,0.7560975609756098,2026,TRUE
San Antonio Spurs,2026-04-23,62,20,0.7560975609756098,2026,TRUE
Team Stars,2025-10-21,NA,NA,NA,2025,NA
Team Stars,2025-10-22,NA,NA,NA,2025,NA
Team Stars,2025-10-23,NA,NA,NA,2025,NA
Team Stars,2025-10-24,NA,NA,NA,2025,NA
Team Stars,2025-10-25,NA,NA,NA,2025,NA
Team Stars,2025-10-26,NA,NA,NA,2025,NA
Team Stars,2025-10-27,NA,NA,NA,2025,NA
Team Stars,2025-10-28,NA,NA,NA,2025,NA
Team Stars,2025-10-29,NA,NA,NA,2025,NA
Team Stars,2025-10-30,NA,NA,NA,2025,NA
Team Stars,2025-10-31,NA,NA,NA,2025,NA
Team Stars,2025-11-01,NA,NA,NA,2025,NA
Team Stars,2025-11-02,NA,NA,NA,2025,NA
Team Stars,2025-11-03,NA,NA,NA,2025,NA
Team Stars,2025-11-04,NA,NA,NA,2025,NA
Team Stars,2025-11-05,NA,NA,NA,2025,NA
Team Stars,2025-11-06,NA,NA,NA,2025,NA
Team Stars,2025-11-07,NA,NA,NA,2025,NA
Team Stars,2025-11-08,NA,NA,NA,2025,NA
Team Stars,2025-11-09,NA,NA,NA,2025,NA
Team Stars,2025-11-10,NA,NA,NA,2025,NA
Team Stars,2025-11-11,NA,NA,NA,2025,NA
Team Stars,2025-11-12,NA,NA,NA,2025,NA
Team Stars,2025-11-13,NA,NA,NA,2025,NA
Team Stars,2025-11-14,NA,NA,NA,2025,NA
Team Stars,2025-11-15,NA,NA,NA,2025,NA
Team Stars,2025-11-16,NA,NA,NA,2025,NA
Team Stars,2025-11-17,NA,NA,NA,2025,NA
Team Stars,2025-11-18,NA,NA,NA,2025,NA
Team Stars,2025-11-19,NA,NA,NA,2025,NA
Team Stars,2025-11-20,NA,NA,NA,2025,NA
Team Stars,2025-11-21,NA,NA,NA,2025,NA
Team Stars,2025-11-22,NA,NA,NA,2025,NA
Team Stars,2025-11-23,NA,NA,NA,2025,NA
Team Stars,2025-11-24,NA,NA,NA,2025,NA
Team Stars,2025-11-25,NA,NA,NA,2025,NA
Team Stars,2025-11-26,NA,NA,NA,2025,NA
Team Stars,2025-11-27,NA,NA,NA,2025,NA
Team Stars,2025-11-29,NA,NA,NA,2025,NA
Team Stars,2025-11-30,NA,NA,NA,2025,NA
Team Stars,2025-12-01,NA,NA,NA,2025,NA
Team Stars,2025-12-02,NA,NA,NA,2025,NA
Team Stars,2025-12-03,NA,NA,NA,2025,NA
Team Stars,2025-12-04,NA,NA,NA,2025,NA
Team Stars,2025-12-05,NA,NA,NA,2025,NA
Team Stars,2025-12-06,NA,NA,NA,2025,NA
Team Stars,2025-12-07,NA,NA,NA,2025,NA
Team Stars,2025-12-08,NA,NA,NA,2025,NA
Team Stars,2025-12-09,NA,NA,NA,2025,NA
Team Stars,2025-12-10,NA,NA,NA,2025,NA
Team Stars,2025-12-11,NA,NA,NA,2025,NA
Team Stars,2025-12-12,NA,NA,NA,2025,NA
Team Stars,2025-12-13,NA,NA,NA,2025,NA
Team Stars,2025-12-14,NA,NA,NA,2025,NA
Team Stars,2025-12-15,NA,NA,NA,2025,NA
Team Stars,2025-12-16,NA,NA,NA,2025,NA
Team Stars,2025-12-17,NA,NA,NA,2025,NA
Team Stars,2025-12-18,NA,NA,NA,2025,NA
Team Stars,2025-12-19,NA,NA,NA,2025,NA
Team Stars,2025-12-20,NA,NA,NA,2025,NA
Team Stars,2025-12-21,NA,NA,NA,2025,NA
Team Stars,2025-12-22,NA,NA,NA,2025,NA
Team Stars,2025-12-23,NA,NA,NA,2025,NA
Team Stars,2025-12-24,NA,NA,NA,2025,NA
Team Stars,2025-12-25,NA,NA,NA,2025,NA
Team Stars,2025-12-26,NA,NA,NA,2025,NA
Team Stars,2025-12-27,NA,NA,NA,2025,NA
Team Stars,2025-12-28,NA,NA,NA,2025,NA
Team Stars,2025-12-29,NA,NA,NA,2025,NA
Team Stars,2025-12-30,NA,NA,NA,2025,NA
Team Stars,2025-12-31,NA,NA,NA,2025,NA
Team Stars,2026-01-01,NA,NA,NA,2026,NA
Team Stars,2026-01-02,NA,NA,NA,2026,NA
Team Stars,2026-01-03,NA,NA,NA,2026,NA
Team Stars,2026-01-04,NA,NA,NA,2026,NA
Team Stars,2026-01-05,NA,NA,NA,2026,NA
Team Stars,2026-01-06,NA,NA,NA,2026,NA
Team Stars,2026-01-07,NA,NA,NA,2026,NA
Team Stars,2026-01-08,NA,NA,NA,2026,NA
Team Stars,2026-01-09,NA,NA,NA,2026,NA
Team Stars,2026-01-10,NA,NA,NA,2026,NA
Team Stars,2026-01-11,NA,NA,NA,2026,NA
Team Stars,2026-01-12,NA,NA,NA,2026,NA
Team Stars,2026-01-13,NA,NA,NA,2026,NA
Team Stars,2026-01-14,NA,NA,NA,2026,NA
Team Stars,2026-01-15,NA,NA,NA,2026,NA
Team Stars,2026-01-16,NA,NA,NA,2026,NA
Team Stars,2026-01-17,NA,NA,NA,2026,NA
Team Stars,2026-01-18,NA,NA,NA,2026,NA
Team Stars,2026-01-19,NA,NA,NA,2026,NA
Team Stars,2026-01-20,NA,NA,NA,2026,NA
Team Stars,2026-01-21,NA,NA,NA,2026,NA
Team Stars,2026-01-22,NA,NA,NA,2026,NA
Team Stars,2026-01-23,NA,NA,NA,2026,NA
Team Stars,2026-01-24,NA,NA,NA,2026,NA
Team Stars,2026-01-25,NA,NA,NA,2026,NA
Team Stars,2026-01-26,NA,NA,NA,2026,NA
Team Stars,2026-01-27,NA,NA,NA,2026,NA
Team Stars,2026-01-28,NA,NA,NA,2026,NA
Team Stars,2026-01-29,NA,NA,NA,2026,NA
Team Stars,2026-01-30,NA,NA,NA,2026,NA
Team Stars,2026-01-31,NA,NA,NA,2026,NA
Team Stars,2026-02-01,NA,NA,NA,2026,NA
Team Stars,2026-02-02,NA,NA,NA,2026,NA
Team Stars,2026-02-03,NA,NA,NA,2026,NA
Team Stars,2026-02-04,NA,NA,NA,2026,NA
Team Stars,2026-02-05,NA,NA,NA,2026,NA
Team Stars,2026-02-06,NA,NA,NA,2026,NA
Team Stars,2026-02-07,NA,NA,NA,2026,NA
Team Stars,2026-02-08,NA,NA,NA,2026,NA
Team Stars,2026-02-10,NA,NA,NA,2026,NA
Team Stars,2026-02-11,NA,NA,NA,2026,NA
Team Stars,2026-02-12,NA,NA,NA,2026,NA
Team Stars,2026-02-13,NA,NA,NA,2026,NA
Team Stars,2026-02-15,0,0,NA,2026,NA
Team Stars,2026-02-16,0,0,NA,2026,NA
Team Stars,2026-02-20,0,0,NA,2026,NA
Team Stars,2026-02-21,0,0,NA,2026,NA
Team Stars,2026-02-22,0,0,NA,2026,NA
Team Stars,2026-02-23,0,0,NA,2026,NA
Team Stars,2026-02-24,0,0,NA,2026,NA
Team Stars,2026-02-25,0,0,NA,2026,NA
Team Stars,2026-02-26,0,0,NA,2026,NA
Team Stars,2026-02-27,0,0,NA,2026,NA
Team Stars,2026-02-28,0,0,NA,2026,NA
Team Stars,2026-03-01,0,0,NA,2026,NA
Team Stars,2026-03-02,0,0,NA,2026,NA
Team Stars,2026-03-03,0,0,NA,2026,NA
Team Stars,2026-03-04,0,0,NA,2026,NA
Team Stars,2026-03-05,0,0,NA,2026,NA
Team Stars,2026-03-06,0,0,NA,2026,NA
Team Stars,2026-03-07,0,0,NA,2026,NA
Team Stars,2026-03-08,0,0,NA,2026,NA
Team Stars,2026-03-09,0,0,NA,2026,NA
Team Stars,2026-03-10,0,0,NA,2026,NA
Team Stars,2026-03-11,0,0,NA,2026,NA
Team Stars,2026-03-12,0,0,NA,2026,NA
Team Stars,2026-03-13,0,0,NA,2026,NA
Team Stars,2026-03-14,0,0,NA,2026,NA
Team Stars,2026-03-15,0,0,NA,2026,NA
Team Stars,2026-03-16,0,0,NA,2026,NA
Team Stars,2026-03-17,0,0,NA,2026,NA
Team Stars,2026-03-18,0,0,NA,2026,NA
Team Stars,2026-03-19,0,0,NA,2026,NA
Team Stars,2026-03-20,0,0,NA,2026,NA
Team Stars,2026-03-21,0,0,NA,2026,NA
Team Stars,2026-03-22,0,0,NA,2026,NA
Team Stars,2026-03-23,0,0,NA,2026,NA
Team Stars,2026-03-24,0,0,NA,2026,NA
Team Stars,2026-03-25,0,0,NA,2026,NA
Team Stars,2026-03-26,0,0,NA,2026,NA
Team Stars,2026-03-27,0,0,NA,2026,NA
Team Stars,2026-03-28,0,0,NA,2026,NA
Team Stars,2026-03-29,0,0,NA,2026,NA
Team Stars,2026-03-30,0,0,NA,2026,NA
Team Stars,2026-03-31,0,0,NA,2026,NA
Team Stars,2026-04-01,0,0,NA,2026,NA
Team Stars,2026-04-02,0,0,NA,2026,NA
Team Stars,2026-04-03,0,0,NA,2026,NA
Team Stars,2026-04-04,0,0,NA,2026,NA
Team Stars,2026-04-05,0,0,NA,2026,NA
Team Stars,2026-04-06,0,0,NA,2026,NA
Team Stars,2026-04-07,0,0,NA,2026,NA
Team Stars,2026-04-08,0,0,NA,2026,NA
Team Stars,2026-04-09,0,0,NA,2026,NA
Team Stars,2026-04-10,0,0,NA,2026,NA
Team Stars,2026-04-11,0,0,NA,2026,NA
Team Stars,2026-04-12,0,0,NA,2026,NA
Team Stars,2026-04-13,0,0,NA,2026,NA
Team Stars,2026-04-14,0,0,NA,2026,NA
Team Stars,2026-04-15,0,0,NA,2026,NA
Team Stars,2026-04-16,0,0,NA,2026,NA
Team Stars,2026-04-17,0,0,NA,2026,NA
Team Stars,2026-04-18,0,0,NA,2026,NA
Team Stars,2026-04-19,0,0,NA,2026,NA
Team Stars,2026-04-20,0,0,NA,2026,NA
Team Stars,2026-04-21,0,0,NA,2026,NA
Team Stars,2026-04-22,0,0,NA,2026,NA
Team Stars,2026-04-23,0,0,NA,2026,NA
Team Stripes,2025-10-21,NA,NA,NA,2025,NA
Team Stripes,2025-10-22,NA,NA,NA,2025,NA
Team Stripes,2025-10-23,NA,NA,NA,2025,NA
Team Stripes,2025-10-24,NA,NA,NA,2025,NA
Team Stripes,2025-10-25,NA,NA,NA,2025,NA
Team Stripes,2025-10-26,NA,NA,NA,2025,NA
Team Stripes,2025-10-27,NA,NA,NA,2025,NA
Team Stripes,2025-10-28,NA,NA,NA,2025,NA
Team Stripes,2025-10-29,NA,NA,NA,2025,NA
Team Stripes,2025-10-30,NA,NA,NA,2025,NA
Team Stripes,2025-10-31,NA,NA,NA,2025,NA
Team Stripes,2025-11-01,NA,NA,NA,2025,NA
Team Stripes,2025-11-02,NA,NA,NA,2025,NA
Team Stripes,2025-11-03,NA,NA,NA,2025,NA
Team Stripes,2025-11-04,NA,NA,NA,2025,NA
Team Stripes,2025-11-05,NA,NA,NA,2025,NA
Team Stripes,2025-11-06,NA,NA,NA,2025,NA
Team Stripes,2025-11-07,NA,NA,NA,2025,NA
Team Stripes,2025-11-08,NA,NA,NA,2025,NA
Team Stripes,2025-11-09,NA,NA,NA,2025,NA
Team Stripes,2025-11-10,NA,NA,NA,2025,NA
Team Stripes,2025-11-11,NA,NA,NA,2025,NA
Team Stripes,2025-11-12,NA,NA,NA,2025,NA
Team Stripes,2025-11-13,NA,NA,NA,2025,NA
Team Stripes,2025-11-14,NA,NA,NA,2025,NA
Team Stripes,2025-11-15,NA,NA,NA,2025,NA
Team Stripes,2025-11-16,NA,NA,NA,2025,NA
Team Stripes,2025-11-17,NA,NA,NA,2025,NA
Team Stripes,2025-11-18,NA,NA,NA,2025,NA
Team Stripes,2025-11-19,NA,NA,NA,2025,NA
Team Stripes,2025-11-20,NA,NA,NA,2025,NA
Team Stripes,2025-11-21,NA,NA,NA,2025,NA
Team Stripes,2025-11-22,NA,NA,NA,2025,NA
Team Stripes,2025-11-23,NA,NA,NA,2025,NA
Team Stripes,2025-11-24,NA,NA,NA,2025,NA
Team Stripes,2025-11-25,NA,NA,NA,2025,NA
Team Stripes,2025-11-26,NA,NA,NA,2025,NA
Team Stripes,2025-11-27,NA,NA,NA,2025,NA
Team Stripes,2025-11-29,NA,NA,NA,2025,NA
Team Stripes,2025-11-30,NA,NA,NA,2025,NA
Team Stripes,2025-12-01,NA,NA,NA,2025,NA
Team Stripes,2025-12-02,NA,NA,NA,2025,NA
Team Stripes,2025-12-03,NA,NA,NA,2025,NA
Team Stripes,2025-12-04,NA,NA,NA,2025,NA
Team Stripes,2025-12-05,NA,NA,NA,2025,NA
Team Stripes,2025-12-06,NA,NA,NA,2025,NA
Team Stripes,2025-12-07,NA,NA,NA,2025,NA
Team Stripes,2025-12-08,NA,NA,NA,2025,NA
Team Stripes,2025-12-09,NA,NA,NA,2025,NA
Team Stripes,2025-12-10,NA,NA,NA,2025,NA
Team Stripes,2025-12-11,NA,NA,NA,2025,NA
Team Stripes,2025-12-12,NA,NA,NA,2025,NA
Team Stripes,2025-12-13,NA,NA,NA,2025,NA
Team Stripes,2025-12-14,NA,NA,NA,2025,NA
Team Stripes,2025-12-15,NA,NA,NA,2025,NA
Team Stripes,2025-12-16,NA,NA,NA,2025,NA
Team Stripes,2025-12-17,NA,NA,NA,2025,NA
Team Stripes,2025-12-18,NA,NA,NA,2025,NA
Team Stripes,2025-12-19,NA,NA,NA,2025,NA
Team Stripes,2025-12-20,NA,NA,NA,2025,NA
Team Stripes,2025-12-21,NA,NA,NA,2025,NA
Team Stripes,2025-12-22,NA,NA,NA,2025,NA
Team Stripes,2025-12-23,NA,NA,NA,2025,NA
Team Stripes,2025-12-24,NA,NA,NA,2025,NA
Team Stripes,2025-12-25,NA,NA,NA,2025,NA
Team Stripes,2025-12-26,NA,NA,NA,2025,NA
Team Stripes,2025-12-27,NA,NA,NA,2025,NA
Team Stripes,2025-12-28,NA,NA,NA,2025,NA
Team Stripes,2025-12-29,NA,NA,NA,2025,NA
Team Stripes,2025-12-30,NA,NA,NA,2025,NA
Team Stripes,2025-12-31,NA,NA,NA,2025,NA
Team Stripes,2026-01-01,NA,NA,NA,2026,NA
Team Stripes,2026-01-02,NA,NA,NA,2026,NA
Team Stripes,2026-01-03,NA,NA,NA,2026,NA
Team Stripes,2026-01-04,NA,NA,NA,2026,NA
Team Stripes,2026-01-05,NA,NA,NA,2026,NA
Team Stripes,2026-01-06,NA,NA,NA,2026,NA
Team Stripes,2026-01-07,NA,NA,NA,2026,NA
Team Stripes,2026-01-08,NA,NA,NA,2026,NA
Team Stripes,2026-01-09,NA,NA,NA,2026,NA
Team Stripes,2026-01-10,NA,NA,NA,2026,NA
Team Stripes,2026-01-11,NA,NA,NA,2026,NA
Team Stripes,2026-01-12,NA,NA,NA,2026,NA
Team Stripes,2026-01-13,NA,NA,NA,2026,NA
Team Stripes,2026-01-14,NA,NA,NA,2026,NA
Team Stripes,2026-01-15,NA,NA,NA,2026,NA
Team Stripes,2026-01-16,NA,NA,NA,2026,NA
Team Stripes,2026-01-17,NA,NA,NA,2026,NA
Team Stripes,2026-01-18,NA,NA,NA,2026,NA
Team Stripes,2026-01-19,NA,NA,NA,2026,NA
Team Stripes,2026-01-20,NA,NA,NA,2026,NA
Team Stripes,2026-01-21,NA,NA,NA,2026,NA
Team Stripes,2026-01-22,NA,NA,NA,2026,NA
Team Stripes,2026-01-23,NA,NA,NA,2026,NA
Team Stripes,2026-01-24,NA,NA,NA,2026,NA
Team Stripes,2026-01-25,NA,NA,NA,2026,NA
Team Stripes,2026-01-26,NA,NA,NA,2026,NA
Team Stripes,2026-01-27,NA,NA,NA,2026,NA
Team Stripes,2026-01-28,NA,NA,NA,2026,NA
Team Stripes,2026-01-29,NA,NA,NA,2026,NA
Team Stripes,2026-01-30,NA,NA,NA,2026,NA
Team Stripes,2026-01-31,NA,NA,NA,2026,NA
Team Stripes,2026-02-01,NA,NA,NA,2026,NA
Team Stripes,2026-02-02,NA,NA,NA,2026,NA
Team Stripes,2026-02-03,NA,NA,NA,2026,NA
Team Stripes,2026-02-04,NA,NA,NA,2026,NA
Team Stripes,2026-02-05,NA,NA,NA,2026,NA
Team Stripes,2026-02-06,NA,NA,NA,2026,NA
Team Stripes,2026-02-07,NA,NA,NA,2026,NA
Team Stripes,2026-02-08,NA,NA,NA,2026,NA
Team Stripes,2026-02-10,NA,NA,NA,2026,NA
Team Stripes,2026-02-11,NA,NA,NA,2026,NA
Team Stripes,2026-02-12,NA,NA,NA,2026,NA
Team Stripes,2026-02-13,NA,NA,NA,2026,NA
Team Stripes,2026-02-15,0,0,NA,2026,NA
Team Stripes,2026-02-16,0,0,NA,2026,NA
Team Stripes,2026-02-20,0,0,NA,2026,NA
Team Stripes,2026-02-21,0,0,NA,2026,NA
Team Stripes,2026-02-22,0,0,NA,2026,NA
Team Stripes,2026-02-23,0,0,NA,2026,NA
Team Stripes,2026-02-24,0,0,NA,2026,NA
Team Stripes,2026-02-25,0,0,NA,2026,NA
Team Stripes,2026-02-26,0,0,NA,2026,NA
Team Stripes,2026-02-27,0,0,NA,2026,NA
Team Stripes,2026-02-28,0,0,NA,2026,NA
Team Stripes,2026-03-01,0,0,NA,2026,NA
Team Stripes,2026-03-02,0,0,NA,2026,NA
Team Stripes,2026-03-03,0,0,NA,2026,NA
Team Stripes,2026-03-04,0,0,NA,2026,NA
Team Stripes,2026-03-05,0,0,NA,2026,NA
Team Stripes,2026-03-06,0,0,NA,2026,NA
Team Stripes,2026-03-07,0,0,NA,2026,NA
Team Stripes,2026-03-08,0,0,NA,2026,NA
Team Stripes,2026-03-09,0,0,NA,2026,NA
Team Stripes,2026-03-10,0,0,NA,2026,NA
Team Stripes,2026-03-11,0,0,NA,2026,NA
Team Stripes,2026-03-12,0,0,NA,2026,NA
Team Stripes,2026-03-13,0,0,NA,2026,NA
Team Stripes,2026-03-14,0,0,NA,2026,NA
Team Stripes,2026-03-15,0,0,NA,2026,NA
Team Stripes,2026-03-16,0,0,NA,2026,NA
Team Stripes,2026-03-17,0,0,NA,2026,NA
Team Stripes,2026-03-18,0,0,NA,2026,NA
Team Stripes,2026-03-19,0,0,NA,2026,NA
Team Stripes,2026-03-20,0,0,NA,2026,NA
Team Stripes,2026-03-21,0,0,NA,2026,NA
Team Stripes,2026-03-22,0,0,NA,2026,NA
Team Stripes,2026-03-23,0,0,NA,2026,NA
Team Stripes,2026-03-24,0,0,NA,2026,NA
Team Stripes,2026-03-25,0,0,NA,2026,NA
Team Stripes,2026-03-26,0,0,NA,2026,NA
Team Stripes,2026-03-27,0,0,NA,2026,NA
Team Stripes,2026-03-28,0,0,NA,2026,NA
Team Stripes,2026-03-29,0,0,NA,2026,NA
Team Stripes,2026-03-30,0,0,NA,2026,NA
Team Stripes,2026-03-31,0,0,NA,2026,NA
Team Stripes,2026-04-01,0,0,NA,2026,NA
Team Stripes,2026-04-02,0,0,NA,2026,NA
Team Stripes,2026-04-03,0,0,NA,2026,NA
Team Stripes,2026-04-04,0,0,NA,2026,NA
Team Stripes,2026-04-05,0,0,NA,2026,NA
Team Stripes,2026-04-06,0,0,NA,2026,NA
Team Stripes,2026-04-07,0,0,NA,2026,NA
Team Stripes,2026-04-08,0,0,NA,2026,NA
Team Stripes,2026-04-09,0,0,NA,2026,NA
Team Stripes,2026-04-10,0,0,NA,2026,NA
Team Stripes,2026-04-11,0,0,NA,2026,NA
Team Stripes,2026-04-12,0,0,NA,2026,NA
Team Stripes,2026-04-13,0,0,NA,2026,NA
Team Stripes,2026-04-14,0,0,NA,2026,NA
Team Stripes,2026-04-15,0,0,NA,2026,NA
Team Stripes,2026-04-16,0,0,NA,2026,NA
Team Stripes,2026-04-17,0,0,NA,2026,NA
Team Stripes,2026-04-18,0,0,NA,2026,NA
Team Stripes,2026-04-19,0,0,NA,2026,NA
Team Stripes,2026-04-20,0,0,NA,2026,NA
Team Stripes,2026-04-21,0,0,NA,2026,NA
Team Stripes,2026-04-22,0,0,NA,2026,NA
Team Stripes,2026-04-23,0,0,NA,2026,NA
Toronto Raptors,2025-10-21,NA,NA,NA,2025,FALSE
Toronto Raptors,2025-10-22,1,0,1,2025,FALSE
Toronto Raptors,2025-10-23,1,0,1,2025,FALSE
Toronto Raptors,2025-10-24,1,1,0.5,2025,FALSE
Toronto Raptors,2025-10-25,1,1,0.5,2025,FALSE
Toronto Raptors,2025-10-26,1,2,0.3333333333333333,2025,FALSE
Toronto Raptors,2025-10-27,1,2,0.3333333333333333,2025,FALSE
Toronto Raptors,2025-10-28,1,3,0.25,2025,FALSE
Toronto Raptors,2025-10-29,1,4,0.2,2025,FALSE
Toronto Raptors,2025-10-30,1,4,0.2,2025,FALSE
Toronto Raptors,2025-10-31,2,4,0.3333333333333333,2025,FALSE
Toronto Raptors,2025-11-01,2,4,0.3333333333333333,2025,FALSE
Toronto Raptors,2025-11-02,3,4,0.42857142857142855,2025,FALSE
Toronto Raptors,2025-11-03,3,4,0.42857142857142855,2025,FALSE
Toronto Raptors,2025-11-04,3,4,0.42857142857142855,2025,FALSE
Toronto Raptors,2025-11-05,4,4,0.5,2025,FALSE
Toronto Raptors,2025-11-06,4,4,0.5,2025,FALSE
Toronto Raptors,2025-11-07,4,4,0.5,2025,FALSE
Toronto Raptors,2025-11-08,5,4,0.5555555555555556,2025,FALSE
Toronto Raptors,2025-11-09,5,5,0.5,2025,FALSE
Toronto Raptors,2025-11-10,5,5,0.5,2025,FALSE
Toronto Raptors,2025-11-11,5,5,0.5,2025,FALSE
Toronto Raptors,2025-11-12,6,5,0.5454545454545454,2025,FALSE
Toronto Raptors,2025-11-13,6,5,0.5454545454545454,2025,FALSE
Toronto Raptors,2025-11-14,7,5,0.5833333333333334,2025,FALSE
Toronto Raptors,2025-11-15,7,5,0.5833333333333334,2025,FALSE
Toronto Raptors,2025-11-16,8,5,0.6153846153846154,2025,FALSE
Toronto Raptors,2025-11-17,8,5,0.6153846153846154,2025,FALSE
Toronto Raptors,2025-11-18,9,5,0.6428571428571429,2025,FALSE
Toronto Raptors,2025-11-19,9,5,0.6428571428571429,2025,FALSE
Toronto Raptors,2025-11-20,10,5,0.6666666666666666,2025,FALSE
Toronto Raptors,2025-11-21,10,5,0.6666666666666666,2025,FALSE
Toronto Raptors,2025-11-22,11,5,0.6875,2025,FALSE
Toronto Raptors,2025-11-23,12,5,0.7058823529411765,2025,FALSE
Toronto Raptors,2025-11-24,12,5,0.7058823529411765,2025,FALSE
Toronto Raptors,2025-11-25,13,5,0.7222222222222222,2025,FALSE
Toronto Raptors,2025-11-26,13,5,0.7222222222222222,2025,FALSE
Toronto Raptors,2025-11-27,14,5,0.7368421052631579,2025,FALSE
Toronto Raptors,2025-11-29,14,6,0.7,2025,FALSE
Toronto Raptors,2025-11-30,14,7,0.6666666666666666,2025,FALSE
Toronto Raptors,2025-12-01,14,7,0.6666666666666666,2025,FALSE
Toronto Raptors,2025-12-02,14,7,0.6666666666666666,2025,FALSE
Toronto Raptors,2025-12-03,15,7,0.6818181818181818,2025,FALSE
Toronto Raptors,2025-12-04,15,7,0.6818181818181818,2025,FALSE
Toronto Raptors,2025-12-05,15,8,0.6521739130434783,2025,FALSE
Toronto Raptors,2025-12-06,46,36,0.5609756097560976,2025,FALSE
Toronto Raptors,2025-12-07,15,10,0.6,2025,FALSE
Toronto Raptors,2025-12-08,15,10,0.6,2025,FALSE
Toronto Raptors,2025-12-09,15,10,0.6,2025,FALSE
Toronto Raptors,2025-12-10,15,11,0.5769230769230769,2025,FALSE
Toronto Raptors,2025-12-11,15,11,0.5769230769230769,2025,FALSE
Toronto Raptors,2025-12-12,15,11,0.5769230769230769,2025,FALSE
Toronto Raptors,2025-12-13,15,11,0.5769230769230769,2025,FALSE
Toronto Raptors,2025-12-14,15,11,0.5769230769230769,2025,FALSE
Toronto Raptors,2025-12-15,15,11,0.5769230769230769,2025,FALSE
Toronto Raptors,2025-12-16,16,11,0.5925925925925926,2025,FALSE
Toronto Raptors,2025-12-17,16,11,0.5925925925925926,2025,FALSE
Toronto Raptors,2025-12-18,16,11,0.5925925925925926,2025,FALSE
Toronto Raptors,2025-12-19,17,11,0.6071428571428571,2025,FALSE
Toronto Raptors,2025-12-20,17,11,0.6071428571428571,2025,FALSE
Toronto Raptors,2025-12-21,17,12,0.5862068965517241,2025,FALSE
Toronto Raptors,2025-12-22,17,12,0.5862068965517241,2025,FALSE
Toronto Raptors,2025-12-23,17,12,0.5862068965517241,2025,FALSE
Toronto Raptors,2025-12-24,18,13,0.5806451612903226,2025,FALSE
Toronto Raptors,2025-12-25,18,13,0.5806451612903226,2025,FALSE
Toronto Raptors,2025-12-26,18,13,0.5806451612903226,2025,FALSE
Toronto Raptors,2025-12-27,18,14,0.5625,2025,FALSE
Toronto Raptors,2025-12-28,19,14,0.5757575757575758,2025,FALSE
Toronto Raptors,2025-12-29,19,14,0.5757575757575758,2025,FALSE
Toronto Raptors,2025-12-30,20,14,0.5882352941176471,2025,FALSE
Toronto Raptors,2025-12-31,20,14,0.5882352941176471,2025,FALSE
Toronto Raptors,2026-01-01,46,36,0.5609756097560976,2026,TRUE
Toronto Raptors,2026-01-02,46,36,0.5609756097560976,2026,TRUE
Toronto Raptors,2026-01-03,46,36,0.5609756097560976,2026,TRUE
Toronto Raptors,2026-01-04,21,15,0.5833333333333334,2026,TRUE
Toronto Raptors,2026-01-05,21,15,0.5833333333333334,2026,TRUE
Toronto Raptors,2026-01-06,22,15,0.5945945945945946,2026,TRUE
Toronto Raptors,2026-01-07,22,15,0.5945945945945946,2026,TRUE
Toronto Raptors,2026-01-08,23,15,0.6052631578947368,2026,TRUE
Toronto Raptors,2026-01-09,23,15,0.6052631578947368,2026,TRUE
Toronto Raptors,2026-01-10,23,16,0.5897435897435898,2026,TRUE
Toronto Raptors,2026-01-11,24,16,0.6,2026,TRUE
Toronto Raptors,2026-01-12,24,16,0.6,2026,TRUE
Toronto Raptors,2026-01-13,24,17,0.5853658536585366,2026,TRUE
Toronto Raptors,2026-01-14,24,17,0.5853658536585366,2026,TRUE
Toronto Raptors,2026-01-15,25,17,0.5952380952380952,2026,TRUE
Toronto Raptors,2026-01-16,25,17,0.5952380952380952,2026,TRUE
Toronto Raptors,2026-01-17,25,18,0.5813953488372093,2026,TRUE
Toronto Raptors,2026-01-18,25,18,0.5813953488372093,2026,TRUE
Toronto Raptors,2026-01-19,25,19,0.5681818181818182,2026,TRUE
Toronto Raptors,2026-01-20,25,19,0.5681818181818182,2026,TRUE
Toronto Raptors,2026-01-21,26,19,0.5777777777777777,2026,TRUE
Toronto Raptors,2026-01-22,27,19,0.5869565217391305,2026,TRUE
Toronto Raptors,2026-01-23,27,19,0.5869565217391305,2026,TRUE
Toronto Raptors,2026-01-24,28,19,0.5957446808510638,2026,TRUE
Toronto Raptors,2026-01-25,28,19,0.5957446808510638,2026,TRUE
Toronto Raptors,2026-01-26,29,19,0.6041666666666666,2026,TRUE
Toronto Raptors,2026-01-27,29,19,0.6041666666666666,2026,TRUE
Toronto Raptors,2026-01-28,29,19,0.6041666666666666,2026,TRUE
Toronto Raptors,2026-01-29,29,20,0.5918367346938775,2026,TRUE
Toronto Raptors,2026-01-30,29,20,0.5918367346938775,2026,TRUE
Toronto Raptors,2026-01-31,29,21,0.58,2026,TRUE
Toronto Raptors,2026-02-01,30,21,0.5882352941176471,2026,TRUE
Toronto Raptors,2026-02-02,30,21,0.5882352941176471,2026,TRUE
Toronto Raptors,2026-02-03,30,21,0.5882352941176471,2026,TRUE
Toronto Raptors,2026-02-04,30,21,0.5882352941176471,2026,TRUE
Toronto Raptors,2026-02-05,30,22,0.5769230769230769,2026,TRUE
Toronto Raptors,2026-02-06,31,22,0.5849056603773585,2026,TRUE
Toronto Raptors,2026-02-07,31,22,0.5849056603773585,2026,TRUE
Toronto Raptors,2026-02-08,32,22,0.5925925925925926,2026,TRUE
Toronto Raptors,2026-02-10,32,22,0.5925925925925926,2026,TRUE
Toronto Raptors,2026-02-11,32,22,0.5925925925925926,2026,TRUE
Toronto Raptors,2026-02-12,32,23,0.5818181818181818,2026,TRUE
Toronto Raptors,2026-02-13,32,23,0.5818181818181818,2026,TRUE
Toronto Raptors,2026-02-15,32,23,0.5818181818181818,2026,TRUE
Toronto Raptors,2026-02-16,32,23,0.5818181818181818,2026,TRUE
Toronto Raptors,2026-02-20,33,23,0.5892857142857143,2026,TRUE
Toronto Raptors,2026-02-21,33,23,0.5892857142857143,2026,TRUE
Toronto Raptors,2026-02-22,34,23,0.5964912280701754,2026,TRUE
Toronto Raptors,2026-02-23,34,23,0.5964912280701754,2026,TRUE
Toronto Raptors,2026-02-24,34,23,0.5964912280701754,2026,TRUE
Toronto Raptors,2026-02-25,34,24,0.5862068965517241,2026,TRUE
Toronto Raptors,2026-02-26,34,25,0.576271186440678,2026,TRUE
Toronto Raptors,2026-02-27,34,25,0.576271186440678,2026,TRUE
Toronto Raptors,2026-02-28,34,25,0.576271186440678,2026,TRUE
Toronto Raptors,2026-03-01,35,25,0.5833333333333334,2026,TRUE
Toronto Raptors,2026-03-02,35,25,0.5833333333333334,2026,TRUE
Toronto Raptors,2026-03-03,35,25,0.5833333333333334,2026,TRUE
Toronto Raptors,2026-03-04,35,26,0.5737704918032787,2026,TRUE
Toronto Raptors,2026-03-05,35,26,0.5737704918032787,2026,TRUE
Toronto Raptors,2026-03-06,35,27,0.5645161290322581,2026,TRUE
Toronto Raptors,2026-03-07,35,27,0.5645161290322581,2026,TRUE
Toronto Raptors,2026-03-08,36,27,0.5714285714285714,2026,TRUE
Toronto Raptors,2026-03-09,36,27,0.5714285714285714,2026,TRUE
Toronto Raptors,2026-03-10,36,27,0.5714285714285714,2026,TRUE
Toronto Raptors,2026-03-11,36,28,0.5625,2026,TRUE
Toronto Raptors,2026-03-12,36,29,0.5538461538461539,2026,TRUE
Toronto Raptors,2026-03-13,37,29,0.5606060606060606,2026,TRUE
Toronto Raptors,2026-03-14,37,29,0.5606060606060606,2026,TRUE
Toronto Raptors,2026-03-15,38,29,0.5671641791044776,2026,TRUE
Toronto Raptors,2026-03-16,38,29,0.5671641791044776,2026,TRUE
Toronto Raptors,2026-03-17,38,29,0.5671641791044776,2026,TRUE
Toronto Raptors,2026-03-18,38,29,0.5671641791044776,2026,TRUE
Toronto Raptors,2026-03-19,39,29,0.5735294117647058,2026,TRUE
Toronto Raptors,2026-03-20,39,29,0.5735294117647058,2026,TRUE
Toronto Raptors,2026-03-21,39,30,0.5652173913043478,2026,TRUE
Toronto Raptors,2026-03-22,39,30,0.5652173913043478,2026,TRUE
Toronto Raptors,2026-03-23,39,31,0.5571428571428572,2026,TRUE
Toronto Raptors,2026-03-24,40,31,0.5633802816901409,2026,TRUE
Toronto Raptors,2026-03-25,40,31,0.5633802816901409,2026,TRUE
Toronto Raptors,2026-03-26,40,32,0.5555555555555556,2026,TRUE
Toronto Raptors,2026-03-27,40,32,0.5555555555555556,2026,TRUE
Toronto Raptors,2026-03-28,41,32,0.5616438356164384,2026,TRUE
Toronto Raptors,2026-03-29,42,32,0.5675675675675675,2026,TRUE
Toronto Raptors,2026-03-30,42,32,0.5675675675675675,2026,TRUE
Toronto Raptors,2026-03-31,42,32,0.5675675675675675,2026,TRUE
Toronto Raptors,2026-04-01,42,33,0.56,2026,TRUE
Toronto Raptors,2026-04-02,42,34,0.5526315789473685,2026,TRUE
Toronto Raptors,2026-04-03,42,34,0.5526315789473685,2026,TRUE
Toronto Raptors,2026-04-04,43,34,0.5584415584415584,2026,TRUE
Toronto Raptors,2026-04-05,43,35,0.5512820512820513,2026,TRUE
Toronto Raptors,2026-04-06,43,35,0.5512820512820513,2026,TRUE
Toronto Raptors,2026-04-07,44,35,0.5569620253164557,2026,TRUE
Toronto Raptors,2026-04-08,44,35,0.5569620253164557,2026,TRUE
Toronto Raptors,2026-04-09,45,35,0.5625,2026,TRUE
Toronto Raptors,2026-04-10,45,36,0.5555555555555556,2026,TRUE
Toronto Raptors,2026-04-11,45,36,0.5555555555555556,2026,TRUE
Toronto Raptors,2026-04-12,46,36,0.5609756097560976,2026,TRUE
Toronto Raptors,2026-04-13,46,36,0.5609756097560976,2026,TRUE
Toronto Raptors,2026-04-14,46,36,0.5609756097560976,2026,TRUE
Toronto Raptors,2026-04-15,46,36,0.5609756097560976,2026,TRUE
Toronto Raptors,2026-04-16,46,36,0.5609756097560976,2026,TRUE
Toronto Raptors,2026-04-17,46,36,0.5609756097560976,2026,TRUE
Toronto Raptors,2026-04-18,46,36,0.5609756097560976,2026,TRUE
Toronto Raptors,2026-04-19,46,36,0.5609756097560976,2026,TRUE
Toronto Raptors,2026-04-20,46,36,0.5609756097560976,2026,TRUE
Toronto Raptors,2026-04-21,46,36,0.5609756097560976,2026,TRUE
Toronto Raptors,2026-04-22,46,36,0.5609756097560976,2026,TRUE
Toronto Raptors,2026-04-23,46,36,0.5609756097560976,2026,TRUE
Utah Jazz,2025-10-21,NA,NA,NA,2025,FALSE
Utah Jazz,2025-10-22,NA,NA,NA,2025,FALSE
Utah Jazz,2025-10-23,1,0,1,2025,FALSE
Utah Jazz,2025-10-24,1,0,1,2025,FALSE
Utah Jazz,2025-10-25,1,1,0.5,2025,FALSE
Utah Jazz,2025-10-26,1,1,0.5,2025,FALSE
Utah Jazz,2025-10-27,1,1,0.5,2025,FALSE
Utah Jazz,2025-10-28,2,1,0.6666666666666666,2025,FALSE
Utah Jazz,2025-10-29,2,1,0.6666666666666666,2025,FALSE
Utah Jazz,2025-10-30,2,2,0.5,2025,FALSE
Utah Jazz,2025-10-31,2,2,0.5,2025,FALSE
Utah Jazz,2025-11-01,2,3,0.4,2025,FALSE
Utah Jazz,2025-11-02,2,4,0.3333333333333333,2025,FALSE
Utah Jazz,2025-11-03,2,4,0.3333333333333333,2025,FALSE
Utah Jazz,2025-11-04,3,4,0.42857142857142855,2025,FALSE
Utah Jazz,2025-11-05,3,4,0.42857142857142855,2025,FALSE
Utah Jazz,2025-11-06,3,5,0.375,2025,FALSE
Utah Jazz,2025-11-07,3,5,0.375,2025,FALSE
Utah Jazz,2025-11-08,3,6,0.3333333333333333,2025,FALSE
Utah Jazz,2025-11-09,3,6,0.3333333333333333,2025,FALSE
Utah Jazz,2025-11-10,3,6,0.3333333333333333,2025,FALSE
Utah Jazz,2025-11-11,3,7,0.3,2025,FALSE
Utah Jazz,2025-11-12,4,7,0.36363636363636365,2025,FALSE
Utah Jazz,2025-11-13,4,7,0.36363636363636365,2025,FALSE
Utah Jazz,2025-11-14,4,8,0.3333333333333333,2025,FALSE
Utah Jazz,2025-11-15,4,8,0.3333333333333333,2025,FALSE
Utah Jazz,2025-11-16,4,8,0.3333333333333333,2025,FALSE
Utah Jazz,2025-11-17,5,8,0.38461538461538464,2025,FALSE
Utah Jazz,2025-11-18,5,8,0.38461538461538464,2025,FALSE
Utah Jazz,2025-11-19,5,9,0.35714285714285715,2025,FALSE
Utah Jazz,2025-11-20,5,9,0.35714285714285715,2025,FALSE
Utah Jazz,2025-11-21,5,9,0.35714285714285715,2025,FALSE
Utah Jazz,2025-11-22,5,10,0.3333333333333333,2025,FALSE
Utah Jazz,2025-11-23,5,10,0.3333333333333333,2025,FALSE
Utah Jazz,2025-11-24,5,11,0.3125,2025,FALSE
Utah Jazz,2025-11-25,5,12,0.29411764705882354,2025,FALSE
Utah Jazz,2025-11-26,5,12,0.29411764705882354,2025,FALSE
Utah Jazz,2025-11-27,5,12,0.29411764705882354,2025,FALSE
Utah Jazz,2025-11-29,6,12,0.3333333333333333,2025,FALSE
Utah Jazz,2025-11-30,6,13,0.3157894736842105,2025,FALSE
Utah Jazz,2025-12-01,6,13,0.3157894736842105,2025,FALSE
Utah Jazz,2025-12-02,7,13,0.35,2025,FALSE
Utah Jazz,2025-12-03,7,13,0.35,2025,FALSE
Utah Jazz,2025-12-04,7,13,0.35,2025,FALSE
Utah Jazz,2025-12-05,8,13,0.38095238095238093,2025,FALSE
Utah Jazz,2025-12-06,8,14,0.36363636363636365,2025,FALSE
Utah Jazz,2025-12-07,8,14,0.36363636363636365,2025,FALSE
Utah Jazz,2025-12-08,8,15,0.34782608695652173,2025,FALSE
Utah Jazz,2025-12-09,8,15,0.34782608695652173,2025,FALSE
Utah Jazz,2025-12-10,8,15,0.34782608695652173,2025,FALSE
Utah Jazz,2025-12-11,8,15,0.34782608695652173,2025,FALSE
Utah Jazz,2025-12-12,8,15,0.34782608695652173,2025,FALSE
Utah Jazz,2025-12-13,9,15,0.375,2025,FALSE
Utah Jazz,2025-12-14,9,15,0.375,2025,FALSE
Utah Jazz,2025-12-15,9,15,0.375,2025,FALSE
Utah Jazz,2025-12-16,10,15,0.4,2025,FALSE
Utah Jazz,2025-12-17,10,15,0.4,2025,FALSE
Utah Jazz,2025-12-18,10,15,0.4,2025,FALSE
Utah Jazz,2025-12-19,10,16,0.38461538461538464,2025,FALSE
Utah Jazz,2025-12-20,10,16,0.38461538461538464,2025,FALSE
Utah Jazz,2025-12-21,10,17,0.37037037037037035,2025,FALSE
Utah Jazz,2025-12-22,10,17,0.37037037037037035,2025,FALSE
Utah Jazz,2025-12-23,10,18,0.35714285714285715,2025,FALSE
Utah Jazz,2025-12-24,10,19,0.3448275862068966,2025,FALSE
Utah Jazz,2025-12-25,10,19,0.3448275862068966,2025,FALSE
Utah Jazz,2025-12-26,10,19,0.3448275862068966,2025,FALSE
Utah Jazz,2025-12-27,11,19,0.36666666666666664,2025,FALSE
Utah Jazz,2025-12-28,12,19,0.3870967741935484,2025,FALSE
Utah Jazz,2025-12-29,12,19,0.3870967741935484,2025,FALSE
Utah Jazz,2025-12-30,12,19,0.3870967741935484,2025,FALSE
Utah Jazz,2025-12-31,12,20,0.375,2025,FALSE
Utah Jazz,2026-01-01,12,20,0.375,2026,FALSE
Utah Jazz,2026-01-02,12,21,0.36363636363636365,2026,FALSE
Utah Jazz,2026-01-03,12,21,0.36363636363636365,2026,FALSE
Utah Jazz,2026-01-04,12,22,0.35294117647058826,2026,FALSE
Utah Jazz,2026-01-05,12,22,0.35294117647058826,2026,FALSE
Utah Jazz,2026-01-06,12,23,0.34285714285714286,2026,FALSE
Utah Jazz,2026-01-07,12,23,0.34285714285714286,2026,FALSE
Utah Jazz,2026-01-08,12,24,0.3333333333333333,2026,FALSE
Utah Jazz,2026-01-09,13,24,0.35135135135135137,2026,FALSE
Utah Jazz,2026-01-10,13,24,0.35135135135135137,2026,FALSE
Utah Jazz,2026-01-11,13,25,0.34210526315789475,2026,FALSE
Utah Jazz,2026-01-12,13,25,0.34210526315789475,2026,FALSE
Utah Jazz,2026-01-13,14,25,0.358974358974359,2026,FALSE
Utah Jazz,2026-01-14,14,25,0.358974358974359,2026,FALSE
Utah Jazz,2026-01-15,14,26,0.35,2026,FALSE
Utah Jazz,2026-01-16,14,27,0.34146341463414637,2026,FALSE
Utah Jazz,2026-01-17,14,28,0.3333333333333333,2026,FALSE
Utah Jazz,2026-01-18,14,28,0.3333333333333333,2026,FALSE
Utah Jazz,2026-01-19,14,29,0.32558139534883723,2026,FALSE
Utah Jazz,2026-01-20,14,29,0.32558139534883723,2026,FALSE
Utah Jazz,2026-01-21,15,29,0.3409090909090909,2026,FALSE
Utah Jazz,2026-01-22,15,29,0.3409090909090909,2026,FALSE
Utah Jazz,2026-01-23,15,30,0.3333333333333333,2026,FALSE
Utah Jazz,2026-01-24,15,30,0.3333333333333333,2026,FALSE
Utah Jazz,2026-01-25,15,31,0.32608695652173914,2026,FALSE
Utah Jazz,2026-01-26,15,31,0.32608695652173914,2026,FALSE
Utah Jazz,2026-01-27,15,31,0.32608695652173914,2026,FALSE
Utah Jazz,2026-01-28,15,32,0.3191489361702128,2026,FALSE
Utah Jazz,2026-01-29,15,33,0.3125,2026,FALSE
Utah Jazz,2026-01-30,15,33,0.3125,2026,FALSE
Utah Jazz,2026-01-31,15,34,0.30612244897959184,2026,FALSE
Utah Jazz,2026-02-01,15,35,0.3,2026,FALSE
Utah Jazz,2026-02-02,15,35,0.3,2026,FALSE
Utah Jazz,2026-02-03,15,35,0.3,2026,FALSE
Utah Jazz,2026-02-04,16,35,0.3137254901960784,2026,FALSE
Utah Jazz,2026-02-05,16,35,0.3137254901960784,2026,FALSE
Utah Jazz,2026-02-06,16,36,0.3076923076923077,2026,FALSE
Utah Jazz,2026-02-07,16,36,0.3076923076923077,2026,FALSE
Utah Jazz,2026-02-08,16,37,0.3018867924528302,2026,FALSE
Utah Jazz,2026-02-10,17,37,0.3148148148148148,2026,FALSE
Utah Jazz,2026-02-11,17,37,0.3148148148148148,2026,FALSE
Utah Jazz,2026-02-12,18,37,0.32727272727272727,2026,FALSE
Utah Jazz,2026-02-13,18,38,0.32142857142857145,2026,FALSE
Utah Jazz,2026-02-15,18,38,0.32142857142857145,2026,FALSE
Utah Jazz,2026-02-16,18,38,0.32142857142857145,2026,FALSE
Utah Jazz,2026-02-20,18,38,0.32142857142857145,2026,FALSE
Utah Jazz,2026-02-21,18,39,0.3157894736842105,2026,FALSE
Utah Jazz,2026-02-22,18,39,0.3157894736842105,2026,FALSE
Utah Jazz,2026-02-23,18,39,0.3157894736842105,2026,FALSE
Utah Jazz,2026-02-24,18,40,0.3103448275862069,2026,FALSE
Utah Jazz,2026-02-25,18,40,0.3103448275862069,2026,FALSE
Utah Jazz,2026-02-26,18,40,0.3103448275862069,2026,FALSE
Utah Jazz,2026-02-27,18,41,0.3050847457627119,2026,FALSE
Utah Jazz,2026-02-28,18,41,0.3050847457627119,2026,FALSE
Utah Jazz,2026-03-01,18,42,0.3,2026,FALSE
Utah Jazz,2026-03-02,18,42,0.3,2026,FALSE
Utah Jazz,2026-03-03,18,43,0.29508196721311475,2026,FALSE
Utah Jazz,2026-03-04,18,43,0.29508196721311475,2026,FALSE
Utah Jazz,2026-03-05,18,44,0.2903225806451613,2026,FALSE
Utah Jazz,2026-03-06,19,44,0.30158730158730157,2026,FALSE
Utah Jazz,2026-03-07,19,44,0.30158730158730157,2026,FALSE
Utah Jazz,2026-03-08,19,45,0.296875,2026,FALSE
Utah Jazz,2026-03-09,19,45,0.296875,2026,FALSE
Utah Jazz,2026-03-10,20,45,0.3076923076923077,2026,FALSE
Utah Jazz,2026-03-11,20,45,0.3076923076923077,2026,FALSE
Utah Jazz,2026-03-12,20,46,0.30303030303030304,2026,FALSE
Utah Jazz,2026-03-13,20,46,0.30303030303030304,2026,FALSE
Utah Jazz,2026-03-14,20,47,0.29850746268656714,2026,FALSE
Utah Jazz,2026-03-15,20,47,0.29850746268656714,2026,FALSE
Utah Jazz,2026-03-16,20,48,0.29411764705882354,2026,FALSE
Utah Jazz,2026-03-17,20,48,0.29411764705882354,2026,FALSE
Utah Jazz,2026-03-18,20,48,0.29411764705882354,2026,FALSE
Utah Jazz,2026-03-19,20,49,0.2898550724637681,2026,FALSE
Utah Jazz,2026-03-20,21,49,0.3,2026,FALSE
Utah Jazz,2026-03-21,21,49,0.3,2026,FALSE
Utah Jazz,2026-03-22,21,50,0.29577464788732394,2026,FALSE
Utah Jazz,2026-03-23,21,50,0.29577464788732394,2026,FALSE
Utah Jazz,2026-03-24,21,51,0.2916666666666667,2026,FALSE
Utah Jazz,2026-03-25,21,51,0.2916666666666667,2026,FALSE
Utah Jazz,2026-03-26,21,52,0.2876712328767123,2026,FALSE
Utah Jazz,2026-03-27,21,52,0.2876712328767123,2026,FALSE
Utah Jazz,2026-03-28,21,53,0.28378378378378377,2026,FALSE
Utah Jazz,2026-03-29,21,54,0.28,2026,FALSE
Utah Jazz,2026-03-30,21,54,0.28,2026,FALSE
Utah Jazz,2026-03-31,21,55,0.27631578947368424,2026,FALSE
Utah Jazz,2026-04-01,21,55,0.27631578947368424,2026,FALSE
Utah Jazz,2026-04-02,21,56,0.2727272727272727,2026,FALSE
Utah Jazz,2026-04-03,21,56,0.2727272727272727,2026,FALSE
Utah Jazz,2026-04-04,21,57,0.2692307692307692,2026,FALSE
Utah Jazz,2026-04-05,21,58,0.26582278481012656,2026,FALSE
Utah Jazz,2026-04-06,21,58,0.26582278481012656,2026,FALSE
Utah Jazz,2026-04-07,21,58,0.26582278481012656,2026,FALSE
Utah Jazz,2026-04-08,21,59,0.2625,2026,FALSE
Utah Jazz,2026-04-09,21,59,0.2625,2026,FALSE
Utah Jazz,2026-04-10,21,59,0.2625,2026,FALSE
Utah Jazz,2026-04-11,22,59,0.2716049382716049,2026,FALSE
Utah Jazz,2026-04-12,22,59,0.2716049382716049,2026,FALSE
Utah Jazz,2026-04-13,22,60,0.2682926829268293,2026,FALSE
Utah Jazz,2026-04-14,22,60,0.2682926829268293,2026,FALSE
Utah Jazz,2026-04-15,22,60,0.2682926829268293,2026,FALSE
Utah Jazz,2026-04-16,22,60,0.2682926829268293,2026,FALSE
Utah Jazz,2026-04-17,22,60,0.2682926829268293,2026,FALSE
Utah Jazz,2026-04-18,22,60,0.2682926829268293,2026,FALSE
Utah Jazz,2026-04-19,22,60,0.2682926829268293,2026,FALSE
Utah Jazz,2026-04-20,22,60,0.2682926829268293,2026,FALSE
Utah Jazz,2026-04-21,22,60,0.2682926829268293,2026,FALSE
Utah Jazz,2026-04-22,22,60,0.2682926829268293,2026,FALSE
Utah Jazz,2026-04-23,22,60,0.2682926829268293,2026,FALSE
Washington Wizards,2025-10-21,NA,NA,NA,2025,FALSE
Washington Wizards,2025-10-22,NA,NA,NA,2025,FALSE
Washington Wizards,2025-10-23,0,1,0,2025,FALSE
Washington Wizards,2025-10-24,0,1,0,2025,FALSE
Washington Wizards,2025-10-25,1,1,0.5,2025,FALSE
Washington Wizards,2025-10-26,1,2,0.3333333333333333,2025,FALSE
Washington Wizards,2025-10-27,1,2,0.3333333333333333,2025,FALSE
Washington Wizards,2025-10-28,1,3,0.25,2025,FALSE
Washington Wizards,2025-10-29,1,3,0.25,2025,FALSE
Washington Wizards,2025-10-30,1,3,0.25,2025,FALSE
Washington Wizards,2025-10-31,1,4,0.2,2025,FALSE
Washington Wizards,2025-11-01,1,5,0.16666666666666666,2025,FALSE
Washington Wizards,2025-11-02,1,5,0.16666666666666666,2025,FALSE
Washington Wizards,2025-11-03,1,5,0.16666666666666666,2025,FALSE
Washington Wizards,2025-11-04,1,6,0.14285714285714285,2025,FALSE
Washington Wizards,2025-11-05,1,6,0.14285714285714285,2025,FALSE
Washington Wizards,2025-11-06,1,7,0.125,2025,FALSE
Washington Wizards,2025-11-07,1,7,0.125,2025,FALSE
Washington Wizards,2025-11-08,1,8,0.1111111111111111,2025,FALSE
Washington Wizards,2025-11-09,1,9,0.1,2025,FALSE
Washington Wizards,2025-11-10,1,9,0.1,2025,FALSE
Washington Wizards,2025-11-11,1,10,0.09090909090909091,2025,FALSE
Washington Wizards,2025-11-12,1,10,0.09090909090909091,2025,FALSE
Washington Wizards,2025-11-13,1,11,0.08333333333333333,2025,FALSE
Washington Wizards,2025-11-14,1,11,0.08333333333333333,2025,FALSE
Washington Wizards,2025-11-15,1,11,0.08333333333333333,2025,FALSE
Washington Wizards,2025-11-16,1,12,0.07692307692307693,2025,FALSE
Washington Wizards,2025-11-17,1,12,0.07692307692307693,2025,FALSE
Washington Wizards,2025-11-18,1,12,0.07692307692307693,2025,FALSE
Washington Wizards,2025-11-19,1,12,0.07692307692307693,2025,FALSE
Washington Wizards,2025-11-20,1,13,0.07142857142857142,2025,FALSE
Washington Wizards,2025-11-21,1,13,0.07142857142857142,2025,FALSE
Washington Wizards,2025-11-22,1,14,0.06666666666666667,2025,FALSE
Washington Wizards,2025-11-23,1,15,0.0625,2025,FALSE
Washington Wizards,2025-11-24,1,15,0.0625,2025,FALSE
Washington Wizards,2025-11-25,1,15,0.0625,2025,FALSE
Washington Wizards,2025-11-26,2,15,0.11764705882352941,2025,FALSE
Washington Wizards,2025-11-27,2,15,0.11764705882352941,2025,FALSE
Washington Wizards,2025-11-29,2,16,0.1111111111111111,2025,FALSE
Washington Wizards,2025-11-30,2,16,0.1111111111111111,2025,FALSE
Washington Wizards,2025-12-01,2,16,0.1111111111111111,2025,FALSE
Washington Wizards,2025-12-02,3,16,0.15789473684210525,2025,FALSE
Washington Wizards,2025-12-03,3,17,0.15,2025,FALSE
Washington Wizards,2025-12-04,3,17,0.15,2025,FALSE
Washington Wizards,2025-12-05,3,18,0.14285714285714285,2025,FALSE
Washington Wizards,2025-12-06,3,18,0.14285714285714285,2025,FALSE
Washington Wizards,2025-12-07,3,19,0.13636363636363635,2025,FALSE
Washington Wizards,2025-12-08,3,19,0.13636363636363635,2025,FALSE
Washington Wizards,2025-12-09,3,19,0.13636363636363635,2025,FALSE
Washington Wizards,2025-12-10,3,19,0.13636363636363635,2025,FALSE
Washington Wizards,2025-12-11,3,19,0.13636363636363635,2025,FALSE
Washington Wizards,2025-12-12,3,19,0.13636363636363635,2025,FALSE
Washington Wizards,2025-12-13,3,20,0.13043478260869565,2025,FALSE
Washington Wizards,2025-12-14,4,20,0.16666666666666666,2025,FALSE
Washington Wizards,2025-12-15,4,20,0.16666666666666666,2025,FALSE
Washington Wizards,2025-12-16,4,20,0.16666666666666666,2025,FALSE
Washington Wizards,2025-12-17,4,20,0.16666666666666666,2025,FALSE
Washington Wizards,2025-12-18,4,20,0.16666666666666666,2025,FALSE
Washington Wizards,2025-12-19,4,21,0.16,2025,FALSE
Washington Wizards,2025-12-20,4,21,0.16,2025,FALSE
Washington Wizards,2025-12-21,5,21,0.19230769230769232,2025,FALSE
Washington Wizards,2025-12-22,5,22,0.18518518518518517,2025,FALSE
Washington Wizards,2025-12-23,5,22,0.18518518518518517,2025,FALSE
Washington Wizards,2025-12-24,5,23,0.17857142857142858,2025,FALSE
Washington Wizards,2025-12-25,5,23,0.17857142857142858,2025,FALSE
Washington Wizards,2025-12-26,5,23,0.17857142857142858,2025,FALSE
Washington Wizards,2025-12-27,6,23,0.20689655172413793,2025,FALSE
Washington Wizards,2025-12-28,7,23,0.23333333333333334,2025,FALSE
Washington Wizards,2025-12-29,7,23,0.23333333333333334,2025,FALSE
Washington Wizards,2025-12-30,7,24,0.22580645161290322,2025,FALSE
Washington Wizards,2025-12-31,7,24,0.22580645161290322,2025,FALSE
Washington Wizards,2026-01-01,8,24,0.25,2026,FALSE
Washington Wizards,2026-01-02,8,24,0.25,2026,FALSE
Washington Wizards,2026-01-03,9,24,0.2727272727272727,2026,FALSE
Washington Wizards,2026-01-04,9,25,0.2647058823529412,2026,FALSE
Washington Wizards,2026-01-05,9,25,0.2647058823529412,2026,FALSE
Washington Wizards,2026-01-06,9,25,0.2647058823529412,2026,FALSE
Washington Wizards,2026-01-07,10,25,0.2857142857142857,2026,FALSE
Washington Wizards,2026-01-08,10,26,0.2777777777777778,2026,FALSE
Washington Wizards,2026-01-09,10,26,0.2777777777777778,2026,FALSE
Washington Wizards,2026-01-10,10,27,0.2702702702702703,2026,FALSE
Washington Wizards,2026-01-11,10,27,0.2702702702702703,2026,FALSE
Washington Wizards,2026-01-12,10,28,0.2631578947368421,2026,FALSE
Washington Wizards,2026-01-13,10,28,0.2631578947368421,2026,FALSE
Washington Wizards,2026-01-14,10,28,0.2631578947368421,2026,FALSE
Washington Wizards,2026-01-15,10,29,0.2564102564102564,2026,FALSE
Washington Wizards,2026-01-16,10,29,0.2564102564102564,2026,FALSE
Washington Wizards,2026-01-17,10,30,0.25,2026,FALSE
Washington Wizards,2026-01-18,10,31,0.24390243902439024,2026,FALSE
Washington Wizards,2026-01-19,10,32,0.23809523809523808,2026,FALSE
Washington Wizards,2026-01-20,10,32,0.23809523809523808,2026,FALSE
Washington Wizards,2026-01-21,10,32,0.23809523809523808,2026,FALSE
Washington Wizards,2026-01-22,10,32,0.23809523809523808,2026,FALSE
Washington Wizards,2026-01-23,10,33,0.23255813953488372,2026,FALSE
Washington Wizards,2026-01-24,10,34,0.22727272727272727,2026,FALSE
Washington Wizards,2026-01-25,10,34,0.22727272727272727,2026,FALSE
Washington Wizards,2026-01-26,10,34,0.22727272727272727,2026,FALSE
Washington Wizards,2026-01-27,10,34,0.22727272727272727,2026,FALSE
Washington Wizards,2026-01-28,11,34,0.24444444444444444,2026,FALSE
Washington Wizards,2026-01-29,11,34,0.24444444444444444,2026,FALSE
Washington Wizards,2026-01-30,12,34,0.2608695652173913,2026,FALSE
Washington Wizards,2026-01-31,12,35,0.2553191489361702,2026,FALSE
Washington Wizards,2026-02-01,13,35,0.2708333333333333,2026,FALSE
Washington Wizards,2026-02-02,13,35,0.2708333333333333,2026,FALSE
Washington Wizards,2026-02-03,13,35,0.2708333333333333,2026,FALSE
Washington Wizards,2026-02-04,13,36,0.2653061224489796,2026,FALSE
Washington Wizards,2026-02-05,13,36,0.2653061224489796,2026,FALSE
Washington Wizards,2026-02-06,14,36,0.28,2026,FALSE
Washington Wizards,2026-02-07,14,37,0.27450980392156865,2026,FALSE
Washington Wizards,2026-02-08,14,38,0.2692307692307692,2026,FALSE
Washington Wizards,2026-02-10,14,38,0.2692307692307692,2026,FALSE
Washington Wizards,2026-02-11,14,38,0.2692307692307692,2026,FALSE
Washington Wizards,2026-02-12,14,39,0.2641509433962264,2026,FALSE
Washington Wizards,2026-02-13,14,39,0.2641509433962264,2026,FALSE
Washington Wizards,2026-02-15,14,39,0.2641509433962264,2026,FALSE
Washington Wizards,2026-02-16,14,39,0.2641509433962264,2026,FALSE
Washington Wizards,2026-02-20,15,39,0.2777777777777778,2026,FALSE
Washington Wizards,2026-02-21,16,39,0.2909090909090909,2026,FALSE
Washington Wizards,2026-02-22,16,40,0.2857142857142857,2026,FALSE
Washington Wizards,2026-02-23,16,40,0.2857142857142857,2026,FALSE
Washington Wizards,2026-02-24,16,40,0.2857142857142857,2026,FALSE
Washington Wizards,2026-02-25,16,41,0.2807017543859649,2026,FALSE
Washington Wizards,2026-02-26,16,41,0.2807017543859649,2026,FALSE
Washington Wizards,2026-02-27,16,42,0.27586206896551724,2026,FALSE
Washington Wizards,2026-02-28,16,42,0.27586206896551724,2026,FALSE
Washington Wizards,2026-03-01,16,43,0.2711864406779661,2026,FALSE
Washington Wizards,2026-03-02,16,43,0.2711864406779661,2026,FALSE
Washington Wizards,2026-03-03,16,44,0.26666666666666666,2026,FALSE
Washington Wizards,2026-03-04,16,45,0.26229508196721313,2026,FALSE
Washington Wizards,2026-03-05,16,45,0.26229508196721313,2026,FALSE
Washington Wizards,2026-03-06,16,46,0.25806451612903225,2026,FALSE
Washington Wizards,2026-03-07,16,46,0.25806451612903225,2026,FALSE
Washington Wizards,2026-03-08,16,47,0.25396825396825395,2026,FALSE
Washington Wizards,2026-03-09,16,47,0.25396825396825395,2026,FALSE
Washington Wizards,2026-03-10,16,48,0.25,2026,FALSE
Washington Wizards,2026-03-11,16,48,0.25,2026,FALSE
Washington Wizards,2026-03-12,16,49,0.24615384615384617,2026,FALSE
Washington Wizards,2026-03-13,16,49,0.24615384615384617,2026,FALSE
Washington Wizards,2026-03-14,16,50,0.24242424242424243,2026,FALSE
Washington Wizards,2026-03-15,16,50,0.24242424242424243,2026,FALSE
Washington Wizards,2026-03-16,16,51,0.23880597014925373,2026,FALSE
Washington Wizards,2026-03-17,16,52,0.23529411764705882,2026,FALSE
Washington Wizards,2026-03-18,16,52,0.23529411764705882,2026,FALSE
Washington Wizards,2026-03-19,16,53,0.2318840579710145,2026,FALSE
Washington Wizards,2026-03-20,16,53,0.2318840579710145,2026,FALSE
Washington Wizards,2026-03-21,16,54,0.22857142857142856,2026,FALSE
Washington Wizards,2026-03-22,16,55,0.22535211267605634,2026,FALSE
Washington Wizards,2026-03-23,16,55,0.22535211267605634,2026,FALSE
Washington Wizards,2026-03-24,16,55,0.22535211267605634,2026,FALSE
Washington Wizards,2026-03-25,16,55,0.22535211267605634,2026,FALSE
Washington Wizards,2026-03-26,17,55,0.2361111111111111,2026,FALSE
Washington Wizards,2026-03-27,17,55,0.2361111111111111,2026,FALSE
Washington Wizards,2026-03-28,17,56,0.2328767123287671,2026,FALSE
Washington Wizards,2026-03-29,17,57,0.22972972972972974,2026,FALSE
Washington Wizards,2026-03-30,17,57,0.22972972972972974,2026,FALSE
Washington Wizards,2026-03-31,17,58,0.22666666666666666,2026,FALSE
Washington Wizards,2026-04-01,17,59,0.2236842105263158,2026,FALSE
Washington Wizards,2026-04-02,17,59,0.2236842105263158,2026,FALSE
Washington Wizards,2026-04-03,17,59,0.2236842105263158,2026,FALSE
Washington Wizards,2026-04-04,17,60,0.22077922077922077,2026,FALSE
Washington Wizards,2026-04-05,17,61,0.21794871794871795,2026,FALSE
Washington Wizards,2026-04-06,17,61,0.21794871794871795,2026,FALSE
Washington Wizards,2026-04-07,17,62,0.21518987341772153,2026,FALSE
Washington Wizards,2026-04-08,17,62,0.21518987341772153,2026,FALSE
Washington Wizards,2026-04-09,17,63,0.2125,2026,FALSE
Washington Wizards,2026-04-10,17,64,0.20987654320987653,2026,FALSE
Washington Wizards,2026-04-11,17,64,0.20987654320987653,2026,FALSE
Washington Wizards,2026-04-12,17,65,0.2073170731707317,2026,FALSE
Washington Wizards,2026-04-13,17,65,0.2073170731707317,2026,FALSE
Washington Wizards,2026-04-14,17,65,0.2073170731707317,2026,FALSE
Washington Wizards,2026-04-15,17,65,0.2073170731707317,2026,FALSE
Washington Wizards,2026-04-16,17,65,0.2073170731707317,2026,FALSE
Washington Wizards,2026-04-17,17,65,0.2073170731707317,2026,FALSE
Washington Wizards,2026-04-18,17,65,0.2073170731707317,2026,FALSE
Washington Wizards,2026-04-19,17,65,0.2073170731707317,2026,FALSE
Washington Wizards,2026-04-20,17,65,0.2073170731707317,2026,FALSE
Washington Wizards,2026-04-21,17,65,0.2073170731707317,2026,FALSE
Washington Wizards,2026-04-22,17,65,0.2073170731707317,2026,FALSE
Washington Wizards,2026-04-23,17,65,0.2073170731707317,2026,FALSE
World,2025-10-21,NA,NA,NA,2025,NA
World,2025-10-22,NA,NA,NA,2025,NA
World,2025-10-23,NA,NA,NA,2025,NA
World,2025-10-24,NA,NA,NA,2025,NA
World,2025-10-25,NA,NA,NA,2025,NA
World,2025-10-26,NA,NA,NA,2025,NA
World,2025-10-27,NA,NA,NA,2025,NA
World,2025-10-28,NA,NA,NA,2025,NA
World,2025-10-29,NA,NA,NA,2025,NA
World,2025-10-30,NA,NA,NA,2025,NA
World,2025-10-31,NA,NA,NA,2025,NA
World,2025-11-01,NA,NA,NA,2025,NA
World,2025-11-02,NA,NA,NA,2025,NA
World,2025-11-03,NA,NA,NA,2025,NA
World,2025-11-04,NA,NA,NA,2025,NA
World,2025-11-05,NA,NA,NA,2025,NA
World,2025-11-06,NA,NA,NA,2025,NA
World,2025-11-07,NA,NA,NA,2025,NA
World,2025-11-08,NA,NA,NA,2025,NA
World,2025-11-09,NA,NA,NA,2025,NA
World,2025-11-10,NA,NA,NA,2025,NA
World,2025-11-11,NA,NA,NA,2025,NA
World,2025-11-12,NA,NA,NA,2025,NA
World,2025-11-13,NA,NA,NA,2025,NA
World,2025-11-14,NA,NA,NA,2025,NA
World,2025-11-15,NA,NA,NA,2025,NA
World,2025-11-16,NA,NA,NA,2025,NA
World,2025-11-17,NA,NA,NA,2025,NA
World,2025-11-18,NA,NA,NA,2025,NA
World,2025-11-19,NA,NA,NA,2025,NA
World,2025-11-20,NA,NA,NA,2025,NA
World,2025-11-21,NA,NA,NA,2025,NA
World,2025-11-22,NA,NA,NA,2025,NA
World,2025-11-23,NA,NA,NA,2025,NA
World,2025-11-24,NA,NA,NA,2025,NA
World,2025-11-25,NA,NA,NA,2025,NA
World,2025-11-26,NA,NA,NA,2025,NA
World,2025-11-27,NA,NA,NA,2025,NA
World,2025-11-29,NA,NA,NA,2025,NA
World,2025-11-30,NA,NA,NA,2025,NA
World,2025-12-01,NA,NA,NA,2025,NA
World,2025-12-02,NA,NA,NA,2025,NA
World,2025-12-03,NA,NA,NA,2025,NA
World,2025-12-04,NA,NA,NA,2025,NA
World,2025-12-05,NA,NA,NA,2025,NA
World,2025-12-06,NA,NA,NA,2025,NA
World,2025-12-07,NA,NA,NA,2025,NA
World,2025-12-08,NA,NA,NA,2025,NA
World,2025-12-09,NA,NA,NA,2025,NA
World,2025-12-10,NA,NA,NA,2025,NA
World,2025-12-11,NA,NA,NA,2025,NA
World,2025-12-12,NA,NA,NA,2025,NA
World,2025-12-13,NA,NA,NA,2025,NA
World,2025-12-14,NA,NA,NA,2025,NA
World,2025-12-15,NA,NA,NA,2025,NA
World,2025-12-16,NA,NA,NA,2025,NA
World,2025-12-17,NA,NA,NA,2025,NA
World,2025-12-18,NA,NA,NA,2025,NA
World,2025-12-19,NA,NA,NA,2025,NA
World,2025-12-20,NA,NA,NA,2025,NA
World,2025-12-21,NA,NA,NA,2025,NA
World,2025-12-22,NA,NA,NA,2025,NA
World,2025-12-23,NA,NA,NA,2025,NA
World,2025-12-24,NA,NA,NA,2025,NA
World,2025-12-25,NA,NA,NA,2025,NA
World,2025-12-26,NA,NA,NA,2025,NA
World,2025-12-27,NA,NA,NA,2025,NA
World,2025-12-28,NA,NA,NA,2025,NA
World,2025-12-29,NA,NA,NA,2025,NA
World,2025-12-30,NA,NA,NA,2025,NA
World,2025-12-31,NA,NA,NA,2025,NA
World,2026-01-01,NA,NA,NA,2026,NA
World,2026-01-02,NA,NA,NA,2026,NA
World,2026-01-03,NA,NA,NA,2026,NA
World,2026-01-04,NA,NA,NA,2026,NA
World,2026-01-05,NA,NA,NA,2026,NA
World,2026-01-06,NA,NA,NA,2026,NA
World,2026-01-07,NA,NA,NA,2026,NA
World,2026-01-08,NA,NA,NA,2026,NA
World,2026-01-09,NA,NA,NA,2026,NA
World,2026-01-10,NA,NA,NA,2026,NA
World,2026-01-11,NA,NA,NA,2026,NA
World,2026-01-12,NA,NA,NA,2026,NA
World,2026-01-13,NA,NA,NA,2026,NA
World,2026-01-14,NA,NA,NA,2026,NA
World,2026-01-15,NA,NA,NA,2026,NA
World,2026-01-16,NA,NA,NA,2026,NA
World,2026-01-17,NA,NA,NA,2026,NA
World,2026-01-18,NA,NA,NA,2026,NA
World,2026-01-19,NA,NA,NA,2026,NA
World,2026-01-20,NA,NA,NA,2026,NA
World,2026-01-21,NA,NA,NA,2026,NA
World,2026-01-22,NA,NA,NA,2026,NA
World,2026-01-23,NA,NA,NA,2026,NA
World,2026-01-24,NA,NA,NA,2026,NA
World,2026-01-25,NA,NA,NA,2026,NA
World,2026-01-26,NA,NA,NA,2026,NA
World,2026-01-27,NA,NA,NA,2026,NA
World,2026-01-28,NA,NA,NA,2026,NA
World,2026-01-29,NA,NA,NA,2026,NA
World,2026-01-30,NA,NA,NA,2026,NA
World,2026-01-31,NA,NA,NA,2026,NA
World,2026-02-01,NA,NA,NA,2026,NA
World,2026-02-02,NA,NA,NA,2026,NA
World,2026-02-03,NA,NA,NA,2026,NA
World,2026-02-04,NA,NA,NA,2026,NA
World,2026-02-05,NA,NA,NA,2026,NA
World,2026-02-06,NA,NA,NA,2026,NA
World,2026-02-07,NA,NA,NA,2026,NA
World,2026-02-08,NA,NA,NA,2026,NA
World,2026-02-10,NA,NA,NA,2026,NA
World,2026-02-11,NA,NA,NA,2026,NA
World,2026-02-12,NA,NA,NA,2026,NA
World,2026-02-13,NA,NA,NA,2026,NA
World,2026-02-15,0,0,NA,2026,NA
World,2026-02-16,0,0,NA,2026,NA
World,2026-02-20,0,0,NA,2026,NA
World,2026-02-21,0,0,NA,2026,NA
World,2026-02-22,0,0,NA,2026,NA
World,2026-02-23,0,0,NA,2026,NA
World,2026-02-24,0,0,NA,2026,NA
World,2026-02-25,0,0,NA,2026,NA
World,2026-02-26,0,0,NA,2026,NA
World,2026-02-27,0,0,NA,2026,NA
World,2026-02-28,0,0,NA,2026,NA
World,2026-03-01,0,0,NA,2026,NA
World,2026-03-02,0,0,NA,2026,NA
World,2026-03-03,0,0,NA,2026,NA
World,2026-03-04,0,0,NA,2026,NA
World,2026-03-05,0,0,NA,2026,NA
World,2026-03-06,0,0,NA,2026,NA
World,2026-03-07,0,0,NA,2026,NA
World,2026-03-08,0,0,NA,2026,NA
World,2026-03-09,0,0,NA,2026,NA
World,2026-03-10,0,0,NA,2026,NA
World,2026-03-11,0,0,NA,2026,NA
World,2026-03-12,0,0,NA,2026,NA
World,2026-03-13,0,0,NA,2026,NA
World,2026-03-14,0,0,NA,2026,NA
World,2026-03-15,0,0,NA,2026,NA
World,2026-03-16,0,0,NA,2026,NA
World,2026-03-17,0,0,NA,2026,NA
World,2026-03-18,0,0,NA,2026,NA
World,2026-03-19,0,0,NA,2026,NA
World,2026-03-20,0,0,NA,2026,NA
World,2026-03-21,0,0,NA,2026,NA
World,2026-03-22,0,0,NA,2026,NA
World,2026-03-23,0,0,NA,2026,NA
World,2026-03-24,0,0,NA,2026,NA
World,2026-03-25,0,0,NA,2026,NA
World,2026-03-26,0,0,NA,2026,NA
World,2026-03-27,0,0,NA,2026,NA
World,2026-03-28,0,0,NA,2026,NA
World,2026-03-29,0,0,NA,2026,NA
World,2026-03-30,0,0,NA,2026,NA
World,2026-03-31,0,0,NA,2026,NA
World,2026-04-01,0,0,NA,2026,NA
World,2026-04-02,0,0,NA,2026,NA
World,2026-04-03,0,0,NA,2026,NA
World,2026-04-04,0,0,NA,2026,NA
World,2026-04-05,0,0,NA,2026,NA
World,2026-04-06,0,0,NA,2026,NA
World,2026-04-07,0,0,NA,2026,NA
World,2026-04-08,0,0,NA,2026,NA
World,2026-04-09,0,0,NA,2026,NA
World,2026-04-10,0,0,NA,2026,NA
World,2026-04-11,0,0,NA,2026,NA
World,2026-04-12,0,0,NA,2026,NA
World,2026-04-13,0,0,NA,2026,NA
World,2026-04-14,0,0,NA,2026,NA
World,2026-04-15,0,0,NA,2026,NA
World,2026-04-16,0,0,NA,2026,NA
World,2026-04-17,0,0,NA,2026,NA
World,2026-04-18,0,0,NA,2026,NA
World,2026-04-19,0,0,NA,2026,NA
World,2026-04-20,0,0,NA,2026,NA
World,2026-04-21,0,0,NA,2026,NA
World,2026-04-22,0,0,NA,2026,NA
World,2026-04-23,0,0,NA,2026,NA
